vader_neg,vader_neu,vader_pos,vader_compound,roberta_neg,roberta_neu,roberta_pos
0.0,0.695,0.305,0.9441,0.010577681474387646,0.03881572559475899,0.9506065845489502
0.138,0.862,0.0,-0.5664,0.7167679667472839,0.27122509479522705,0.012006952427327633
0.091,0.754,0.155,0.8265,0.005176289472728968,0.07785763591527939,0.9169660210609436
0.0,1.0,0.0,0.0,0.002918593818321824,0.047124557197093964,0.9499568343162537
0.0,0.552,0.448,0.9468,0.0045271520502865314,0.009283231571316719,0.9861896634101868
0.029,0.809,0.163,0.883,0.004591651726514101,0.027828341349959373,0.9675800204277039
0.034,0.693,0.273,0.9346,0.004291239660233259,0.014205648563802242,0.9815031290054321
0.0,0.52,0.48,0.9487,0.0043449439108371735,0.007071939762681723,0.9885830879211426
0.0,0.851,0.149,0.6369,0.0034733291249722242,0.05700889602303505,0.9395177364349365
0.0,0.705,0.295,0.8313,0.0038951756432652473,0.03380877524614334,0.9622960686683655
0.017,0.846,0.137,0.9746,0.01753517985343933,0.06135638430714607,0.9211084246635437
0.113,0.887,0.0,-0.7579,0.2916654646396637,0.5993607640266418,0.10897380113601685
0.031,0.923,0.046,0.296,0.13839198648929596,0.4804065227508545,0.38120144605636597
0.0,0.355,0.645,0.9466,0.0030225939117372036,0.00676571624353528,0.9902116656303406
0.104,0.632,0.264,0.6486,0.0028899635653942823,0.016907071694731712,0.9802029132843018
0.0,0.861,0.139,0.5719,0.003869301173835993,0.014176828786730766,0.9819538593292236
0.097,0.694,0.209,0.7481,0.0044256229884922504,0.027606505900621414,0.9679678678512573
0.0,0.61,0.39,0.8883,0.002361062914133072,0.008794992230832577,0.9888439178466797
0.012,0.885,0.103,0.8957,0.002455249195918441,0.10876541584730148,0.88877934217453
0.0,0.863,0.137,0.6077,0.006226637866348028,0.03297865763306618,0.9607946872711182
0.0,0.865,0.135,0.6249,0.013676906935870647,0.07095829397439957,0.9153648018836975
0.0,0.739,0.261,0.9153,0.0025219256058335304,0.017771180719137192,0.979706883430481
0.0,0.768,0.232,0.7687,0.0107961967587471,0.032362934201955795,0.9568409323692322
0.085,0.771,0.143,0.2617,0.017183570191264153,0.06179090589284897,0.9210254549980164
0.038,0.895,0.068,0.3939,0.017839644104242325,0.05831364914774895,0.9238467812538147
0.0,1.0,0.0,0.0,0.13467343151569366,0.7878868579864502,0.07743971049785614
0.128,0.872,0.0,-0.296,0.9351215362548828,0.05739185959100723,0.007486524060368538
0.04,0.808,0.152,0.5956,0.006713204551488161,0.022793374955654144,0.9704933762550354
0.022,0.669,0.309,0.9913,0.014975229278206825,0.07337958365678787,0.9116451740264893
0.017,0.846,0.137,0.9746,0.01753517985343933,0.06135638430714607,0.9211084246635437
0.041,0.692,0.267,0.9713,0.006983454339206219,0.052528806030750275,0.9404877424240112
0.0,0.484,0.516,0.9153,0.00308473058976233,0.01532780658453703,0.9815874695777893
0.069,0.839,0.092,0.7103,0.11990265548229218,0.3569449186325073,0.5231524109840393
0.024,0.72,0.256,0.9779,0.006649370305240154,0.038986995816230774,0.9543635845184326
0.0,0.874,0.126,0.9091,0.009418980218470097,0.11263901740312576,0.8779420256614685
0.024,0.821,0.155,0.7622,0.007126608397811651,0.4097605049610138,0.5831128358840942
0.0,0.754,0.246,0.9196,0.004469589795917273,0.020675836130976677,0.974854588508606
0.0,0.938,0.062,0.4457,0.025911157950758934,0.3319767117500305,0.642112135887146
0.05,0.846,0.104,0.7638,0.0401240698993206,0.6084154844284058,0.35146045684814453
0.0,0.856,0.144,0.8114,0.0026385923847556114,0.014788985252380371,0.9825724363327026
0.033,0.82,0.147,0.9301,0.009205281734466553,0.029421495273709297,0.9613732099533081
0.03,0.848,0.122,0.9435,0.007968404330313206,0.19050084054470062,0.8015307784080505
0.0,0.588,0.412,0.9441,0.0030919858254492283,0.017424819990992546,0.9794832468032837
0.0,0.685,0.315,0.9161,0.005036022048443556,0.02590835653245449,0.9690556526184082
0.031,0.778,0.191,0.8421,0.007095550652593374,0.05344781279563904,0.9394567012786865
0.0,1.0,0.0,0.0,0.8471856713294983,0.1370396763086319,0.015774643048644066
0.0,0.737,0.263,0.9169,0.07045280188322067,0.17888885736465454,0.750658392906189
0.0,0.868,0.132,0.4404,0.07089799642562866,0.29532113671302795,0.633780837059021
0.0,0.821,0.179,0.747,0.005311246495693922,0.028774965554475784,0.9659138321876526
0.056,0.865,0.079,0.2363,0.9112230539321899,0.07993346452713013,0.008843439631164074
0.22,0.78,0.0,-0.5448,0.9535123705863953,0.040926385670900345,0.005561246536672115
0.047,0.735,0.218,0.9194,0.005587564781308174,0.03706895560026169,0.9573434591293335
0.09,0.858,0.052,-0.8259,0.17488263547420502,0.684528648853302,0.14058874547481537
0.075,0.925,0.0,-0.3612,0.6299062967300415,0.33675670623779297,0.03333704173564911
0.0,0.857,0.143,0.8761,0.0047142687253654,0.16487327218055725,0.8304124474525452
0.071,0.708,0.221,0.8908,0.002705689985305071,0.023798825219273567,0.9734955430030823
0.029,0.694,0.277,0.908,0.003861024510115385,0.012607255950570107,0.9835317134857178
0.0,0.701,0.299,0.91,0.004304832778871059,0.017209259793162346,0.9784859418869019
0.0,0.611,0.389,0.9323,0.002825102536007762,0.007540571969002485,0.9896343946456909
0.0,0.638,0.362,0.8807,0.007072010077536106,0.08172053098678589,0.9112074971199036
0.0,0.9,0.1,0.4404,0.08996018022298813,0.5699049234390259,0.3401348888874054
0.0,0.741,0.259,0.8442,0.10875695198774338,0.2772919833660126,0.6139510869979858
0.0,1.0,0.0,0.0,0.843702495098114,0.13499830663204193,0.021299246698617935
0.055,0.765,0.179,0.9817,0.015062381513416767,0.14133097231388092,0.8436066508293152
0.046,0.75,0.205,0.8674,0.003744784975424409,0.037173256278038025,0.9590818881988525
0.04,0.822,0.138,0.5165,0.008192519657313824,0.09088453650474548,0.900922954082489
0.057,0.869,0.073,0.492,0.42350053787231445,0.4552290737628937,0.12127041071653366
0.183,0.776,0.041,-0.9116,0.8206980228424072,0.16011083126068115,0.019191214814782143
0.135,0.71,0.155,-0.0096,0.22081634402275085,0.32021307945251465,0.4589705765247345
0.344,0.52,0.136,-0.7345,0.8411048054695129,0.12269432097673416,0.03620091825723648
0.036,0.916,0.048,0.2228,0.022001871839165688,0.09280326962471008,0.8851948380470276
0.078,0.701,0.222,0.9733,0.047301385551691055,0.15678462386131287,0.7959139943122864
0.025,0.653,0.323,0.9787,0.003080829745158553,0.02461855299770832,0.9723005890846252
0.093,0.762,0.144,0.9665,0.740678071975708,0.2235262393951416,0.03579571098089218
0.0,0.872,0.128,0.2263,0.23605170845985413,0.6230668425559998,0.1408814787864685
0.106,0.768,0.126,0.1098,0.9365569949150085,0.056857477873563766,0.006585618481040001
0.019,0.898,0.083,0.5647,0.6571423411369324,0.2848374843597412,0.05802015960216522
0.034,0.798,0.168,0.8303,0.009421096183359623,0.06949993968009949,0.9210789799690247
0.0,0.763,0.237,0.7814,0.01880924217402935,0.12948334217071533,0.8517074584960938
0.087,0.589,0.324,0.8636,0.31703341007232666,0.28195783495903015,0.4010086953639984
0.0,0.723,0.277,0.9098,0.004255260340869427,0.012908551841974258,0.9828361868858337
0.0,0.663,0.337,0.9041,0.005032102111726999,0.011418558657169342,0.9835493564605713
0.055,0.767,0.178,0.8642,0.2952270209789276,0.47923970222473145,0.22553321719169617
0.109,0.676,0.214,0.8431,0.2661738693714142,0.31172898411750793,0.42209717631340027
0.035,0.698,0.267,0.9487,0.005243594758212566,0.019184108823537827,0.9755723476409912
0.019,0.855,0.126,0.8797,0.2814415395259857,0.4328010082244873,0.2857574224472046
0.05,0.735,0.215,0.7424,0.0064878398552536964,0.04673929512500763,0.9467728137969971
0.048,0.762,0.19,0.9716,0.05119394510984421,0.2062753140926361,0.7425307035446167
0.029,0.645,0.326,0.9554,0.0048402282409369946,0.013124901801347733,0.9820349216461182
0.0,0.833,0.167,0.7351,0.010102943517267704,0.06283773481845856,0.9270593523979187
0.0,0.837,0.163,0.6249,0.008183891884982586,0.03156590089201927,0.9602502584457397
0.069,0.663,0.268,0.8255,0.005431761499494314,0.015045234933495522,0.9795230627059937
0.01,0.781,0.208,0.9882,0.007554098032414913,0.06644023954868317,0.9260057210922241
0.0,1.0,0.0,0.0,0.2596225142478943,0.5454643368721008,0.1949131339788437
0.031,0.732,0.237,0.9273,0.02500227838754654,0.12434873729944229,0.8506489992141724
0.0,0.818,0.182,0.982,0.007137414067983627,0.06159884110093117,0.9312637448310852
0.053,0.793,0.154,0.7729,0.39367443323135376,0.33250391483306885,0.2738216519355774
0.024,0.91,0.066,0.5106,0.19226913154125214,0.6612356901168823,0.14649522304534912
0.173,0.735,0.092,-0.5267,0.9447817206382751,0.04686722904443741,0.008351069875061512
0.0,0.807,0.193,0.7717,0.2576790153980255,0.41100871562957764,0.33131226897239685
0.103,0.752,0.145,0.2285,0.2340932935476303,0.5074357986450195,0.25847089290618896
0.0,0.75,0.25,0.9287,0.03274932876229286,0.07760656625032425,0.8896440863609314
0.0,0.859,0.141,0.7249,0.02246040292084217,0.03551129624247551,0.9420282244682312
0.051,0.577,0.372,0.9313,0.007228333968669176,0.031352635473012924,0.9614190459251404
0.0,0.696,0.304,0.9603,0.004900110885500908,0.012247823178768158,0.982852041721344
0.0,0.791,0.209,0.5719,0.07144854217767715,0.4720690846443176,0.45648232102394104
0.0,0.804,0.196,0.9503,0.004000857938081026,0.023474760353565216,0.9725243449211121
0.059,0.676,0.265,0.9116,0.007589259650558233,0.013766451738774776,0.9786442518234253
0.014,0.764,0.222,0.9841,0.004336229059845209,0.0832432433962822,0.9124205112457275
0.059,0.879,0.062,0.0176,0.8516122698783875,0.1305135041475296,0.017874253913760185
0.0,0.81,0.19,0.8769,0.006907690316438675,0.03655584901571274,0.9565365314483643
0.037,0.786,0.177,0.9946,0.027444342151284218,0.4165545701980591,0.5560010671615601
0.0,0.631,0.369,0.8779,0.004228236619383097,0.007873340509831905,0.9878984093666077
0.027,0.727,0.245,0.9379,0.029211804270744324,0.06956551969051361,0.9012227058410645
0.0,0.645,0.355,0.872,0.003692819271236658,0.014806888997554779,0.9815002679824829
0.0,0.892,0.108,0.6573,0.005022389814257622,0.05332878232002258,0.9416488409042358
0.0,0.781,0.219,0.9751,0.002283443696796894,0.025067759677767754,0.9726488590240479
0.05,0.872,0.079,0.8972,0.08262018114328384,0.4783025085926056,0.43907731771469116
0.013,0.785,0.203,0.9828,0.07029812783002853,0.23931151628494263,0.690390408039093
0.026,0.759,0.215,0.9509,0.0070722964592278,0.030407126992940903,0.9625205397605896
0.102,0.822,0.076,-0.3626,0.12934713065624237,0.43013185262680054,0.4405210018157959
0.025,0.803,0.172,0.9022,0.18740016222000122,0.5919129252433777,0.2206869274377823
0.017,0.795,0.188,0.9769,0.4104667901992798,0.4761589765548706,0.11337416619062424
0.079,0.67,0.252,0.9678,0.012459789402782917,0.05458623543381691,0.932953953742981
0.035,0.87,0.095,0.5709,0.0639951303601265,0.33946889638900757,0.5965359807014465
0.0,0.721,0.279,0.9258,0.006101816426962614,0.02109038084745407,0.972807765007019
0.067,0.633,0.299,0.9022,0.03439810499548912,0.09314342588186264,0.8724584579467773
0.043,0.728,0.229,0.8142,0.007419036701321602,0.02857404574751854,0.9640069007873535
0.114,0.676,0.21,0.6721,0.8712427020072937,0.09802237153053284,0.030734967440366745
0.0,0.755,0.245,0.8658,0.004641663283109665,0.028365761041641235,0.9669925570487976
0.135,0.76,0.105,-0.3612,0.7501662969589233,0.21908627450466156,0.03074747510254383
0.046,0.772,0.181,0.7902,0.01895708590745926,0.08460579812526703,0.8964370489120483
0.02,0.878,0.103,0.8082,0.008840227499604225,0.056720469146966934,0.9344392418861389
0.0,0.877,0.123,0.4215,0.0031070613767951727,0.032466717064380646,0.9644262194633484
0.0,0.9,0.1,0.6503,0.04713183641433716,0.0951671451330185,0.8577010631561279
0.0,0.695,0.305,0.9661,0.006974006537348032,0.018603762611746788,0.9744222164154053
0.0,0.689,0.311,0.8591,0.017067264765501022,0.056672073900699615,0.9262606501579285
0.15,0.773,0.077,-0.4199,0.0419476218521595,0.09269595891237259,0.8653564453125
0.043,0.833,0.125,0.835,0.16882865130901337,0.2889314591884613,0.5422398447990417
0.098,0.787,0.114,0.2023,0.0935274213552475,0.4116504490375519,0.4948221445083618
0.0,0.782,0.218,0.7814,0.013992266729474068,0.08111853152513504,0.9048892259597778
0.0,0.763,0.237,0.9296,0.003531397320330143,0.011525798588991165,0.9849427938461304
0.059,0.667,0.274,0.9653,0.006163302343338728,0.05570272356271744,0.938133955001831
0.058,0.841,0.102,0.6124,0.5099207758903503,0.462334543466568,0.02774464152753353
0.144,0.677,0.178,0.6341,0.006495721638202667,0.02166731096804142,0.9718369841575623
0.087,0.783,0.13,0.7567,0.637183427810669,0.27893581986427307,0.08388079702854156
0.058,0.867,0.075,0.1533,0.05794696509838104,0.10029041767120361,0.8417626023292542
0.04,0.833,0.127,0.6956,0.28712937235832214,0.36686673760414124,0.3460038900375366
0.0,0.709,0.291,0.9231,0.0034313478972762823,0.009643430821597576,0.9869252443313599
0.0,0.564,0.436,0.9858,0.0041893962770700455,0.010020358487963676,0.9857902526855469
0.0,0.784,0.216,0.765,0.004403643310070038,0.05794430524110794,0.9376519918441772
0.0,0.775,0.225,0.7269,0.003542213933542371,0.06594190746545792,0.9305158853530884
0.12,0.76,0.12,0.2502,0.7880972027778625,0.19319435954093933,0.01870843581855297
0.0,0.647,0.353,0.9803,0.0062024034559726715,0.013494981452822685,0.9803025722503662
0.0,0.768,0.232,0.9681,0.009726259857416153,0.04577609524130821,0.9444976449012756
0.191,0.809,0.0,-0.7269,0.015213364735245705,0.04060674458742142,0.944179892539978
0.071,0.514,0.415,0.8934,0.0037178315687924623,0.02176830917596817,0.974513828754425
0.065,0.893,0.042,-0.4721,0.015220108442008495,0.1789943277835846,0.8057855367660522
0.081,0.779,0.14,0.4194,0.1915113627910614,0.41982609033584595,0.38866254687309265
0.0,0.644,0.356,0.9117,0.004002560395747423,0.009855207987129688,0.9861422181129456
0.106,0.894,0.0,-0.5504,0.8702588677406311,0.11712720990180969,0.01261393167078495
0.072,0.652,0.276,0.9517,0.05818938836455345,0.2968614399433136,0.6449491381645203
0.047,0.869,0.085,0.4199,0.007324839476495981,0.03722107782959938,0.9554541110992432
0.025,0.752,0.223,0.8957,0.5108840465545654,0.288697212934494,0.20041869580745697
0.032,0.717,0.251,0.9597,0.01154370978474617,0.03804002329707146,0.9504162669181824
0.0,0.657,0.343,0.9098,0.0023467466235160828,0.018769195303320885,0.9788841009140015
0.05,0.905,0.045,-0.1154,0.9282985329627991,0.06641379743814468,0.005287636071443558
0.186,0.74,0.074,-0.5283,0.9111445546150208,0.07884401828050613,0.010011479258537292
0.141,0.832,0.028,-0.7721,0.693446934223175,0.2535478472709656,0.05300522223114967
0.0,0.854,0.146,0.6476,0.004446394741535187,0.08270399272441864,0.9128496646881104
0.04,0.844,0.116,0.6808,0.004731350112706423,0.0334564633667469,0.9618121385574341
0.0,0.763,0.237,0.8906,0.004628769122064114,0.01864411123096943,0.9767271280288696
0.022,0.788,0.189,0.9901,0.002115183509886265,0.02957458235323429,0.9683102369308472
0.04,0.722,0.237,0.9782,0.11339121311903,0.25310876965522766,0.6335000395774841
0.0,0.874,0.126,0.7579,0.003824762534350157,0.01941649615764618,0.9767587184906006
0.0,0.938,0.062,0.4215,0.004620557185262442,0.02687329240143299,0.9685062170028687
0.058,0.794,0.148,0.6249,0.021676018834114075,0.07376427948474884,0.9045596718788147
0.2,0.63,0.171,0.1203,0.10139084607362747,0.228037029504776,0.6705721616744995
0.048,0.829,0.122,0.7458,0.014103285036981106,0.056124038994312286,0.929772675037384
0.076,0.767,0.156,0.6085,0.12868732213974,0.4672740697860718,0.4040386378765106
0.0,0.433,0.567,0.9667,0.005562520120292902,0.008123275823891163,0.9863141775131226
0.088,0.743,0.169,0.943,0.07281098514795303,0.3815239667892456,0.5456650257110596
0.0,0.857,0.143,0.9577,0.004086507484316826,0.03023817576467991,0.9656752943992615
0.11,0.593,0.297,0.6597,0.004167540930211544,0.010608416050672531,0.9852240085601807
0.189,0.811,0.0,-0.5994,0.22881467640399933,0.5308063626289368,0.2403789460659027
0.0,0.824,0.176,0.6983,0.28899919986724854,0.45732972025871277,0.2536710798740387
0.0,0.843,0.157,0.8868,0.006251737009733915,0.032364897429943085,0.9613833427429199
0.0,0.934,0.066,0.3506,0.05791407823562622,0.13385355472564697,0.8082323670387268
0.148,0.64,0.212,0.4926,0.0073369587771594524,0.023264043033123016,0.9693989753723145
0.0,0.75,0.25,0.9062,0.0050340075977146626,0.017354385927319527,0.9776116609573364
0.055,0.728,0.217,0.8756,0.013547321781516075,0.03331815451383591,0.9531345963478088
0.031,0.735,0.234,0.9595,0.02731798216700554,0.08089835941791534,0.8917837142944336
0.082,0.483,0.435,0.8299,0.012767008505761623,0.060272496193647385,0.9269605278968811
0.0,0.761,0.239,0.9538,0.009180783294141293,0.045155808329582214,0.9456634521484375
0.0,0.917,0.083,0.4738,0.008132843300700188,0.12229611724615097,0.8695710897445679
0.0,0.904,0.096,0.4153,0.3035779595375061,0.4723303020000458,0.2240917831659317
0.0,0.701,0.299,0.8268,0.002752486150711775,0.0140866469591856,0.9831609129905701
0.0,0.811,0.189,0.7178,0.010770483873784542,0.08833388239145279,0.9008956551551819
0.039,0.888,0.072,0.6381,0.7779302597045898,0.20947277545928955,0.012596973218023777
0.064,0.597,0.339,0.9531,0.006427367217838764,0.03522152826189995,0.9583510756492615
0.0,0.688,0.312,0.8225,0.010515092872083187,0.05811426788568497,0.9313706755638123
0.061,0.814,0.125,0.8728,0.021136796101927757,0.40512990951538086,0.5737333297729492
0.0,0.882,0.118,0.6249,0.003550061024725437,0.019032033160328865,0.9774178862571716
0.0,0.754,0.246,0.9368,0.0042360806837677956,0.011182698421180248,0.9845811724662781
0.0,0.59,0.41,0.8779,0.004397386685013771,0.02391774021089077,0.9716848731040955
0.051,0.8,0.15,0.8436,0.025485940277576447,0.12972673773765564,0.8447872996330261
0.05,0.82,0.13,0.8913,0.46600642800331116,0.39751580357551575,0.13647782802581787
0.045,0.761,0.194,0.9893,0.01687547191977501,0.24356204271316528,0.7395625114440918
0.075,0.755,0.171,0.9218,0.010716422460973263,0.08754899352788925,0.9017345905303955
0.051,0.821,0.129,0.9529,0.13392730057239532,0.6691425442695618,0.1969301700592041
0.051,0.838,0.11,0.4404,0.58221435546875,0.3488316237926483,0.06895402073860168
0.095,0.883,0.022,-0.9726,0.576205313205719,0.3956447243690491,0.02814999409019947
0.0,0.891,0.109,0.6476,0.01347809936851263,0.10979872941970825,0.8767231702804565
0.0,0.798,0.202,0.7964,0.004727048333734274,0.018377577885985374,0.9768953323364258
0.078,0.922,0.0,-0.296,0.6758878231048584,0.29729780554771423,0.026814434677362442
0.015,0.884,0.101,0.9736,0.5537562966346741,0.3758291006088257,0.07041459530591965
0.059,0.774,0.167,0.9424,0.006216451060026884,0.06721155345439911,0.9265719652175903
0.031,0.702,0.267,0.9812,0.036712758243083954,0.1408766508102417,0.8224106431007385
0.027,0.909,0.064,0.25,0.007884275168180466,0.107615627348423,0.8845001459121704
0.068,0.666,0.266,0.9883,0.00716876145452261,0.0846339613199234,0.908197283744812
0.0,0.779,0.221,0.9623,0.0034467836376279593,0.03206397593021393,0.9644892811775208
0.0,0.607,0.393,0.923,0.004403138533234596,0.009506472386419773,0.9860904216766357
0.152,0.739,0.109,-0.25,0.8523222804069519,0.13351112604141235,0.014166509732604027
0.064,0.794,0.141,0.7951,0.04095403477549553,0.27556055784225464,0.6834854483604431
0.139,0.754,0.108,-0.3774,0.09254470467567444,0.2309938669204712,0.676461398601532
0.106,0.718,0.176,0.5475,0.018208414316177368,0.11545431613922119,0.8663372993469238
0.0,0.837,0.163,0.6486,0.12505486607551575,0.6247606873512268,0.25018441677093506
0.025,0.854,0.121,0.6478,0.9294213056564331,0.06195765361189842,0.00862098578363657
0.03,0.726,0.244,0.9281,0.004290382377803326,0.030707646161317825,0.9650020003318787
0.0,0.904,0.096,0.8144,0.0025256031658500433,0.0680248811841011,0.9294494986534119
0.0,0.807,0.193,0.8126,0.010993463918566704,0.02329389750957489,0.9657126665115356
0.103,0.729,0.169,0.2481,0.9407599568367004,0.05281924456357956,0.006420786492526531
0.0,0.805,0.195,0.8655,0.005020108073949814,0.011663772165775299,0.9833161234855652
0.11,0.792,0.098,-0.4786,0.8135300874710083,0.16412776708602905,0.02234216220676899
0.041,0.793,0.166,0.9387,0.005333960056304932,0.02902047708630562,0.9656454920768738
0.029,0.798,0.174,0.9936,0.14728200435638428,0.6628880500793457,0.189830020070076
0.064,0.7,0.236,0.9677,0.004111431539058685,0.028824010863900185,0.9670645594596863
0.0,0.72,0.28,0.765,0.008074082434177399,0.031825628131628036,0.9601002335548401
0.066,0.71,0.223,0.9553,0.004201168660074472,0.025134975090622902,0.970663845539093
0.0,0.765,0.235,0.807,0.00483686150982976,0.016780178993940353,0.9783830046653748
0.0,0.76,0.24,0.9344,0.0025294385850429535,0.02579543925821781,0.9716750979423523
0.0,1.0,0.0,0.0,0.09558543562889099,0.7305341958999634,0.17388038337230682
0.081,0.63,0.289,0.765,0.0038942403625696898,0.037131406366825104,0.9589743614196777
0.072,0.825,0.103,0.682,0.07970242947340012,0.6274819374084473,0.29281559586524963
0.075,0.633,0.292,0.9757,0.01566845178604126,0.035307951271533966,0.9490236639976501
0.0,0.869,0.131,0.7717,0.004222434479743242,0.08860605210065842,0.9071715474128723
0.0,0.602,0.398,0.9351,0.01043617445975542,0.04069256782531738,0.9488711953163147
0.0,0.75,0.25,0.7184,0.02216113731265068,0.3718850612640381,0.6059538125991821
0.047,0.781,0.172,0.9476,0.002868504961952567,0.013401268050074577,0.9837301969528198
0.076,0.924,0.0,-0.4823,0.38485896587371826,0.35654133558273315,0.2585996985435486
0.107,0.893,0.0,-0.4767,0.9384588599205017,0.05484307184815407,0.006698086392134428
0.0,0.801,0.199,0.9698,0.013248229399323463,0.2452375888824463,0.7415141463279724
0.091,0.736,0.172,0.4118,0.3194522559642792,0.41055944561958313,0.2699882388114929
0.103,0.699,0.198,0.9805,0.4728638827800751,0.46310657262802124,0.06402949243783951
0.034,0.664,0.302,0.9463,0.005383708048611879,0.02104584313929081,0.9735704064369202
0.105,0.816,0.079,-0.3489,0.9209445714950562,0.07123325020074844,0.007822188548743725
0.04,0.841,0.119,0.8883,0.03380610793828964,0.31196850538253784,0.6542254090309143
0.0,0.833,0.167,0.8824,0.002712821587920189,0.05482745170593262,0.942459762096405
0.0,0.613,0.387,0.9493,0.004850170109421015,0.016735846176743507,0.9784139394760132
0.0,0.54,0.46,0.9153,0.0031027907971292734,0.013792409561574459,0.9831047654151917
0.106,0.706,0.188,0.5849,0.011299088597297668,0.025464236736297607,0.9632366895675659
0.098,0.875,0.026,-0.9218,0.40240561962127686,0.43800806999206543,0.15958628058433533
0.051,0.802,0.147,0.872,0.12377825379371643,0.6991637945175171,0.17705786228179932
0.0,0.619,0.381,0.902,0.0030232432764023542,0.012219342403113842,0.9847574234008789
0.0,0.862,0.138,0.4926,0.006411451380699873,0.035574451088905334,0.9580140709877014
0.062,0.911,0.028,-0.7067,0.7264115810394287,0.2527844309806824,0.020804032683372498
0.0,0.767,0.233,0.8176,0.27552613615989685,0.42809197306632996,0.2963818311691284
0.032,0.794,0.174,0.9354,0.010830789804458618,0.052206672728061676,0.9369625449180603
0.0,0.839,0.161,0.5927,0.008600362576544285,0.0850994884967804,0.9063001275062561
0.062,0.863,0.074,0.2609,0.07610811293125153,0.15872722864151,0.7651646733283997
0.052,0.817,0.132,0.7003,0.6370308995246887,0.27770280838012695,0.08526626974344254
0.0,0.733,0.267,0.7346,0.004678085446357727,0.017081929370760918,0.9782399535179138
0.037,0.693,0.271,0.9421,0.007454309146851301,0.02403038926422596,0.9685152769088745
0.132,0.711,0.157,0.3303,0.2697351574897766,0.3805014193058014,0.349763423204422
0.0,0.523,0.477,0.9542,0.0039031892083585262,0.008582781068980694,0.987514078617096
0.025,0.809,0.167,0.937,0.1240030825138092,0.48583343625068665,0.3901635706424713
0.072,0.641,0.288,0.8565,0.007610537577420473,0.010809170082211494,0.9815803170204163
0.066,0.859,0.075,0.1666,0.18149104714393616,0.2947174906730652,0.5237914323806763
0.049,0.823,0.127,0.6438,0.0081300875172019,0.032502517104148865,0.9593673944473267
0.0,0.754,0.246,0.8016,0.006291680969297886,0.011676477268338203,0.9820318222045898
0.028,0.934,0.038,0.1779,0.7880359292030334,0.18527090549468994,0.026693115010857582
0.032,0.792,0.176,0.9852,0.015051483176648617,0.035246748477220535,0.949701726436615
0.0,0.864,0.136,0.5255,0.7717188596725464,0.1934509426355362,0.03483016788959503
0.0,0.898,0.102,0.7917,0.12391171604394913,0.1910981982946396,0.6849901080131531
0.0,0.857,0.143,0.919,0.42028892040252686,0.48985475301742554,0.08985627442598343
0.035,0.801,0.163,0.9676,0.2866729199886322,0.21572718024253845,0.49759984016418457
0.054,0.745,0.2,0.9557,0.27897909283638,0.45331311225891113,0.26770785450935364
0.039,0.697,0.264,0.8439,0.004390566144138575,0.014780069701373577,0.9808293581008911
0.104,0.705,0.191,0.6257,0.7128766775131226,0.2520107328891754,0.03511256352066994
0.052,0.745,0.203,0.9434,0.004690517205744982,0.21159619092941284,0.7837132215499878
0.09,0.705,0.205,0.8636,0.03132275119423866,0.08831804245710373,0.8803591728210449
0.034,0.757,0.209,0.9823,0.3183373808860779,0.37351909279823303,0.30814358592033386
0.0,0.887,0.113,0.4939,0.03496620059013367,0.49242669343948364,0.4726070463657379
0.12,0.781,0.099,-0.7095,0.2061839997768402,0.3458837866783142,0.44793224334716797
0.025,0.737,0.239,0.9566,0.03296496719121933,0.08164852857589722,0.8853865265846252
0.0,0.811,0.189,0.8781,0.008624479174613953,0.07741555571556091,0.9139599800109863
0.0,0.681,0.319,0.8934,0.012511647306382656,0.06784046441316605,0.9196479320526123
0.078,0.735,0.187,0.9637,0.02321353740990162,0.06943842023611069,0.907348096370697
0.0,0.632,0.368,0.9661,0.00909399427473545,0.02034744806587696,0.9705586433410645
0.148,0.625,0.227,0.5849,0.008894774131476879,0.06524540483951569,0.9258597493171692
0.014,0.705,0.281,0.9763,0.016892120242118835,0.10569921880960464,0.8774086833000183
0.076,0.791,0.133,0.25,0.00874402467161417,0.09472677856683731,0.8965292572975159
0.058,0.778,0.165,0.5734,0.0066168284974992275,0.03945474699139595,0.9539284110069275
0.15,0.773,0.077,-0.9037,0.8176653385162354,0.14484547078609467,0.037489209324121475
0.097,0.781,0.122,0.4733,0.05067392438650131,0.09547583013772964,0.853850245475769
0.0,0.649,0.351,0.894,0.004901424050331116,0.014834758825600147,0.980263888835907
0.0,0.796,0.204,0.9695,0.003308378392830491,0.01397561002522707,0.9827159643173218
0.0,0.774,0.226,0.9287,0.0030029609333723783,0.01057624164968729,0.986420750617981
0.031,0.657,0.312,0.9644,0.007281261496245861,0.03802065923810005,0.9546980261802673
0.087,0.913,0.0,-0.4939,0.8360636830329895,0.1548069715499878,0.0091293565928936
0.0,1.0,0.0,0.0,0.7327085137367249,0.2490668147802353,0.018224647268652916
0.018,0.914,0.069,0.4971,0.009216221049427986,0.03126959130167961,0.9595141410827637
0.024,0.828,0.148,0.6897,0.03616451099514961,0.07977024465799332,0.8840652704238892
0.06,0.772,0.168,0.9109,0.004249583464115858,0.0447203628718853,0.9510300159454346
0.0,0.823,0.177,0.5783,0.009094338864088058,0.01893383264541626,0.971971869468689
0.07,0.839,0.091,0.6785,0.10757038742303848,0.5481688380241394,0.3442607820034027
0.0,0.904,0.096,0.3716,0.02021770179271698,0.07714196294546127,0.9026404023170471
0.0,0.758,0.242,0.7717,0.003900935873389244,0.02046228013932705,0.9756367802619934
0.065,0.562,0.373,0.886,0.005345701705664396,0.021374307572841644,0.9732800126075745
0.0,1.0,0.0,0.0,0.004552390892058611,0.05486870929598808,0.9405788779258728
0.05,0.69,0.26,0.7712,0.005284241400659084,0.020523667335510254,0.9741920232772827
0.0,1.0,0.0,0.0,0.044603463262319565,0.24633869528770447,0.7090578079223633
0.213,0.514,0.274,0.3185,0.045876383781433105,0.30880385637283325,0.6453197598457336
0.0,0.688,0.312,0.8979,0.005929891020059586,0.02243162877857685,0.9716385006904602
0.075,0.726,0.199,0.9373,0.03808778151869774,0.3707108199596405,0.5912014245986938
0.064,0.594,0.342,0.9581,0.014523361809551716,0.08251303434371948,0.9029636383056641
0.163,0.708,0.129,-0.8462,0.0385909266769886,0.19326730072498322,0.7681418061256409
0.029,0.856,0.115,0.5709,0.11875420063734055,0.20370393991470337,0.6775418519973755
0.0,0.837,0.163,0.6249,0.0036841316614300013,0.045028235763311386,0.951287567615509
0.115,0.885,0.0,-0.4588,0.6668766140937805,0.29029470682144165,0.04282870888710022
0.0,0.689,0.311,0.9732,0.0031025938224047422,0.010330683551728725,0.9865667223930359
0.0,0.662,0.338,0.9719,0.004630578216165304,0.020736154168844223,0.9746332764625549
0.0,0.886,0.114,0.6124,0.919220507144928,0.07171814888715744,0.009061369113624096
0.046,0.8,0.154,0.6796,0.864119291305542,0.11236289888620377,0.023517847061157227
0.078,0.651,0.271,0.8506,0.010671391151845455,0.017542310059070587,0.9717863202095032
0.0,0.765,0.235,0.9008,0.004112242721021175,0.013796546496450901,0.9820912480354309
0.0,0.734,0.266,0.784,0.004021177068352699,0.012624947354197502,0.983353853225708
0.078,0.823,0.098,0.4416,0.004704094026237726,0.11195021867752075,0.8833456635475159
0.069,0.782,0.149,0.8499,0.03676765412092209,0.25042954087257385,0.7128027677536011
0.041,0.657,0.302,0.8731,0.007729537785053253,0.01750512607395649,0.9747653007507324
0.0,0.912,0.088,0.4939,0.9407684206962585,0.05334189534187317,0.005889676511287689
0.11,0.678,0.211,0.8053,0.01847074367105961,0.06551848351955414,0.9160107970237732
0.101,0.627,0.273,0.9758,0.02556038461625576,0.059213511645793915,0.9152261018753052
0.044,0.725,0.231,0.8319,0.04883510246872902,0.302476704120636,0.6486882567405701
0.0,0.608,0.392,0.9694,0.015169431455433369,0.034755244851112366,0.9500752687454224
0.093,0.752,0.155,0.7667,0.006062861066311598,0.02092048153281212,0.973016619682312
0.0,0.678,0.322,0.908,0.002677417593076825,0.014896942302584648,0.9824255704879761
0.071,0.861,0.068,-0.0258,0.31150108575820923,0.4334658086299896,0.25503310561180115
0.0,0.715,0.285,0.9177,0.0031914645805954933,0.010514436289668083,0.9862940907478333
0.064,0.727,0.209,0.7337,0.004120935685932636,0.01830136403441429,0.9775776863098145
0.0,0.893,0.107,0.802,0.009870338253676891,0.07895293831825256,0.9111766815185547
0.0,0.888,0.112,0.6604,0.05472154542803764,0.39163610339164734,0.5536423325538635
0.0,0.802,0.198,0.6892,0.0029633070807904005,0.017048809677362442,0.9799878597259521
0.05,0.734,0.215,0.8008,0.007962049916386604,0.025554385036230087,0.9664835929870605
0.027,0.835,0.138,0.8805,0.28237855434417725,0.432300329208374,0.2853211462497711
0.0,0.895,0.105,0.631,0.006435930263251066,0.02448093146085739,0.9690830707550049
0.164,0.694,0.142,0.283,0.054960742592811584,0.11396695673465729,0.8310723304748535
0.0,0.705,0.295,0.954,0.008786775171756744,0.03593399375677109,0.9552792310714722
0.033,0.785,0.182,0.9441,0.012940890155732632,0.26656824350357056,0.7204909324645996
0.228,0.772,0.0,-0.734,0.9045098423957825,0.08616531640291214,0.009324823506176472
0.0,0.891,0.109,0.8802,0.0028306946624070406,0.04249380901455879,0.954675555229187
0.0,0.742,0.258,0.8088,0.0033323238603770733,0.017981691285967827,0.9786859750747681
0.033,0.621,0.346,0.9334,0.004687989130616188,0.008997142314910889,0.9863148927688599
0.076,0.768,0.156,0.4434,0.008181978017091751,0.027002615854144096,0.9648154377937317
0.0,0.685,0.315,0.9366,0.012765663675963879,0.05577605590224266,0.9314582943916321
0.038,0.84,0.122,0.8016,0.02196337841451168,0.17833662033081055,0.7996999621391296
0.064,0.871,0.066,0.0258,0.30208560824394226,0.3246748745441437,0.37323951721191406
0.0,0.913,0.087,0.7703,0.003471002448350191,0.06349965184926987,0.933029294013977
0.012,0.86,0.128,0.9923,0.005598569288849831,0.09449848532676697,0.8999029397964478
0.087,0.643,0.27,0.6912,0.004061273764818907,0.02122279442846775,0.9747159481048584
0.11,0.748,0.142,0.1264,0.6220921277999878,0.30106982588768005,0.07683809101581573
0.0,0.588,0.412,0.9168,0.0037295378278940916,0.010363107547163963,0.9859074354171753
0.0,0.728,0.272,0.9472,0.00553929153829813,0.012313539162278175,0.9821471571922302
0.054,0.69,0.256,0.8962,0.00362391653470695,0.01268649473786354,0.9836896061897278
0.0,0.796,0.204,0.874,0.027762848883867264,0.05560078099370003,0.9166364073753357
0.046,0.793,0.161,0.9341,0.03927026689052582,0.12660686671733856,0.8341228365898132
0.063,0.524,0.413,0.9709,0.010612137615680695,0.019180327653884888,0.9702075123786926
0.036,0.695,0.269,0.9468,0.0047195954248309135,0.015757741406559944,0.979522705078125
0.074,0.715,0.212,0.8349,0.7848729491233826,0.1534830778837204,0.061643991619348526
0.318,0.515,0.167,-0.7184,0.9572891592979431,0.036697592586278915,0.006013194099068642
0.0,0.905,0.095,0.6369,0.0033020074479281902,0.032705191522836685,0.9639927744865417
0.027,0.78,0.193,0.9913,0.009718394838273525,0.10285740345716476,0.8874242305755615
0.0,0.767,0.233,0.8065,0.003434500889852643,0.029630329459905624,0.9669351577758789
0.0,0.774,0.226,0.9796,0.0077266148291528225,0.06832174956798553,0.9239516854286194
0.0,0.839,0.161,0.8625,0.01631760038435459,0.10853403806686401,0.8751484155654907
0.089,0.75,0.161,0.8201,0.18480153381824493,0.6155759692192078,0.19962245225906372
0.088,0.537,0.375,0.755,0.007116799242794514,0.04993177577853203,0.9429514408111572
0.031,0.764,0.205,0.9183,0.003777789417654276,0.04158833250403404,0.9546338319778442
0.248,0.636,0.116,-0.8174,0.857647716999054,0.12431811541318893,0.018034188076853752
0.0,0.642,0.358,0.8591,0.004010230768471956,0.01317343208938837,0.9828163981437683
0.0,0.661,0.339,0.8481,0.0031777089461684227,0.015886493027210236,0.98093581199646
0.0,1.0,0.0,0.0,0.8063370585441589,0.18364426493644714,0.010018679313361645
0.0,0.83,0.17,0.8016,0.002869921736419201,0.03642455115914345,0.9607055187225342
0.0,0.502,0.498,0.9677,0.003302263794466853,0.012158519588410854,0.9845392107963562
0.0,0.638,0.362,0.9682,0.004214015789330006,0.01808583363890648,0.9777001738548279
0.046,0.703,0.251,0.867,0.010590735822916031,0.07458913326263428,0.91482013463974
0.0,0.8,0.2,0.9885,0.007395543623715639,0.052112337201833725,0.9404921531677246
0.0,0.787,0.213,0.7644,0.003018442541360855,0.023671317845582962,0.9733102917671204
0.234,0.556,0.211,0.0,0.8165983557701111,0.1499621570110321,0.0334395095705986
0.093,0.813,0.095,0.0258,0.9266230463981628,0.06761348247528076,0.005763497669249773
0.215,0.697,0.088,-0.6351,0.9338282346725464,0.05627771466970444,0.009894082322716713
0.194,0.771,0.035,-0.9058,0.9270674586296082,0.06303520500659943,0.00989726185798645
0.0,0.691,0.309,0.8172,0.016120361164212227,0.12132611125707626,0.8625534772872925
0.019,0.702,0.279,0.9622,0.002848216565325856,0.014451943337917328,0.9826998710632324
0.0,0.954,0.046,0.6249,0.007352097425609827,0.03914833068847656,0.9534995555877686
0.036,0.772,0.192,0.9477,0.01071962807327509,0.07113676518201828,0.918143630027771
0.0,0.713,0.287,0.9257,0.0033106557093560696,0.010823657736182213,0.9858657121658325
0.05,0.758,0.192,0.8316,0.00837158877402544,0.06265275180339813,0.9289757013320923
0.016,0.879,0.105,0.8681,0.012078279629349709,0.052747007459402084,0.9351747035980225
0.0,0.802,0.198,0.8555,0.020618580281734467,0.06952328234910965,0.9098581075668335
0.0,0.815,0.185,0.7777,0.028988787904381752,0.07334493845701218,0.8976662755012512
0.0,0.914,0.086,0.4118,0.008214781060814857,0.03573444485664368,0.9560507535934448
0.0,0.722,0.278,0.8902,0.003851096611469984,0.023152412846684456,0.9729964137077332
0.0,0.594,0.406,0.9612,0.005792613606899977,0.017597809433937073,0.9766096472740173
0.07,0.799,0.131,0.9222,0.1675262302160263,0.41750308871269226,0.41497063636779785
0.166,0.809,0.025,-0.8957,0.9419610500335693,0.05198469012975693,0.0060542868450284
0.0,0.784,0.216,0.8876,0.050017114728689194,0.12008661031723022,0.8298962712287903
0.148,0.815,0.037,-0.5983,0.004988010041415691,0.049042314291000366,0.9459696412086487
0.035,0.754,0.211,0.9561,0.02539476566016674,0.09354721754789352,0.8810580372810364
0.0,0.861,0.139,0.4404,0.11677925288677216,0.6095005869865417,0.2737201452255249
0.223,0.68,0.096,-0.3314,0.3157126307487488,0.3360879123210907,0.3481995165348053
0.055,0.687,0.258,0.9106,0.007963630370795727,0.02783679962158203,0.9641996026039124
0.017,0.821,0.161,0.9576,0.005803933832794428,0.07633862644433975,0.9178574681282043
0.0,0.806,0.194,0.7717,0.013343044556677341,0.11815033107995987,0.8685065507888794
0.029,0.817,0.154,0.7845,0.22271382808685303,0.41638603806495667,0.3609001338481903
0.0,0.761,0.239,0.9337,0.005192871671169996,0.020675456151366234,0.9741316437721252
0.0,0.739,0.261,0.9741,0.01923232339322567,0.07322483509778976,0.9075428247451782
0.0,0.617,0.383,0.9876,0.003766329027712345,0.011321168392896652,0.9849125146865845
0.04,0.786,0.174,0.9847,0.017274638637900352,0.05608231574296951,0.9266430139541626
0.0,0.73,0.27,0.9516,0.02373136207461357,0.12105634808540344,0.8552122712135315
0.083,0.751,0.166,0.8044,0.010532345622777939,0.04166434705257416,0.9478033185005188
0.108,0.593,0.299,0.8655,0.04346280172467232,0.061048150062561035,0.8954890370368958
0.0,0.771,0.229,0.9179,0.01334981806576252,0.07128757238388062,0.9153625965118408
0.0,0.829,0.171,0.8519,0.008821032010018826,0.03191188722848892,0.9592670202255249
0.0,0.926,0.074,0.7383,0.010001271963119507,0.06772490590810776,0.9222738146781921
0.0,0.887,0.113,0.6369,0.0033098908606916666,0.01849803514778614,0.9781920313835144
0.0,0.728,0.272,0.87,0.006610476411879063,0.03152591362595558,0.96186363697052
0.072,0.781,0.147,0.9307,0.098723404109478,0.3928202986717224,0.508456289768219
0.078,0.793,0.129,0.5176,0.3465118408203125,0.45578494668006897,0.19770316779613495
0.054,0.69,0.257,0.9683,0.008879216387867928,0.018437480553984642,0.9726833701133728
0.0,0.616,0.384,0.9603,0.004179796203970909,0.01460197102278471,0.9812182188034058
0.044,0.898,0.058,0.1882,0.07058648020029068,0.44280806183815,0.48660552501678467
0.055,0.873,0.072,0.0935,0.016457604244351387,0.07638079673051834,0.9071616530418396
0.077,0.78,0.143,0.3699,0.6773142218589783,0.20728245377540588,0.11540329456329346
0.042,0.763,0.195,0.9883,0.005342346150428057,0.036125022917985916,0.9585326313972473
0.0,0.713,0.287,0.967,0.006091981660574675,0.019304806366562843,0.9746032357215881
0.0,0.737,0.263,0.8531,0.010227695107460022,0.0322265550494194,0.9575456976890564
0.0,0.845,0.155,0.6908,0.005592819768935442,0.043177053332328796,0.9512301087379456
0.034,0.743,0.223,0.9873,0.011882508173584938,0.26036956906318665,0.7277479767799377
0.054,0.782,0.164,0.9337,0.11283145844936371,0.2912302613258362,0.5959382653236389
0.0,0.5,0.5,0.943,0.003824508050456643,0.005688921548426151,0.9904865622520447
0.0,0.603,0.397,0.8811,0.0027956394478678703,0.008371365256607533,0.988832950592041
0.0,0.699,0.301,0.9619,0.005599609110504389,0.021097052842378616,0.9733033776283264
0.082,0.854,0.064,-0.4854,0.46529334783554077,0.331829309463501,0.20287740230560303
0.0,0.684,0.316,0.926,0.007041721139103174,0.024516869336366653,0.968441367149353
0.0,0.564,0.436,0.9642,0.004273675847798586,0.00857086293399334,0.9871554374694824
0.045,0.717,0.239,0.8455,0.012063080444931984,0.03638937696814537,0.9515475034713745
0.066,0.743,0.19,0.9481,0.010504007339477539,0.03293228521943092,0.9565636515617371
0.08,0.821,0.099,0.4883,0.569963812828064,0.2950389087200165,0.13499733805656433
0.037,0.87,0.093,0.34,0.6345409750938416,0.32929542660713196,0.036163557320833206
0.099,0.794,0.108,0.5983,0.35822489857673645,0.2232997864484787,0.41847535967826843
0.019,0.868,0.113,0.8443,0.01992424577474594,0.19195689260959625,0.7881188988685608
0.0,0.838,0.162,0.7823,0.009045794606208801,0.016043737530708313,0.9749104380607605
0.0,0.772,0.228,0.9606,0.0055041383020579815,0.015091640874743462,0.9794042110443115
0.009,0.845,0.147,0.9874,0.007539027836173773,0.09141458570957184,0.9010464549064636
0.008,0.818,0.174,0.9926,0.02695508673787117,0.19674436748027802,0.7763005495071411
0.049,0.951,0.0,-0.3595,0.009059146046638489,0.046915095299482346,0.9440257549285889
0.0,0.957,0.043,0.25,0.01190925296396017,0.04599255323410034,0.9420982003211975
0.051,0.676,0.273,0.9749,0.02790951356291771,0.0956883430480957,0.8764021992683411
0.0,0.565,0.435,0.9649,0.009200708009302616,0.08534003794193268,0.9054592251777649
0.0,0.686,0.314,0.7506,0.005909772589802742,0.047793637961149216,0.9462965726852417
0.013,0.75,0.237,0.9828,0.005770770832896233,0.035300735384225845,0.9589285254478455
0.0,0.585,0.415,0.9095,0.0027972813695669174,0.00880466029047966,0.988398015499115
0.066,0.614,0.32,0.9684,0.021504756063222885,0.03914017602801323,0.9393550753593445
0.034,0.728,0.238,0.8555,0.004509440157562494,0.01574040949344635,0.9797501564025879
0.0,0.823,0.177,0.6239,0.00505497120320797,0.01295506302267313,0.9819899797439575
0.245,0.652,0.103,-0.3855,0.02464968152344227,0.1434730738401413,0.8318772912025452
0.0,0.435,0.565,0.9935,0.00596846966072917,0.021405398845672607,0.9726261496543884
0.022,0.728,0.249,0.9451,0.032015133649110794,0.0763644129037857,0.8916204571723938
0.0,0.605,0.395,0.9079,0.003070944221690297,0.013849151320755482,0.9830799102783203
0.0,0.862,0.138,0.3384,0.0038566612638533115,0.015528209507465363,0.9806150794029236
0.088,0.767,0.145,0.4516,0.8926311135292053,0.09536539763212204,0.012003430165350437
0.0,0.761,0.239,0.8547,0.037431031465530396,0.15271969139575958,0.8098492622375488
0.0,0.818,0.182,0.9224,0.009006759151816368,0.0917033925652504,0.8992898464202881
0.0,0.909,0.091,0.296,0.03668596222996712,0.3623184263706207,0.6009956002235413
0.179,0.707,0.114,-0.3723,0.8967054486274719,0.0820997953414917,0.02119474671781063
0.0,0.861,0.139,0.9598,0.24800342321395874,0.48891350626945496,0.26308301091194153
0.0,0.763,0.237,0.9788,0.011630631051957607,0.07943104952573776,0.9089382886886597
0.055,0.704,0.241,0.9287,0.6195840835571289,0.2550719082355499,0.12534408271312714
0.0,0.717,0.283,0.9367,0.004191824235022068,0.023164933547377586,0.9726431965827942
0.056,0.855,0.089,0.5976,0.1649644672870636,0.2434673011302948,0.5915682315826416
0.1,0.645,0.254,0.6486,0.30980443954467773,0.3996557891368866,0.29053977131843567
0.0,0.788,0.212,0.9743,0.00734145101159811,0.0222916379570961,0.9703668355941772
0.0,0.554,0.446,0.9725,0.003675998654216528,0.012186296284198761,0.9841377139091492
0.059,0.799,0.142,0.7833,0.006778012495487928,0.024208515882492065,0.9690134525299072
0.025,0.762,0.212,0.9848,0.008473879657685757,0.0815986841917038,0.9099274277687073
0.041,0.904,0.055,0.128,0.7963456511497498,0.17815139889717102,0.025502923876047134
0.0,0.678,0.322,0.9811,0.009731258265674114,0.02641228586435318,0.9638565182685852
0.067,0.887,0.046,-0.2003,0.010940485633909702,0.08966965228319168,0.8993898034095764
0.0,0.62,0.38,0.8922,0.08743152767419815,0.2094831019639969,0.7030853629112244
0.0,0.715,0.285,0.8213,0.004569629207253456,0.01816389709711075,0.9772664308547974
0.082,0.753,0.165,0.7866,0.14240972697734833,0.2966964840888977,0.5608938336372375
0.016,0.816,0.168,0.9062,0.003707516472786665,0.02558707259595394,0.9707053899765015
0.0,0.732,0.268,0.8555,0.005950206890702248,0.013436071574687958,0.9806137084960938
0.017,0.745,0.238,0.9887,0.007107890676707029,0.027749959379434586,0.9651421308517456
0.147,0.641,0.212,0.7285,0.8162747025489807,0.12873436510562897,0.054990943521261215
0.138,0.763,0.099,-0.8157,0.9057377576828003,0.07944753766059875,0.014814717695116997
0.12,0.642,0.237,0.6369,0.8704441785812378,0.11275344341993332,0.016802359372377396
0.052,0.643,0.304,0.9312,0.004621050786226988,0.015021117404103279,0.980357825756073
0.079,0.779,0.142,0.7184,0.01119395811110735,0.034476906061172485,0.9543290734291077
0.0,0.895,0.105,0.5859,0.4472377598285675,0.4394879937171936,0.1132742390036583
0.029,0.81,0.16,0.935,0.008074493147432804,0.03699439391493797,0.9549311399459839
0.023,0.852,0.125,0.9321,0.009237363934516907,0.08167694509029388,0.9090856909751892
0.0,0.681,0.319,0.8934,0.006105215288698673,0.02905888669192791,0.9648359417915344
0.092,0.736,0.172,0.8074,0.9458673596382141,0.04557366669178009,0.008558990433812141
0.0,0.689,0.311,0.8221,0.0029007047414779663,0.0203084796667099,0.9767907857894897
0.0,0.646,0.354,0.899,0.007018253672868013,0.02821662649512291,0.964765191078186
0.0,1.0,0.0,0.0,0.5091847777366638,0.4198269546031952,0.07098821550607681
0.011,0.736,0.253,0.9839,0.014560475014150143,0.0313936211168766,0.9540458917617798
0.0,0.684,0.316,0.8658,0.5055559873580933,0.24615296721458435,0.2482909858226776
0.032,0.751,0.217,0.9954,0.0053544179536402225,0.026140104979276657,0.9685055613517761
0.086,0.818,0.096,0.4246,0.031671375036239624,0.23431013524532318,0.7340185046195984
0.045,0.737,0.218,0.8583,0.004608512856066227,0.013222377747297287,0.9821690917015076
0.038,0.73,0.232,0.9844,0.051809631288051605,0.19914446771144867,0.7490458488464355
0.0,0.782,0.218,0.8539,0.004206343553960323,0.011517628096044064,0.9842760562896729
0.051,0.79,0.16,0.9538,0.501234769821167,0.3668762445449829,0.1318889707326889
0.03,0.71,0.26,0.9757,0.04942568391561508,0.186536967754364,0.7640373706817627
0.0,0.756,0.244,0.9523,0.003564446698874235,0.020053217187523842,0.976382315158844
0.069,0.766,0.164,0.91,0.016748744994401932,0.13022691011428833,0.8530243039131165
0.0,0.766,0.234,0.6705,0.25298386812210083,0.4352502226829529,0.3117658793926239
0.0,1.0,0.0,0.0,0.9090155363082886,0.08385452628135681,0.007129944395273924
0.045,0.824,0.13,0.6114,0.894331157207489,0.08906036615371704,0.016608506441116333
0.065,0.918,0.018,-0.7641,0.8809424638748169,0.10928214341402054,0.00977539736777544
0.069,0.757,0.174,0.7028,0.00656542694196105,0.05603121593594551,0.9374033808708191
0.236,0.72,0.045,-0.9032,0.7978580594062805,0.14255790412425995,0.05958404019474983
0.128,0.872,0.0,-0.5209,0.9194363355636597,0.07339577376842499,0.007167905103415251
0.087,0.844,0.069,-0.2092,0.10840477049350739,0.4208924174308777,0.47070279717445374
0.013,0.935,0.052,0.4926,0.11163308471441269,0.216609925031662,0.6717569828033447
0.044,0.752,0.203,0.9183,0.061352264136075974,0.09348294138908386,0.8451647758483887
0.14,0.742,0.117,-0.1779,0.8140025734901428,0.14196597039699554,0.04403144493699074
0.193,0.658,0.149,-0.417,0.9437436461448669,0.04726775363087654,0.008988580666482449
0.357,0.643,0.0,-0.8745,0.9449096918106079,0.048339150846004486,0.006751129403710365
0.054,0.813,0.133,0.8161,0.8737470507621765,0.11051234602928162,0.01574060693383217
0.142,0.746,0.111,-0.5089,0.8146103620529175,0.17204177379608154,0.013347795233130455
0.0,0.659,0.341,0.8855,0.2616191506385803,0.4119252860546112,0.32645562291145325
0.0,0.828,0.172,0.4404,0.1739083230495453,0.35526779294013977,0.47082388401031494
0.0,0.867,0.133,0.7555,0.3941185772418976,0.5316907167434692,0.07419078052043915
0.144,0.856,0.0,-0.8144,0.8694514036178589,0.11753592640161514,0.013012604787945747
0.0,0.801,0.199,0.921,0.441421777009964,0.3934786915779114,0.16509953141212463
0.0,0.916,0.084,0.9136,0.1515495479106903,0.6160935163497925,0.23235689103603363
0.0,0.927,0.073,0.5106,0.8769308924674988,0.11573399603366852,0.0073351627215743065
0.0,0.93,0.07,0.3252,0.8925562500953674,0.09516564756631851,0.0122780567035079
0.096,0.745,0.158,0.25,0.8248730301856995,0.1512741893529892,0.023852845653891563
0.269,0.66,0.071,-0.8004,0.9335418343544006,0.05566389486193657,0.010794217698276043
0.115,0.755,0.13,0.1104,0.6531915068626404,0.2693934440612793,0.07741506397724152
0.0,0.718,0.282,0.9612,0.0038210833445191383,0.013554307632148266,0.9826245903968811
0.09,0.847,0.062,-0.7754,0.9218147397041321,0.07152445614337921,0.00666075199842453
0.093,0.876,0.031,-0.664,0.7192131280899048,0.23810343444347382,0.0426834300160408
0.12,0.795,0.084,-0.8814,0.7832551598548889,0.19723904132843018,0.01950586587190628
0.026,0.797,0.177,0.9217,0.004742085933685303,0.01766080968081951,0.9775970578193665
0.0,0.832,0.168,0.8172,0.005265810992568731,0.02288905158638954,0.9718451499938965
0.0,0.608,0.392,0.9859,0.0032065240666270256,0.009838034398853779,0.986955463886261
0.177,0.823,0.0,-0.9679,0.9319285154342651,0.060362208634614944,0.007709323428571224
0.114,0.735,0.151,0.6749,0.0634046196937561,0.20529501140117645,0.731300413608551
0.026,0.897,0.077,0.3291,0.23564957082271576,0.44511517882347107,0.319235235452652
0.0,0.803,0.197,0.8422,0.007111643441021442,0.025970103219151497,0.9669182896614075
0.0,0.751,0.249,0.9118,0.009870056994259357,0.03578660637140274,0.954343318939209
0.01,0.817,0.172,0.9945,0.19564348459243774,0.32454079389572144,0.4798157811164856
0.018,0.818,0.164,0.9915,0.00782573502510786,0.048268888145685196,0.9439054131507874
0.0,1.0,0.0,0.0,0.6675654649734497,0.23142139613628387,0.1010131910443306
0.009,0.845,0.147,0.9874,0.007539027836173773,0.09141458570957184,0.9010464549064636
0.0,0.601,0.399,0.8834,0.002848497126251459,0.016881631687283516,0.9802697896957397
0.019,0.835,0.146,0.8291,0.8449721336364746,0.13670599460601807,0.018321912735700607
0.0,0.781,0.219,0.9749,0.007361707743257284,0.025031041353940964,0.9676072597503662
0.0,0.536,0.464,0.9307,0.004325369838625193,0.010233987122774124,0.9854406714439392
0.0,0.802,0.198,0.6369,0.004390360787510872,0.01465816330164671,0.9809514284133911
0.0,0.857,0.143,0.6124,0.08177779614925385,0.42594656348228455,0.4922756850719452
0.043,0.649,0.308,0.9254,0.0051242210902273655,0.026207908987998962,0.9686679244041443
0.0,0.907,0.093,0.4019,0.8799751996994019,0.09747574478387833,0.022549036890268326
0.091,0.909,0.0,-0.2732,0.019297467544674873,0.4333605170249939,0.5473420023918152
0.081,0.785,0.134,0.25,0.005096528213471174,0.021106647327542305,0.9737967848777771
0.083,0.721,0.196,0.8132,0.008285248652100563,0.06528312712907791,0.9264316558837891
0.0,0.779,0.221,0.9323,0.013435941189527512,0.048520252108573914,0.9380438327789307
0.116,0.75,0.135,0.2169,0.07665455341339111,0.31736940145492554,0.6059760451316833
0.0,0.81,0.19,0.9042,0.00537099689245224,0.017345646396279335,0.9772832989692688
0.016,0.861,0.123,0.846,0.0062441336922347546,0.05410197004675865,0.9396539330482483
0.0,0.826,0.174,0.6369,0.005322600249201059,0.037910345941782,0.9567670226097107
0.0,0.889,0.111,0.9446,0.01576578989624977,0.14508691430091858,0.8391472697257996
0.056,0.726,0.217,0.9739,0.01319214329123497,0.16255709528923035,0.8242508172988892
0.042,0.857,0.101,0.8112,0.2109229564666748,0.3413037955760956,0.44777318835258484
0.031,0.831,0.138,0.8932,0.07348408550024033,0.14138929545879364,0.7851265668869019
0.022,0.845,0.133,0.9206,0.002131884917616844,0.01525090541690588,0.982617199420929
0.0,0.797,0.203,0.8567,0.0038270705845206976,0.050302524119615555,0.9458704590797424
0.063,0.859,0.078,0.4101,0.006471725646406412,0.09781739115715027,0.895710825920105
0.146,0.571,0.283,0.8802,0.02441220171749592,0.06532836705446243,0.910259485244751
0.051,0.693,0.257,0.9842,0.00727775739505887,0.022394854575395584,0.9703273177146912
0.186,0.665,0.149,-0.4503,0.8648740649223328,0.11077319085597992,0.024352820590138435
0.05,0.639,0.311,0.9834,0.0053987703286111355,0.019074782729148865,0.9755263924598694
0.007,0.827,0.166,0.9938,0.006591273471713066,0.2561482787132263,0.7372604012489319
0.009,0.845,0.147,0.9874,0.007539027836173773,0.09141458570957184,0.9010464549064636
0.0,0.83,0.17,0.8481,0.008367775939404964,0.04952848702669144,0.9421036839485168
0.0,0.837,0.163,0.8715,0.012340474873781204,0.05306389182806015,0.9345956444740295
0.085,0.682,0.233,0.5705,0.054474685341119766,0.13280744850635529,0.812717854976654
0.014,0.733,0.253,0.9779,0.2240598052740097,0.267769455909729,0.5081707239151001
0.061,0.875,0.063,0.0384,0.8744356632232666,0.11275610327720642,0.01280826237052679
0.02,0.834,0.146,0.9668,0.00426027737557888,0.03485511615872383,0.9608845710754395
0.088,0.713,0.2,0.6222,0.009531951509416103,0.02808576263487339,0.9623822569847107
0.052,0.758,0.191,0.8139,0.02149357460439205,0.0453629270195961,0.9331434965133667
0.147,0.786,0.067,-0.6341,0.012538062408566475,0.08946546167135239,0.8979964852333069
0.0,0.746,0.254,0.9585,0.00940963439643383,0.1612139344215393,0.8293764591217041
0.039,0.801,0.159,0.9169,0.042629044502973557,0.11905434727668762,0.8383166193962097
0.024,0.706,0.27,0.982,0.006538040470331907,0.026359563693404198,0.9671024680137634
0.0,0.7,0.3,0.8901,0.010911674238741398,0.025534767657518387,0.9635536074638367
0.0,0.694,0.306,0.8979,0.006905270740389824,0.013322943821549416,0.9797717928886414
0.0,0.875,0.125,0.5067,0.7812064290046692,0.21000315248966217,0.008790360763669014
0.0,0.599,0.401,0.9586,0.018726428970694542,0.03364070504903793,0.9476328492164612
0.075,0.817,0.108,0.8004,0.7501333355903625,0.2141915261745453,0.03567514941096306
0.157,0.788,0.055,-0.8088,0.9167270660400391,0.07669412344694138,0.006578775588423014
0.039,0.627,0.334,0.969,0.008472672663629055,0.04996171221137047,0.9415656328201294
0.077,0.707,0.217,0.983,0.8507187366485596,0.11612224578857422,0.03315908461809158
0.0,0.867,0.133,0.9697,0.020667823031544685,0.2857736647129059,0.6935585737228394
0.028,0.697,0.275,0.9745,0.005679355468600988,0.025259671732783318,0.9690608978271484
0.078,0.792,0.13,0.5574,0.016901204362511635,0.09026529639959335,0.8928334712982178
0.061,0.674,0.265,0.8678,0.011900709941983223,0.0278664268553257,0.9602329134941101
0.053,0.947,0.0,-0.3919,0.6913779973983765,0.2642390727996826,0.044382933527231216
0.13,0.587,0.283,0.9169,0.009563599713146687,0.027513450011610985,0.9629229307174683
0.029,0.918,0.053,0.4166,0.004763572011142969,0.09023412317037582,0.9050023555755615
0.0,0.69,0.31,0.933,0.002886451780796051,0.009907050989568233,0.9872065782546997
0.01,0.866,0.124,0.9167,0.7856033444404602,0.1822933852672577,0.03210324048995972
0.042,0.775,0.183,0.9739,0.1516142189502716,0.4193682372570038,0.4290175139904022
0.213,0.608,0.179,-0.0997,0.34465762972831726,0.4232771396636963,0.23206523060798645
0.187,0.728,0.086,-0.9194,0.7551940083503723,0.2022819221019745,0.04252414405345917
0.05,0.856,0.093,0.5597,0.08495531231164932,0.3071911931037903,0.6078534722328186
0.095,0.589,0.316,0.7074,0.003148345509544015,0.0281918253749609,0.9686598777770996
0.034,0.722,0.244,0.9375,0.005643405951559544,0.038437023758888245,0.9559195637702942
0.03,0.734,0.236,0.9554,0.004394402727484703,0.019847992807626724,0.9757576584815979
0.0,0.936,0.064,0.0772,0.003692041151225567,0.044295500963926315,0.9520124197006226
0.0,0.799,0.201,0.9545,0.010861795395612717,0.0461120679974556,0.9430261254310608
0.031,0.793,0.176,0.8316,0.008488104678690434,0.1378573477268219,0.8536545634269714
0.02,0.685,0.295,0.9814,0.003925459925085306,0.01692362315952778,0.9791508913040161
0.076,0.585,0.339,0.8595,0.003849131753668189,0.00801823753863573,0.988132655620575
0.0,0.694,0.306,0.9151,0.003065565600991249,0.01632949337363243,0.9806050062179565
0.021,0.83,0.149,0.9249,0.07318614423274994,0.25414156913757324,0.6726722717285156
0.096,0.7,0.204,0.5719,0.008917971514165401,0.041027117520570755,0.950054943561554
0.0,0.89,0.11,0.3818,0.0038132197223603725,0.021654659882187843,0.9745321273803711
0.093,0.77,0.137,0.9356,0.6648858189582825,0.21522288024425507,0.11989127099514008
0.0,0.814,0.186,0.8395,0.0020987114403396845,0.01976616121828556,0.9781351089477539
0.043,0.867,0.09,0.8845,0.4878906309604645,0.444526731967926,0.06758258491754532
0.029,0.9,0.071,0.9377,0.004401131998747587,0.1098158210515976,0.8857830166816711
0.038,0.89,0.072,0.7588,0.008697004057466984,0.15350161492824554,0.8378013968467712
0.0,0.909,0.091,0.4404,0.022657373920083046,0.1299237310886383,0.8474189043045044
0.0,0.614,0.386,0.8932,0.0027031423524022102,0.015860430896282196,0.9814364314079285
0.0,0.654,0.346,0.9022,0.005727059207856655,0.01412925310432911,0.9801437258720398
0.0,0.811,0.189,0.6808,0.021002614870667458,0.04948749393224716,0.9295098781585693
0.046,0.637,0.316,0.906,0.004174263682216406,0.02144727110862732,0.9743784070014954
0.02,0.777,0.203,0.9601,0.5100793838500977,0.4267618656158447,0.06315873563289642
0.228,0.545,0.228,0.25,0.004798454698175192,0.013690470717847347,0.9815110564231873
0.0,0.788,0.212,0.8439,0.0022665539290755987,0.009331933222711086,0.988401472568512
0.106,0.7,0.193,0.624,0.003168615745380521,0.01967410184442997,0.9771572947502136
0.018,0.882,0.099,0.9621,0.013484002090990543,0.3283195197582245,0.6581965088844299
0.0,0.774,0.226,0.9757,0.006870738696306944,0.025199072435498238,0.967930257320404
0.0,0.697,0.303,0.9476,0.0030799040105193853,0.008902020752429962,0.9880180358886719
0.0,0.816,0.184,0.7263,0.0022287690080702305,0.018122175708413124,0.979649007320404
0.05,0.69,0.26,0.8689,0.004805884789675474,0.01667574979364872,0.9785183668136597
0.0,0.744,0.256,0.8225,0.006132509559392929,0.10202135145664215,0.8918461799621582
0.077,0.634,0.289,0.7906,0.0023914172779768705,0.00872854981571436,0.9888800382614136
0.0,0.604,0.396,0.8957,0.003697360632941127,0.012055691331624985,0.9842469692230225
0.046,0.854,0.1,0.8074,0.01489313505589962,0.4864006042480469,0.49870625138282776
0.065,0.88,0.055,-0.1263,0.9165547490119934,0.07569858431816101,0.007746717426925898
0.062,0.708,0.231,0.9313,0.0016264597652480006,0.01641448587179184,0.9819590449333191
0.0,0.797,0.203,0.9098,0.009057377465069294,0.030688680708408356,0.960253894329071
0.095,0.773,0.132,0.6588,0.018978841602802277,0.02667495235800743,0.954346239566803
0.044,0.72,0.237,0.9566,0.013175762258470058,0.02832232601940632,0.9585018754005432
0.049,0.685,0.266,0.749,0.006505757104605436,0.03853854164481163,0.9549556970596313
0.0,0.746,0.254,0.8896,0.01755865104496479,0.03386632353067398,0.948574960231781
0.126,0.686,0.188,0.879,0.04122379049658775,0.20784726738929749,0.7509289979934692
0.052,0.829,0.119,0.491,0.07625160366296768,0.22210298478603363,0.7016454935073853
0.121,0.879,0.0,-0.509,0.004749990999698639,0.009681040421128273,0.9855689406394958
0.06,0.753,0.187,0.6369,0.02545848861336708,0.17468152940273285,0.7998599410057068
0.184,0.816,0.0,-0.5423,0.6618433594703674,0.29513129591941833,0.04302528128027916
0.141,0.411,0.449,0.9354,0.004203831311315298,0.008055836893618107,0.9877403378486633
0.0,0.56,0.44,0.9318,0.0032746053766459227,0.015879826620221138,0.98084557056427
0.015,0.844,0.141,0.9605,0.010573796927928925,0.04055926203727722,0.9488669037818909
0.0,0.833,0.167,0.7183,0.0063934363424777985,0.03554690256714821,0.9580597281455994
0.051,0.743,0.206,0.9694,0.005145760718733072,0.020386952906847,0.9744672775268555
0.041,0.716,0.243,0.8878,0.006090329494327307,0.027576228603720665,0.9663333892822266
0.045,0.817,0.138,0.8189,0.7820109724998474,0.16583947837352753,0.052149564027786255
0.035,0.826,0.139,0.7845,0.0039007666055113077,0.01800285093486309,0.9780963063240051
0.0,0.916,0.084,0.8356,0.003140530316159129,0.029366450384259224,0.9674930572509766
0.0,0.86,0.14,0.7345,0.006997870281338692,0.04023107886314392,0.9527710676193237
0.0,0.705,0.295,0.8718,0.003870627610012889,0.02585579827427864,0.9702736139297485
0.0,0.734,0.266,0.9118,0.021891610696911812,0.06932256370782852,0.908785879611969
0.037,0.89,0.073,0.3585,0.49577078223228455,0.3601764738559723,0.14405280351638794
0.052,0.759,0.189,0.9103,0.007909717038273811,0.03303850069642067,0.9590517282485962
0.076,0.698,0.227,0.911,0.0079698096960783,0.027252892032265663,0.9647772312164307
0.052,0.687,0.261,0.905,0.007375640328973532,0.06419732421636581,0.92842698097229
0.055,0.731,0.214,0.7414,0.005114715080708265,0.03164326027035713,0.9632420539855957
0.067,0.672,0.261,0.7467,0.0043733990751206875,0.019739851355552673,0.9758867025375366
0.0,0.623,0.377,0.9603,0.004306364804506302,0.008433600887656212,0.9872599840164185
0.0,0.552,0.448,0.9393,0.005473590921610594,0.014378017745912075,0.980148434638977
0.059,0.536,0.405,0.9312,0.00548909418284893,0.013880477286875248,0.9806304574012756
0.091,0.563,0.345,0.7824,0.0062153213657438755,0.014690439216792583,0.9790942072868347
0.07,0.648,0.282,0.8176,0.00679792370647192,0.014731135219335556,0.9784708619117737
0.0,0.635,0.365,0.7845,0.0048220474272966385,0.028526751324534416,0.966651201248169
0.0,0.717,0.283,0.8172,0.004997129086405039,0.013652951456606388,0.9813499450683594
0.028,0.865,0.107,0.9035,0.33825719356536865,0.4483182728290558,0.21342457830905914
0.0,0.88,0.12,0.9131,0.008988906629383564,0.12371909618377686,0.867292046546936
0.029,0.911,0.06,0.3116,0.47279560565948486,0.382970929145813,0.14423342049121857
0.048,0.773,0.179,0.9605,0.006728225853294134,0.02348640374839306,0.9697853922843933
0.0,0.85,0.15,0.8725,0.00699180644005537,0.10439591109752655,0.8886122703552246
0.0,0.76,0.24,0.9001,0.0033931629732251167,0.018760086968541145,0.9778467416763306
0.088,0.669,0.243,0.9403,0.5969744920730591,0.3097551167011261,0.09327042102813721
0.09,0.887,0.023,-0.6607,0.6894521117210388,0.287080317735672,0.023467550054192543
0.075,0.858,0.066,-0.1045,0.9083597660064697,0.08088188618421555,0.01075836457312107
0.087,0.774,0.139,0.6675,0.009946225211024284,0.05304742977023125,0.9370062947273254
0.102,0.824,0.073,-0.2617,0.20227964222431183,0.19958800077438354,0.5981323719024658
0.024,0.75,0.226,0.9318,0.005463229026645422,0.018478117883205414,0.9760586023330688
0.029,0.714,0.256,0.9449,0.005224145017564297,0.015953054651618004,0.9788227677345276
0.073,0.757,0.17,0.8395,0.008116234093904495,0.01944926381111145,0.9724345207214355
0.091,0.779,0.13,0.224,0.938721239566803,0.05539633333683014,0.005882431287318468
0.0,0.738,0.262,0.6901,0.013893094845116138,0.05956796184182167,0.9265390038490295
0.028,0.891,0.081,0.7227,0.0168574508279562,0.07728106528520584,0.905861496925354
0.04,0.577,0.383,0.9168,0.005231497343629599,0.014937740750610828,0.9798306822776794
0.0,0.864,0.136,0.3987,0.0339895598590374,0.23244379460811615,0.7335667014122009
0.0,0.617,0.383,0.9825,0.0028758984990417957,0.015936702489852905,0.9811874628067017
0.0,0.915,0.085,0.6697,0.0038754919078201056,0.0306826401501894,0.9654419422149658
0.1,0.709,0.191,0.6886,0.5224331617355347,0.17080803215503693,0.3067587614059448
0.0,0.805,0.195,0.9022,0.006402399390935898,0.023669356480240822,0.9699282646179199
0.109,0.785,0.106,0.2249,0.861436665058136,0.11327406764030457,0.025289226323366165
0.0,0.442,0.558,0.9764,0.004613719414919615,0.018996180966496468,0.9763901233673096
0.054,0.828,0.118,0.5632,0.361773282289505,0.5129088163375854,0.12531788647174835
0.022,0.88,0.098,0.9257,0.6221433877944946,0.34133267402648926,0.03652391955256462
0.176,0.685,0.139,-0.4376,0.9371436238288879,0.05389726161956787,0.008959119208157063
0.083,0.822,0.095,-0.409,0.14047104120254517,0.12502382695674896,0.7345051169395447
0.135,0.758,0.108,-0.3625,0.8730539679527283,0.09236607700586319,0.034579869359731674
0.247,0.562,0.191,-0.7067,0.8734201788902283,0.09906531870365143,0.027514532208442688
0.154,0.754,0.091,-0.9047,0.7347314953804016,0.22010672092437744,0.04516176879405975
0.126,0.821,0.053,-0.9321,0.9289690256118774,0.06345164030790329,0.007579258643090725
0.0,0.834,0.166,0.8745,0.010074345394968987,0.1520613729953766,0.837864339351654
0.039,0.722,0.239,0.9113,0.005357620771974325,0.03352540358901024,0.9611169695854187
0.049,0.86,0.091,0.8617,0.023280449211597443,0.26225343346595764,0.7144660949707031
0.092,0.838,0.07,-0.2047,0.5103227496147156,0.43825000524520874,0.05142724886536598
0.012,0.875,0.113,0.9834,0.007436799351125956,0.32403141260147095,0.6685317754745483
0.22,0.78,0.0,-0.7351,0.8515632152557373,0.12305255979299545,0.025384265929460526
0.152,0.664,0.185,0.1779,0.8586691617965698,0.0950976014137268,0.04623328149318695
0.354,0.566,0.079,-0.8067,0.9451484084129333,0.04710356891155243,0.007748064585030079
0.0,0.823,0.177,0.9916,0.07615098357200623,0.3637041449546814,0.5601449012756348
0.0,0.786,0.214,0.9807,0.0033922740258276463,0.0459728017449379,0.9506349563598633
0.023,0.796,0.18,0.9527,0.003435394261032343,0.07835131883621216,0.9182132482528687
0.0,0.598,0.402,0.902,0.0032192750368267298,0.024853378534317017,0.9719274044036865
0.0,0.794,0.206,0.9097,0.006560205481946468,0.026484258472919464,0.9669555425643921
0.0,0.69,0.31,0.8934,0.005181560292840004,0.011423996649682522,0.9833943843841553
0.0,0.699,0.301,0.7841,0.005694062914699316,0.009616147726774216,0.9846898317337036
0.0,0.842,0.158,0.7768,0.0021107676438987255,0.009435288608074188,0.9884539246559143
0.216,0.727,0.056,-0.8049,0.6854189038276672,0.2899628281593323,0.02461828850209713
0.038,0.789,0.173,0.9582,0.019389405846595764,0.10247040539979935,0.8781402111053467
0.14,0.663,0.197,0.617,0.857418954372406,0.12843313813209534,0.01414793822914362
0.0,0.789,0.211,0.9001,0.004134092014282942,0.028325285762548447,0.9675406217575073
0.023,0.807,0.169,0.9011,0.00572153041139245,0.07337616384029388,0.9209023118019104
0.0,0.749,0.251,0.9688,0.00771064730361104,0.031070539727807045,0.9612188935279846
0.0,0.815,0.185,0.9601,0.014199651777744293,0.09337182343006134,0.8924285769462585
0.033,0.851,0.116,0.966,0.039646510034799576,0.17049463093280792,0.7898588180541992
0.0,0.63,0.37,0.875,0.006403790321201086,0.02725193090736866,0.9663442969322205
0.166,0.75,0.083,-0.4574,0.049052413552999496,0.0829242393374443,0.8680233359336853
0.278,0.722,0.0,-0.7112,0.9271207451820374,0.0655505582690239,0.007328723557293415
0.035,0.797,0.168,0.9861,0.014868705533444881,0.1740625649690628,0.8110687136650085
0.0,0.777,0.223,0.7755,0.0033752406015992165,0.029311031103134155,0.9673137664794922
0.0,0.717,0.283,0.9595,0.010184723883867264,0.028810447081923485,0.9610047936439514
0.0,0.677,0.323,0.9531,0.004658748395740986,0.01743926852941513,0.9779019355773926
0.365,0.635,0.0,-0.8481,0.8993847966194153,0.09224187582731247,0.008373275399208069
0.0,1.0,0.0,0.0,0.004946710076183081,0.02223082445561886,0.9728224277496338
0.075,0.76,0.166,0.785,0.46988359093666077,0.3039451837539673,0.22617127001285553
0.0,0.782,0.218,0.8481,0.0028427999932318926,0.021846234798431396,0.9753109812736511
0.047,0.815,0.139,0.9021,0.22266046702861786,0.27702465653419495,0.5003148317337036
0.0,0.786,0.214,0.7783,0.002126985928043723,0.019898755475878716,0.9779742360115051
0.0,1.0,0.0,0.0,0.8857570290565491,0.10067518055438995,0.013567768037319183
0.17,0.779,0.051,-0.7785,0.2562515437602997,0.31222081184387207,0.43152764439582825
0.041,0.867,0.092,0.9161,0.006611041724681854,0.1315879374742508,0.8618009686470032
0.029,0.744,0.227,0.962,0.006399925798177719,0.04495683312416077,0.9486432075500488
0.139,0.783,0.078,-0.2351,0.8839507102966309,0.10446959733963013,0.01157967559993267
0.107,0.837,0.056,-0.9315,0.5320453643798828,0.396736204624176,0.07121847569942474
0.0,0.735,0.265,0.9598,0.003484343644231558,0.012811186723411083,0.9837045073509216
0.075,0.694,0.231,0.8345,0.011626497842371464,0.058791033923625946,0.9295824766159058
0.119,0.881,0.0,-0.4767,0.9351052045822144,0.05800124630331993,0.0068934615701437
0.078,0.77,0.151,0.769,0.7484855651855469,0.19785183668136597,0.05366253852844238
0.037,0.782,0.181,0.8807,0.5809734463691711,0.29769933223724365,0.12132715433835983
0.027,0.851,0.122,0.8841,0.03521973267197609,0.1274762898683548,0.8373039364814758
0.0,0.856,0.144,0.6369,0.006451369728893042,0.013621140271425247,0.9799275398254395
0.022,0.747,0.23,0.8879,0.0035890897270292044,0.016321547329425812,0.9800893068313599
0.0,0.882,0.118,0.9091,0.004861452616751194,0.05179867520928383,0.9433398246765137
0.0,0.879,0.121,0.4404,0.0029050325974822044,0.011671497486531734,0.9854234457015991
0.0,0.849,0.151,0.5848,0.009840796701610088,0.03923412784934044,0.9509250521659851
0.042,0.799,0.159,0.9371,0.06007691100239754,0.1058914065361023,0.8340317010879517
0.064,0.716,0.22,0.785,0.07954941689968109,0.1629607379436493,0.7574898600578308
0.0,0.526,0.474,0.9577,0.003627423895522952,0.006140025332570076,0.9902324676513672
0.0,0.711,0.289,0.899,0.02320549078285694,0.07934921234846115,0.8974453210830688
0.0,1.0,0.0,0.0,0.6545032858848572,0.28826358914375305,0.05723309889435768
0.143,0.717,0.14,0.2278,0.016353100538253784,0.12193555384874344,0.861711323261261
0.034,0.833,0.134,0.8289,0.819456160068512,0.14810992777347565,0.03243383392691612
0.0,0.79,0.21,0.8422,0.6587747931480408,0.2667984366416931,0.0744268000125885
0.0,0.703,0.297,0.9366,0.0027367710135877132,0.01547212339937687,0.9817911386489868
0.0,0.697,0.303,0.9298,0.0031247595325112343,0.011787761002779007,0.9850874543190002
0.0,0.875,0.125,0.6124,0.00654357997700572,0.13763108849525452,0.8558253049850464
0.0,0.731,0.269,0.7088,0.0030547878704965115,0.015205088071525097,0.9817401170730591
0.0,0.79,0.21,0.8271,0.0038339216262102127,0.02631152607500553,0.9698545932769775
0.025,0.735,0.24,0.9505,0.004191727377474308,0.018933700397610664,0.9768746495246887
0.0,0.798,0.202,0.5859,0.003308333456516266,0.016605032607913017,0.9800866842269897
0.0,0.832,0.168,0.7537,0.005578502081334591,0.033495280891656876,0.9609261751174927
0.043,0.925,0.033,-0.1502,0.8979849219322205,0.09088794887065887,0.011127087287604809
0.018,0.917,0.065,0.5859,0.2826516032218933,0.4253866970539093,0.291961669921875
0.0,0.721,0.279,0.8655,0.0113119101151824,0.025615444406867027,0.9630725979804993
0.124,0.705,0.171,0.8427,0.2591410279273987,0.32724133133888245,0.41361767053604126
0.092,0.717,0.191,0.4404,0.015035928227007389,0.038929861038923264,0.9460341930389404
0.071,0.802,0.126,0.7569,0.45580217242240906,0.4692308008670807,0.07496702671051025
0.0,0.932,0.068,0.7712,0.017887722700834274,0.39772695302963257,0.584385335445404
0.045,0.782,0.173,0.8791,0.13243816792964935,0.4298632740974426,0.4376985728740692
0.0,0.782,0.218,0.9198,0.005229575093835592,0.02651476301252842,0.9682556986808777
0.064,0.842,0.094,0.4005,0.00571261253207922,0.07027408480644226,0.9240133166313171
0.05,0.86,0.09,0.8774,0.04727607220411301,0.1355406790971756,0.8171831965446472
0.06,0.378,0.562,0.9634,0.004097986035048962,0.011262317188084126,0.9846396446228027
0.0,0.645,0.355,0.968,0.0027231716085225344,0.0142597621306777,0.983017086982727
0.119,0.628,0.253,0.7906,0.009220927953720093,0.02997528575360775,0.9608038067817688
0.0,0.895,0.105,0.7088,0.016129856929183006,0.06374595314264297,0.9201241135597229
0.0,0.947,0.053,0.2382,0.032025739550590515,0.23279276490211487,0.7351815104484558
0.0,0.779,0.221,0.945,0.002310495125129819,0.01608339138329029,0.9816061854362488
0.0,0.684,0.316,0.8633,0.0038449277635663748,0.016993138939142227,0.9791619777679443
0.085,0.864,0.051,-0.2755,0.8111486434936523,0.16781221330165863,0.021039113402366638
0.025,0.881,0.094,0.7184,0.4355982542037964,0.521372377872467,0.04302937909960747
0.072,0.804,0.124,0.8118,0.057489052414894104,0.22991818189620972,0.7125927805900574
0.0,0.805,0.195,0.9074,0.0028489066753536463,0.010595552623271942,0.9865555763244629
0.04,0.765,0.195,0.836,0.0041816760785877705,0.0971815288066864,0.8986367583274841
0.197,0.769,0.033,-0.8353,0.777312695980072,0.2039245367050171,0.018762735649943352
0.0,0.811,0.189,0.7845,0.0035040099173784256,0.02404208481311798,0.9724538922309875
0.0,0.791,0.209,0.9622,0.004111275542527437,0.03746813163161278,0.9584206342697144
0.079,0.684,0.237,0.9398,0.015060334466397762,0.037798188626766205,0.9471415281295776
0.038,0.722,0.24,0.9648,0.008889121003448963,0.03170347958803177,0.959407389163971
0.0,0.736,0.264,0.7845,0.006226946599781513,0.09599745273590088,0.8977755904197693
0.0,0.777,0.223,0.6494,0.03972868621349335,0.282349169254303,0.6779220700263977
0.023,0.904,0.073,0.6242,0.0055441358126699924,0.03598914295434952,0.9584667086601257
0.0,0.785,0.215,0.9419,0.003667408600449562,0.020305242389440536,0.9760273694992065
0.0,0.667,0.333,0.8999,0.00542598869651556,0.009629139676690102,0.9849448800086975
0.053,0.791,0.156,0.6486,0.7473521828651428,0.22968588769435883,0.022961940616369247
0.0,0.879,0.121,0.4404,0.02660670131444931,0.19361774623394012,0.7797755599021912
0.0,0.844,0.156,0.8588,0.011177864857017994,0.05865371972322464,0.9301683306694031
0.0,0.734,0.266,0.8264,0.0036524333991110325,0.024181842803955078,0.9721657037734985
0.049,0.734,0.218,0.9834,0.3613424003124237,0.38913166522979736,0.24952585995197296
0.028,0.852,0.12,0.9403,0.19884884357452393,0.42146605253219604,0.3796851336956024
0.0,0.846,0.154,0.8442,0.007706703618168831,0.05459184944629669,0.9377014636993408
0.0,0.613,0.387,0.8922,0.008022950030863285,0.028296157717704773,0.9636808633804321
0.0,0.764,0.236,0.8591,0.0046823034062981606,0.04008499160408974,0.9552326798439026
0.0,0.78,0.22,0.8412,0.5143479704856873,0.333472341299057,0.15217964351177216
0.051,0.818,0.132,0.7738,0.017931757494807243,0.03167499974370003,0.9503932595252991
0.0,0.75,0.25,0.8748,0.0023463016841560602,0.015201832167804241,0.982451856136322
0.0,0.603,0.397,0.9413,0.0034768960904330015,0.010566926561295986,0.9859561920166016
0.011,0.801,0.187,0.9964,0.09319332987070084,0.534637451171875,0.3721691966056824
0.033,0.839,0.128,0.6486,0.5104392766952515,0.3956592082977295,0.09390146285295486
0.035,0.551,0.415,0.978,0.02275998704135418,0.0675593689084053,0.9096806049346924
0.0,0.543,0.457,0.9118,0.0024661601055413485,0.011309660971164703,0.9862241744995117
0.0,0.86,0.14,0.4754,0.004403319209814072,0.020212652161717415,0.9753840565681458
0.042,0.797,0.161,0.9943,0.01273789256811142,0.13451619446277618,0.8527458906173706
0.071,0.673,0.256,0.9795,0.048727236688137054,0.11491338163614273,0.836359441280365
0.078,0.851,0.071,-0.101,0.8421499729156494,0.1475849598646164,0.010265098884701729
0.09,0.586,0.324,0.8315,0.017791269347071648,0.06158857047557831,0.9206201434135437
0.0,0.854,0.146,0.7174,0.004504777956753969,0.009211595170199871,0.9862836599349976
0.128,0.717,0.155,0.1759,0.10932092368602753,0.32806602120399475,0.5626130700111389
0.0,1.0,0.0,0.0,0.029435141012072563,0.899657666683197,0.07090719044208527
0.072,0.882,0.046,-0.7391,0.6974421739578247,0.27575117349624634,0.026806628331542015
0.0,0.697,0.303,0.9794,0.004875470884144306,0.03417918086051941,0.9609453678131104
0.155,0.658,0.187,0.296,0.8043474555015564,0.17369268834590912,0.0219598226249218
0.056,0.809,0.135,0.9227,0.34057945013046265,0.4464623034000397,0.21295830607414246
0.0,0.672,0.328,0.8516,0.005646574776619673,0.0312400683760643,0.9631134271621704
0.152,0.637,0.212,0.832,0.09715499728918076,0.1423618197441101,0.7604832053184509
0.023,0.831,0.145,0.9339,0.7145976424217224,0.23125803470611572,0.05414433777332306
0.073,0.868,0.059,0.0867,0.8284953832626343,0.15722204744815826,0.014282485470175743
0.012,0.866,0.122,0.9383,0.010370631702244282,0.12267439067363739,0.8669549822807312
0.043,0.824,0.133,0.9547,0.2917792797088623,0.4524640738964081,0.2557566165924072
0.07,0.568,0.362,0.8955,0.008281481452286243,0.0273789893835783,0.9643394947052002
0.0,1.0,0.0,0.0,0.0252535380423069,0.2058435082435608,0.7689029574394226
0.0,0.644,0.356,0.8915,0.0023526500444859266,0.016346508637070656,0.9813008308410645
0.02,0.686,0.294,0.969,0.02933388389647007,0.06412507593631744,0.9065410494804382
0.029,0.785,0.186,0.9429,0.09420518577098846,0.5603505373001099,0.3454442024230957
0.0,0.689,0.311,0.9695,0.004728110507130623,0.020230984315276146,0.975040853023529
0.0,0.815,0.185,0.7717,0.0070825605653226376,0.19783753156661987,0.7950798869132996
0.0,0.833,0.167,0.802,0.004630181938409805,0.03555653989315033,0.9598132967948914
0.0,0.747,0.253,0.6982,0.003312533488497138,0.02814672142267227,0.9685407280921936
0.129,0.773,0.097,-0.7771,0.8679710030555725,0.11728519946336746,0.01474373135715723
0.0,0.883,0.117,0.8349,0.006568060722202063,0.05946807190775871,0.9339638948440552
0.0,0.786,0.214,0.9098,0.005203120410442352,0.011805628426373005,0.9829912185668945
0.0,0.777,0.223,0.9498,0.004402953665703535,0.010405493900179863,0.9851915836334229
0.009,0.775,0.215,0.9956,0.006111231166869402,0.1747703105211258,0.8191183805465698
0.11,0.712,0.178,0.6361,0.19641126692295074,0.47924211621284485,0.32434654235839844
0.0,0.563,0.437,0.9747,0.0025477379094809294,0.011835574172437191,0.9856166839599609
0.089,0.895,0.017,-0.7795,0.8510170578956604,0.12975430488586426,0.01922869309782982
0.013,0.783,0.205,0.9963,0.008488023653626442,0.05530060455203056,0.936211347579956
0.012,0.741,0.247,0.9946,0.007794782519340515,0.0988607406616211,0.8933444619178772
0.0,0.836,0.164,0.9738,0.0027454292867332697,0.02488759346306324,0.972366988658905
0.045,0.918,0.037,-0.126,0.38379180431365967,0.3335314989089966,0.28267672657966614
0.0,0.78,0.22,0.9891,0.006134007126092911,0.0502324141561985,0.9436335563659668
0.0,0.86,0.14,0.7066,0.003026811173185706,0.015445571392774582,0.9815276265144348
0.0,0.725,0.275,0.802,0.005946487188339233,0.02256082370877266,0.9714926481246948
0.085,0.714,0.201,0.913,0.918349027633667,0.07394810765981674,0.007702813018113375
0.018,0.805,0.177,0.9832,0.010899766348302364,0.06553869694471359,0.9235615730285645
0.0,0.601,0.399,0.9856,0.0028804142493754625,0.010739807039499283,0.9863798022270203
0.162,0.646,0.192,0.5719,0.055560749024152756,0.1190575435757637,0.8253817558288574
0.145,0.772,0.083,-0.4588,0.8841162323951721,0.10087788105010986,0.015005955472588539
0.031,0.808,0.161,0.9702,0.1731008142232895,0.3686619699001312,0.4582372307777405
0.062,0.705,0.233,0.886,0.7233390212059021,0.21846652030944824,0.058194465935230255
0.0,0.8,0.2,0.6696,0.0032724030315876007,0.010365558788180351,0.986362099647522
0.0,0.925,0.075,0.2732,0.8908625841140747,0.09561929851770401,0.013518122024834156
0.11,0.638,0.252,0.8374,0.08691179752349854,0.16478779911994934,0.7483004331588745
0.094,0.655,0.252,0.989,0.03527950122952461,0.14391085505485535,0.8208096623420715
0.0,0.682,0.318,0.882,0.004670563153922558,0.019276998937129974,0.9760524034500122
0.0,0.742,0.258,0.8885,0.006577158346772194,0.03665437176823616,0.9567684531211853
0.0,0.607,0.393,0.9001,0.0029205570463091135,0.010364179499447346,0.9867152571678162
0.091,0.769,0.139,0.7094,0.5651698708534241,0.2424825131893158,0.19234764575958252
0.0,0.716,0.284,0.8537,0.0026642826851457357,0.0073090470395982265,0.9900267124176025
0.088,0.67,0.242,0.9054,0.05397886037826538,0.1539885252714157,0.7920326590538025
0.06,0.814,0.126,0.5899,0.04452569782733917,0.5318266153335571,0.42364761233329773
0.066,0.631,0.303,0.836,0.0048962002620100975,0.018305011093616486,0.9767987728118896
0.103,0.805,0.092,-0.1531,0.8557623028755188,0.13388773798942566,0.010350019671022892
0.065,0.852,0.083,-0.031,0.006279975175857544,0.07067179679870605,0.9230482578277588
0.036,0.794,0.171,0.766,0.029092859476804733,0.12454168498516083,0.8463654518127441
0.0,0.796,0.204,0.9633,0.013202871195971966,0.037756916135549545,0.9490401744842529
0.037,0.797,0.167,0.9609,0.02402053400874138,0.09118025004863739,0.8847992420196533
0.0,0.668,0.332,0.9175,0.0037687644362449646,0.016488326713442802,0.9797429442405701
0.023,0.698,0.279,0.9945,0.3154681622982025,0.4543350636959076,0.23019680380821228
0.0,0.858,0.142,0.7537,0.09940346330404282,0.6941467523574829,0.20644979178905487
0.041,0.786,0.172,0.9235,0.012016727589070797,0.03597879037261009,0.9520044326782227
0.034,0.534,0.432,0.9666,0.013931828550994396,0.04449044540524483,0.941577672958374
0.047,0.833,0.121,0.8633,0.021277638152241707,0.1457006186246872,0.8330217599868774
0.0,0.777,0.223,0.8225,0.04769555479288101,0.17939575016498566,0.7729086875915527
0.0,0.642,0.358,0.9055,0.004242108669131994,0.016950242221355438,0.9788076877593994
0.056,0.776,0.168,0.7449,0.02888341434299946,0.12602505087852478,0.8450915813446045
0.0,0.648,0.352,0.9732,0.0030805955175310373,0.013481858186423779,0.9834375381469727
0.344,0.62,0.037,-0.9419,0.925800085067749,0.06559842824935913,0.008601449429988861
0.124,0.698,0.177,0.8038,0.27899035811424255,0.37622788548469543,0.3447817862033844
0.0,0.625,0.375,0.9781,0.0037693094927817583,0.016797270625829697,0.9794334173202515
0.018,0.922,0.06,0.7089,0.15868061780929565,0.28272032737731934,0.558599054813385
0.0,0.667,0.333,0.8591,0.24230097234249115,0.5092955827713013,0.2484034299850464
0.0,0.759,0.241,0.872,0.018611419945955276,0.10802631080150604,0.8733623027801514
0.092,0.774,0.135,0.685,0.047636885195970535,0.19388769567012787,0.7584754228591919
0.0,0.814,0.186,0.9195,0.6350135803222656,0.2461172640323639,0.11886909604072571
0.062,0.397,0.541,0.9509,0.011289367452263832,0.036351852118968964,0.9523588418960571
0.158,0.658,0.184,0.1012,0.0047494457103312016,0.019458170980215073,0.975792407989502
0.0,0.602,0.398,0.9109,0.002861947985365987,0.012968838214874268,0.9841692447662354
0.0,0.647,0.353,0.9808,0.003549282206222415,0.0073336330242455006,0.9891170859336853
0.0,0.642,0.358,0.9668,0.0021681159269064665,0.011910023167729378,0.9859219193458557
0.0,0.807,0.193,0.9416,0.005506899673491716,0.0990903452038765,0.8954027891159058
0.023,0.829,0.148,0.8623,0.1576736867427826,0.4636686444282532,0.37865766882896423
0.0,0.85,0.15,0.5719,0.0026290107052773237,0.015055859461426735,0.982315182685852
0.041,0.663,0.296,0.9103,0.005272448528558016,0.018949022516608238,0.9757785201072693
0.103,0.758,0.139,0.4274,0.010748191736638546,0.03544965013861656,0.9538021683692932
0.113,0.887,0.0,-0.6249,0.4350564479827881,0.47465935349464417,0.09028419852256775
0.066,0.913,0.02,-0.7129,0.04297018051147461,0.4133452773094177,0.5436845421791077
0.0,0.72,0.28,0.7906,0.0029611147474497557,0.011573084630072117,0.9854657649993896
0.058,0.942,0.0,-0.3875,0.880088746547699,0.11281571537256241,0.007095564156770706
0.153,0.677,0.169,0.2263,0.8661327362060547,0.09916651993989944,0.03470074012875557
0.022,0.928,0.05,0.5267,0.07347463071346283,0.5268886089324951,0.39963674545288086
0.039,0.784,0.177,0.8705,0.011907829903066158,0.06264863908290863,0.9254435300827026
0.0,0.853,0.147,0.8625,0.44379928708076477,0.36980074644088745,0.18639995157718658
0.0,0.932,0.068,0.6463,0.004908211529254913,0.028280669823288918,0.9668111205101013
0.162,0.796,0.042,-0.943,0.8251975178718567,0.11955884099006653,0.05524374172091484
0.0,0.736,0.264,0.8011,0.00839212629944086,0.025134053081274033,0.9664738178253174
0.0,0.859,0.141,0.9651,0.006688901223242283,0.061670247465372086,0.9316408634185791
0.04,0.766,0.194,0.7529,0.007130954414606094,0.030169447883963585,0.9626995921134949
0.0,0.666,0.334,0.9003,0.0033325059339404106,0.0174808781594038,0.9791866540908813
0.122,0.649,0.229,0.8013,0.05478005111217499,0.16495062410831451,0.7802693843841553
0.026,0.806,0.168,0.9875,0.16793255507946014,0.3904329240322113,0.4416344463825226
0.0,0.741,0.259,0.9829,0.020020488649606705,0.12312562763690948,0.8568539023399353
0.0,0.846,0.154,0.6369,0.008478482253849506,0.14940589666366577,0.842115581035614
0.056,0.876,0.069,-0.0676,0.017896093428134918,0.21014374494552612,0.7719601988792419
0.036,0.836,0.129,0.9554,0.01640275865793228,0.17446847259998322,0.8091288208961487
0.089,0.791,0.12,0.5264,0.24885042011737823,0.5060314536094666,0.2451181262731552
0.0,0.661,0.339,0.9233,0.004218230955302715,0.01880696229636669,0.9769748449325562
0.0,0.484,0.516,0.9595,0.0027258964255452156,0.01187125500291586,0.9854028224945068
0.0,0.767,0.233,0.9552,0.002952583134174347,0.014095863327383995,0.9829515814781189
0.0,0.883,0.117,0.6249,0.04014488309621811,0.1700601726770401,0.789794921875
0.0,0.781,0.219,0.9663,0.005871346686035395,0.03999541327357292,0.9541332721710205
0.0,0.846,0.154,0.7181,0.004450336564332247,0.012414340861141682,0.9831353425979614
0.022,0.805,0.172,0.9401,0.004256232641637325,0.030451491475105286,0.9652922749519348
0.059,0.778,0.163,0.5984,0.003182611195370555,0.019487345591187477,0.9773299694061279
0.0,0.805,0.195,0.902,0.0035773792769759893,0.015266148373484612,0.9811564683914185
0.0,0.785,0.215,0.9586,0.005454976111650467,0.06614861637353897,0.9283963441848755
0.0,0.674,0.326,0.9631,0.0027129759546369314,0.00870753824710846,0.988579511642456
0.032,0.667,0.301,0.973,0.012648251838982105,0.041780319064855576,0.9455714821815491
0.0,0.633,0.367,0.9749,0.0032973154447972775,0.015331353060901165,0.9813713431358337
0.0,0.662,0.338,0.9636,0.0029652693774551153,0.010910671204328537,0.9861240386962891
0.0,0.886,0.114,0.8858,0.0029720859602093697,0.015910562127828598,0.981117308139801
0.0,0.828,0.172,0.7552,0.003758869832381606,0.014486732892692089,0.9817543625831604
0.026,0.721,0.253,0.9788,0.0033271536231040955,0.01088182907551527,0.9857909679412842
0.0,0.786,0.214,0.9309,0.0067310696467757225,0.01662231981754303,0.9766466021537781
0.0,0.673,0.327,0.9634,0.004877469502389431,0.02265799045562744,0.9724645018577576
0.063,0.874,0.062,-0.0129,0.8148007392883301,0.16755425930023193,0.01764502003788948
0.027,0.939,0.034,-0.1027,0.6015932559967041,0.3095948100090027,0.08881194144487381
0.083,0.695,0.222,0.6103,0.01080041378736496,0.033068764954805374,0.9561308026313782
0.061,0.83,0.109,0.34,0.8048525452613831,0.16737349331378937,0.027773912996053696
0.0,0.854,0.146,0.7823,0.007191808428615332,0.03633979707956314,0.9564683437347412
0.058,0.637,0.305,0.959,0.45315614342689514,0.38780874013900757,0.1590351164340973
0.0,0.826,0.174,0.6114,0.0059795621782541275,0.030474789440631866,0.9635456204414368
0.0,0.712,0.288,0.889,0.003226729342713952,0.01362140104174614,0.983151912689209
0.0,0.608,0.392,0.8837,0.003927521873265505,0.01104016788303852,0.985032320022583
0.111,0.75,0.14,0.4745,0.8516249656677246,0.1362053006887436,0.012169821187853813
0.07,0.836,0.094,0.7422,0.09265000373125076,0.13694286346435547,0.7704071402549744
0.0,0.911,0.089,0.5302,0.7439172863960266,0.21293309330940247,0.043149568140506744
0.0,0.794,0.206,0.8197,0.30657967925071716,0.2554594874382019,0.43796083331108093
0.0,0.635,0.365,0.962,0.015263061039149761,0.04511518031358719,0.9396218061447144
0.153,0.778,0.069,-0.4599,0.9508022665977478,0.04374273866415024,0.0054550194181501865
0.0,0.74,0.26,0.8122,0.008228636346757412,0.02887844853103161,0.9628929495811462
0.026,0.798,0.176,0.8201,0.00743904709815979,0.05477656051516533,0.9377843737602234
0.0,1.0,0.0,0.0,0.8544607758522034,0.13515542447566986,0.01038382202386856
0.004,0.907,0.088,0.9752,0.00441554794088006,0.046906955540180206,0.9486775398254395
0.093,0.907,0.0,-0.438,0.5531864762306213,0.3878091275691986,0.05900435522198677
0.027,0.773,0.2,0.9279,0.5647015571594238,0.3089139759540558,0.1263844519853592
0.032,0.834,0.134,0.5635,0.006461994722485542,0.03189881518483162,0.9616392254829407
0.0,0.766,0.234,0.9417,0.4575106203556061,0.2983611226081848,0.2441282719373703
0.05,0.787,0.163,0.6486,0.00780855817720294,0.04293208196759224,0.9492594003677368
0.055,0.697,0.249,0.8316,0.028752535581588745,0.04235748201608658,0.9288899302482605
0.065,0.681,0.253,0.9647,0.009847205132246017,0.049732524901628494,0.9404202699661255
0.0,0.738,0.262,0.9589,0.011392255313694477,0.05796676501631737,0.9306409955024719
0.0,0.772,0.228,0.8777,0.011902631260454655,0.07402360439300537,0.9140737056732178
0.166,0.834,0.0,-0.6983,0.5734073519706726,0.2839989960193634,0.1425936371088028
0.054,0.774,0.172,0.8649,0.11829669028520584,0.16344544291496277,0.7182578444480896
0.03,0.799,0.171,0.8176,0.009018490090966225,0.03436153382062912,0.9566199779510498
0.059,0.721,0.219,0.8197,0.005143214948475361,0.06353545933961868,0.931321382522583
0.038,0.519,0.443,0.9416,0.011463181115686893,0.07502096146345139,0.9135158658027649
0.0,0.85,0.15,0.5719,0.0027017993852496147,0.030874304473400116,0.9664239287376404
0.064,0.726,0.209,0.7351,0.0030243208166211843,0.01097248774021864,0.9860032200813293
0.0,0.658,0.342,0.9694,0.012257073074579239,0.04208613187074661,0.9456567764282227
0.115,0.622,0.263,0.8577,0.537921130657196,0.24241642653942108,0.21966245770454407
0.045,0.836,0.119,0.5106,0.02371269464492798,0.09677006304264069,0.8795172572135925
0.02,0.787,0.193,0.9786,0.03447332605719566,0.21096695959568024,0.7545597553253174
0.058,0.759,0.184,0.6304,0.40361931920051575,0.4734012186527252,0.12297948449850082
0.059,0.824,0.117,0.296,0.004419329110532999,0.07687925547361374,0.9187013506889343
0.038,0.853,0.109,0.6794,0.6190983057022095,0.2875699996948242,0.09333166480064392
0.117,0.805,0.078,-0.8893,0.8545114398002625,0.13606560230255127,0.009422997944056988
0.109,0.716,0.175,0.5719,0.006616704165935516,0.03780509904026985,0.9555781483650208
0.0,0.736,0.264,0.9776,0.00724507961422205,0.03971070423722267,0.9530442953109741
0.037,0.791,0.172,0.7717,0.002914863172918558,0.027390852570533752,0.9696942567825317
0.08,0.563,0.357,0.9882,0.006620066240429878,0.012458616867661476,0.9809213876724243
0.0,0.784,0.216,0.8858,0.19310617446899414,0.4166300296783447,0.3902638256549835
0.073,0.748,0.179,0.4265,0.5089198350906372,0.34802621603012085,0.14305394887924194
0.0,0.578,0.422,0.9439,0.0035492004826664925,0.008299831300973892,0.988150954246521
0.016,0.842,0.142,0.8122,0.0046946085058152676,0.04975710064172745,0.9455483555793762
0.0,1.0,0.0,0.0,0.8321183919906616,0.13698700070381165,0.030894605442881584
0.0,0.629,0.371,0.9246,0.002397994976490736,0.01611124351620674,0.9814907312393188
0.0,0.752,0.248,0.9742,0.003213871968910098,0.010460177436470985,0.9863259792327881
0.0,0.83,0.17,0.9657,0.0038180211558938026,0.025615716353058815,0.9705662727355957
0.037,0.659,0.304,0.9081,0.004823689348995686,0.012117366306483746,0.9830589294433594
0.015,0.856,0.128,0.7441,0.031044267117977142,0.20521916449069977,0.7637366056442261
0.029,0.778,0.193,0.9456,0.017442936077713966,0.0955151617527008,0.8870419263839722
0.04,0.96,0.0,-0.0572,0.8207829594612122,0.15638825297355652,0.022828787565231323
0.025,0.864,0.112,0.8225,0.05479739233851433,0.15454624593257904,0.7906563878059387
0.0,0.603,0.397,0.9856,0.0035752286203205585,0.03007114864885807,0.9663535356521606
0.0,0.688,0.312,0.8737,0.00261012208648026,0.03038611263036728,0.9670037627220154
0.0,0.731,0.269,0.8481,0.002563693793490529,0.034955259412527084,0.9624810218811035
0.249,0.68,0.071,-0.9313,0.9239127039909363,0.06860464066267014,0.007482586428523064
0.0,0.68,0.32,0.8402,0.00807105004787445,0.02623855508863926,0.9656904339790344
0.0,0.841,0.159,0.9881,0.06473654508590698,0.22091138362884521,0.7143520712852478
0.0,0.893,0.107,0.6369,0.006398400291800499,0.058902986347675323,0.9346986413002014
0.09,0.617,0.294,0.7659,0.008100551553070545,0.04494604840874672,0.9469534754753113
0.0,0.902,0.098,0.2382,0.2084897756576538,0.6273096799850464,0.164200559258461
0.031,0.717,0.252,0.9612,0.5708093047142029,0.3674067556858063,0.06178395077586174
0.063,0.937,0.0,-0.3612,0.9200401902198792,0.07322070747613907,0.00673912838101387
0.0,0.734,0.266,0.9292,0.006349461618810892,0.05019095540046692,0.9434596300125122
0.051,0.679,0.27,0.9757,0.011825049296021461,0.038789052516222,0.949385941028595
0.0,0.675,0.325,0.926,0.012587694451212883,0.02274995855987072,0.9646623134613037
0.0,0.883,0.117,0.4927,0.003976653330028057,0.022804051637649536,0.9732192754745483
0.0,0.822,0.178,0.922,0.3033231794834137,0.3202049434185028,0.3764718770980835
0.015,0.881,0.104,0.9718,0.02726326696574688,0.4940381646156311,0.4786985218524933
0.112,0.773,0.115,-0.1901,0.048698656260967255,0.2989348769187927,0.6523664593696594
0.046,0.804,0.151,0.802,0.02222164161503315,0.07569266855716705,0.9020857214927673
0.081,0.712,0.207,0.9057,0.006474088877439499,0.02188272215425968,0.9716432094573975
0.03,0.821,0.149,0.8179,0.008046557195484638,0.09457754343748093,0.8973758816719055
0.085,0.813,0.102,0.2361,0.006533259060233831,0.1197301596403122,0.8737366199493408
0.0,0.889,0.111,0.9335,0.016288762912154198,0.19854699075222015,0.7851641774177551
0.177,0.823,0.0,-0.7707,0.9109733700752258,0.07970461249351501,0.009322082623839378
0.049,0.855,0.096,0.7217,0.8781265616416931,0.10710591822862625,0.014767500571906567
0.052,0.948,0.0,-0.296,0.8048300743103027,0.17207519710063934,0.023094693198800087
0.0,1.0,0.0,0.0,0.663754403591156,0.3070552349090576,0.02919030375778675
0.073,0.786,0.141,0.7217,0.9036340117454529,0.08513391762971878,0.011232110671699047
0.0,0.741,0.259,0.8805,0.0032250601798295975,0.020239442586898804,0.9765354990959167
0.044,0.668,0.288,0.9151,0.00351815577596426,0.020832838490605354,0.9756490588188171
0.023,0.856,0.121,0.9078,0.28956183791160583,0.6260690689086914,0.08436910808086395
0.0,0.873,0.127,0.8627,0.006585567723959684,0.13086862862110138,0.8625457882881165
0.032,0.778,0.19,0.9138,0.008176812902092934,0.08607017993927002,0.9057530164718628
0.049,0.725,0.226,0.9653,0.005732230842113495,0.12073692679405212,0.8735308647155762
0.019,0.782,0.199,0.9481,0.029714277014136314,0.2632867395877838,0.7069990038871765
0.046,0.679,0.275,0.9749,0.007496897596865892,0.051629021763801575,0.9408741593360901
0.035,0.657,0.307,0.9146,0.007478213403373957,0.01380494236946106,0.9787169098854065
0.113,0.749,0.138,0.6372,0.006052124779671431,0.023474566638469696,0.9704732894897461
0.05,0.78,0.17,0.6369,0.09778410196304321,0.4857584834098816,0.4164574444293976
0.0,0.737,0.263,0.923,0.00961446762084961,0.07343444973230362,0.9169511198997498
0.124,0.846,0.03,-0.7962,0.873851478099823,0.10585139691829681,0.020297113806009293
0.034,0.847,0.119,0.9017,0.019276781007647514,0.0989026203751564,0.8818206191062927
0.0,0.695,0.305,0.8151,0.002571849850937724,0.014658516272902489,0.9827696084976196
0.062,0.782,0.156,0.7543,0.8815460801124573,0.10555718839168549,0.012896738015115261
0.152,0.575,0.273,0.6999,0.007744212169200182,0.018041664734482765,0.9742141366004944
0.0,0.782,0.218,0.9331,0.006174479145556688,0.02905472181737423,0.9647707939147949
0.085,0.696,0.219,0.9656,0.2469869703054428,0.2493751496076584,0.5036378502845764
0.026,0.752,0.222,0.9899,0.026768120005726814,0.20087948441505432,0.772352397441864
0.047,0.793,0.16,0.7901,0.012828805483877659,0.05479026213288307,0.9323809146881104
0.091,0.705,0.204,0.7655,0.004028891213238239,0.01974969543516636,0.9762213826179504
0.12,0.647,0.233,0.8478,0.33189088106155396,0.22928310930728912,0.4388260245323181
0.095,0.85,0.054,-0.3415,0.811038613319397,0.15328115224838257,0.03568023443222046
0.072,0.859,0.069,-0.0352,0.7985831499099731,0.1796046793460846,0.021812129765748978
0.138,0.806,0.056,-0.9824,0.8031244277954102,0.16795311868190765,0.028922440484166145
0.055,0.877,0.067,0.5371,0.022410592064261436,0.37118440866470337,0.6064050197601318
0.086,0.735,0.179,0.5076,0.006180175114423037,0.03229799494147301,0.9615218639373779
0.0,0.545,0.455,0.9677,0.004914706107228994,0.014623562805354595,0.9804617166519165
0.0,0.856,0.144,0.6369,0.008524224162101746,0.02725224196910858,0.9642235636711121
0.0,0.899,0.101,0.4215,0.021441061049699783,0.2689671218395233,0.709591805934906
0.026,0.896,0.078,0.931,0.025470275431871414,0.729962944984436,0.24456676840782166
0.104,0.699,0.197,0.8934,0.12866488099098206,0.2471296489238739,0.6242055296897888
0.019,0.786,0.194,0.9634,0.002620336366817355,0.07553732395172119,0.9218423962593079
0.0,0.529,0.471,0.8934,0.0038475620094686747,0.012060128152370453,0.9840923547744751
0.106,0.452,0.442,0.8855,0.003132082521915436,0.006034437566995621,0.9908334612846375
0.098,0.76,0.142,0.3083,0.059942252933979034,0.16940848529338837,0.770649254322052
0.0,0.758,0.242,0.7732,0.005241038743406534,0.046409767121076584,0.9483492374420166
0.0,0.904,0.096,0.1511,0.28412362933158875,0.6662161946296692,0.04966018348932266
0.091,0.856,0.053,-0.5366,0.8509542346000671,0.1403004229068756,0.008745402097702026
0.069,0.706,0.225,0.9037,0.007528777699917555,0.014998085796833038,0.9774731397628784
0.0,0.734,0.266,0.9652,0.008027748204767704,0.02707422897219658,0.9648979902267456
0.074,0.637,0.29,0.9461,0.004479630384594202,0.023607678711414337,0.9719127416610718
0.0,0.741,0.259,0.9115,0.006557120475918055,0.03042532689869404,0.9630175232887268
0.02,0.838,0.142,0.9841,0.0066166347824037075,0.04353424534201622,0.9498491287231445
0.0,0.749,0.251,0.7935,0.008729350753128529,0.06895960867404938,0.9223110675811768
0.096,0.719,0.185,0.8138,0.010133270174264908,0.04730191081762314,0.9425647854804993
0.0,0.765,0.235,0.9266,0.00591237423941493,0.04246276244521141,0.9516248106956482
0.0,0.811,0.189,0.9274,0.004551172722131014,0.05062489211559296,0.9448239207267761
0.0,0.59,0.41,0.926,0.004424144513905048,0.014482883736491203,0.9810929894447327
0.06,0.81,0.13,0.8697,0.6652854681015015,0.2868983745574951,0.04781610518693924
0.032,0.778,0.19,0.9425,0.015963250771164894,0.18293611705303192,0.8011006116867065
0.0,0.824,0.176,0.8625,0.0061029791831970215,0.021861931309103966,0.9720350503921509
0.105,0.595,0.3,0.7632,0.024521218612790108,0.061893150210380554,0.9135856032371521
0.164,0.836,0.0,-0.6486,0.9386483430862427,0.0537070631980896,0.007644610479474068
0.0,0.789,0.211,0.8519,0.003920561168342829,0.01404119934886694,0.9820382595062256
0.0,0.637,0.363,0.8392,0.0042937821708619595,0.008952117525041103,0.9867541193962097
0.045,0.8,0.155,0.8846,0.006913346238434315,0.03825558349490166,0.954831063747406
0.081,0.732,0.186,0.8148,0.19185860455036163,0.31705620884895325,0.49108511209487915
0.053,0.887,0.06,0.0772,0.25700435042381287,0.44285839796066284,0.3001371920108795
0.0,1.0,0.0,0.0,0.011473369784653187,0.13860087096691132,0.8499258160591125
0.093,0.66,0.247,0.684,0.0038938240613788366,0.026331860572099686,0.9697743058204651
0.09,0.873,0.037,-0.8398,0.9057794213294983,0.08676992356777191,0.007450695615261793
0.03,0.671,0.299,0.9572,0.0038589825853705406,0.020320536568760872,0.9758205413818359
0.17,0.73,0.1,-0.5893,0.945016622543335,0.04895691201090813,0.0060264854691922665
0.11,0.809,0.081,-0.2247,0.9344623684883118,0.05903849005699158,0.006499106530100107
0.089,0.883,0.028,-0.6177,0.8817249536514282,0.11034213751554489,0.007932803593575954
0.0,0.713,0.287,0.9097,0.005984189920127392,0.022256018593907356,0.9717598557472229
0.078,0.678,0.245,0.9358,0.186711385846138,0.19855180382728577,0.6147368550300598
0.0,0.871,0.129,0.7992,0.6856164932250977,0.2780539393424988,0.036329638212919235
0.107,0.448,0.445,0.976,0.011600224301218987,0.022382915019989014,0.9660168290138245
0.13,0.836,0.034,-0.4926,0.14006926119327545,0.2397278994321823,0.6202028393745422
0.123,0.802,0.075,-0.204,0.9351649284362793,0.05970374494791031,0.005131276324391365
0.0,0.912,0.088,0.5859,0.6332004070281982,0.3298969268798828,0.03690272197127342
0.034,0.7,0.266,0.9631,0.04065181314945221,0.11542871594429016,0.8439193964004517
0.031,0.814,0.155,0.995,0.36008185148239136,0.47677260637283325,0.16314560174942017
0.0,0.732,0.268,0.8316,0.0032632523216307163,0.0277686920017004,0.9689680337905884
0.212,0.788,0.0,-0.7187,0.8327291011810303,0.1555681824684143,0.01170273870229721
0.058,0.898,0.044,-0.5423,0.8439195156097412,0.14275753498077393,0.013322936370968819
0.069,0.931,0.0,-0.4215,0.8752480745315552,0.11808422207832336,0.006667715031653643
0.068,0.857,0.075,0.1901,0.021183397620916367,0.18419668078422546,0.7946199178695679
0.125,0.786,0.09,-0.4891,0.009703646413981915,0.054699789732694626,0.9355965256690979
0.0,0.809,0.191,0.8957,0.003986063878983259,0.01812279410660267,0.9778910875320435
0.107,0.768,0.125,0.1154,0.1445544958114624,0.4291573762893677,0.4262881278991699
0.0,0.707,0.293,0.8803,0.003954229410737753,0.025918420404195786,0.9701274037361145
0.0,0.86,0.14,0.555,0.005804090294986963,0.027609748765826225,0.966586172580719
0.089,0.489,0.421,0.916,0.0036614281125366688,0.0067737591452896595,0.9895647764205933
0.12,0.842,0.038,-0.9493,0.5857251286506653,0.3433432877063751,0.07093153148889542
0.084,0.809,0.107,0.1697,0.8195785880088806,0.16657480597496033,0.01384665910154581
0.095,0.66,0.245,0.8673,0.5358878374099731,0.2944882810115814,0.16962392628192902
0.067,0.759,0.174,0.7337,0.009052792564034462,0.030338935554027557,0.9606083035469055
0.0,0.631,0.369,0.9467,0.003615370951592922,0.011161520145833492,0.9852230548858643
0.033,0.934,0.033,-0.0199,0.8879194855690002,0.10306321829557419,0.009017336182296276
0.056,0.819,0.125,0.8735,0.030284157022833824,0.25304096937179565,0.7166749238967896
0.0,0.557,0.443,0.926,0.002958904718980193,0.008772900328040123,0.9882681965827942
0.0,0.904,0.096,0.5719,0.002959509612992406,0.024584941565990448,0.9724555611610413
0.083,0.869,0.048,-0.2474,0.7650314569473267,0.21651515364646912,0.018453316763043404
0.09,0.776,0.134,0.8263,0.02193804830312729,0.09834133833646774,0.8797206282615662
0.0,0.689,0.311,0.858,0.003544378560036421,0.011941619217395782,0.984514057636261
0.0,0.557,0.443,0.9265,0.0033299142960458994,0.010039090178906918,0.9866309762001038
0.0,0.784,0.216,0.9773,0.006373034790158272,0.04174818843603134,0.9518787860870361
0.13,0.753,0.117,-0.1513,0.9248143434524536,0.06714845448732376,0.008037198334932327
0.068,0.807,0.125,0.629,0.014278014190495014,0.07918678969144821,0.9065352082252502
0.026,0.698,0.276,0.9524,0.10559085756540298,0.32788920402526855,0.5665199160575867
0.0,0.773,0.227,0.8548,0.0038920650258660316,0.011240153573453426,0.9848677515983582
0.088,0.62,0.292,0.9888,0.10930364578962326,0.19380603730678558,0.6968902945518494
0.05,0.72,0.229,0.8658,0.243954136967659,0.27969080209732056,0.47635507583618164
0.11,0.816,0.074,-0.1027,0.9466553926467896,0.04644400253891945,0.006900528445839882
0.0,0.679,0.321,0.9517,0.004589128773659468,0.018030697479844093,0.9773802161216736
0.028,0.793,0.178,0.9649,0.004833726678043604,0.03548165038228035,0.9596846103668213
0.0,0.751,0.249,0.8906,0.00263990624807775,0.013630509376525879,0.9837295413017273
0.035,0.702,0.263,0.9193,0.013819546438753605,0.07370484620332718,0.9124755859375
0.0,0.841,0.159,0.8864,0.24840864539146423,0.3319554626941681,0.4196358621120453
0.0,0.755,0.245,0.6705,0.003453679382801056,0.015272806398570538,0.9812735319137573
0.139,0.861,0.0,-0.6103,0.5799992680549622,0.30489107966423035,0.11510960757732391
0.009,0.861,0.13,0.9618,0.051286812871694565,0.2320401817560196,0.7166730761528015
0.0,0.811,0.189,0.9229,0.0025956870522350073,0.01985902152955532,0.9775452613830566
0.048,0.853,0.1,0.9302,0.00601154612377286,0.105661541223526,0.8883269429206848
0.131,0.721,0.148,0.3182,0.008276036009192467,0.030440963804721832,0.9612829685211182
0.086,0.597,0.317,0.9556,0.01044525858014822,0.03344907611608505,0.956105649471283
0.0,0.923,0.077,0.126,0.04851051792502403,0.3108680546283722,0.6406214237213135
0.087,0.847,0.066,-0.1999,0.9279460310935974,0.06567823141813278,0.006375705823302269
0.0,0.579,0.421,0.887,0.0028825239278376102,0.013338466174900532,0.9837790131568909
0.0,0.685,0.315,0.7841,0.002608800306916237,0.007619507145136595,0.9897716641426086
0.0,0.638,0.362,0.8844,0.00419539213180542,0.013542219996452332,0.982262372970581
0.0,0.667,0.333,0.8585,0.0022469109389930964,0.00912828091531992,0.9886248111724854
0.07,0.681,0.249,0.8346,0.04294979199767113,0.06989622116088867,0.8871539831161499
0.0,0.605,0.395,0.9584,0.3066600561141968,0.2649756669998169,0.4283643364906311
0.027,0.709,0.264,0.9329,0.019928446039557457,0.07072975486516953,0.9093418121337891
0.0,0.864,0.136,0.6249,0.0032254052348434925,0.0236639603972435,0.9731106758117676
0.05,0.813,0.138,0.9916,0.005826906766742468,0.05984516069293022,0.9343279004096985
0.0,0.767,0.233,0.7485,0.004039174411445856,0.008099312894046307,0.9878615140914917
0.015,0.784,0.2,0.9796,0.04946966469287872,0.3965319097042084,0.5539983510971069
0.014,0.821,0.165,0.9637,0.24356615543365479,0.49720388650894165,0.25922995805740356
0.0,0.511,0.489,0.9534,0.004424733109772205,0.008115813136100769,0.9874594211578369
0.0,0.819,0.181,0.6486,0.6239449977874756,0.3116304576396942,0.0644245520234108
0.0,0.638,0.362,0.8807,0.0027408902533352375,0.020479250699281693,0.9767798781394958
0.063,0.566,0.371,0.8687,0.004116456490010023,0.018838943913578987,0.9770445823669434
0.111,0.819,0.07,-0.1779,0.7114154696464539,0.25915393233299255,0.02943064086139202
0.026,0.71,0.264,0.9589,0.1166653111577034,0.252216637134552,0.6311180591583252
0.0,0.676,0.324,0.8622,0.002536288695409894,0.016419343650341034,0.981044352054596
0.0,0.79,0.21,0.4927,0.007269195280969143,0.026561744511127472,0.966168999671936
0.0,0.8,0.2,0.7171,0.0026681614108383656,0.014642253518104553,0.982689619064331
0.031,0.773,0.197,0.9077,0.0036348914727568626,0.01444389671087265,0.9819211959838867
0.0,0.753,0.247,0.8885,0.6896945238113403,0.18466682732105255,0.12563863396644592
0.118,0.828,0.054,-0.2244,0.7669793367385864,0.20390430092811584,0.029116421937942505
0.0,1.0,0.0,0.0,0.808675229549408,0.17807988822460175,0.013244918547570705
0.019,0.867,0.113,0.9573,0.4190261960029602,0.4158708155155182,0.1651029884815216
0.042,0.748,0.21,0.8668,0.0067146853543818,0.030990373343229294,0.9622949361801147
0.0,0.755,0.245,0.8763,0.014006740413606167,0.032386090606451035,0.9536072015762329
0.0,0.822,0.178,0.9299,0.009266368113458157,0.03112972155213356,0.9596039056777954
0.048,0.69,0.263,0.9528,0.005250834859907627,0.027959035709500313,0.9667901396751404
0.219,0.702,0.078,-0.8566,0.8207362294197083,0.148708313703537,0.030555428937077522
0.0,0.781,0.219,0.8398,0.003379381727427244,0.012004847638309002,0.9846157431602478
0.0,0.815,0.185,0.9503,0.0034031346440315247,0.021260151639580727,0.9753367304801941
0.0,0.783,0.217,0.8169,0.005327937658876181,0.01789597049355507,0.976776123046875
0.08,0.85,0.07,0.024,0.006583735812455416,0.07065202295780182,0.922764241695404
0.113,0.787,0.101,-0.0343,0.029534174129366875,0.2482060343027115,0.7222597599029541
0.075,0.595,0.329,0.9711,0.0030105828773230314,0.012773994356393814,0.9842154383659363
0.051,0.822,0.126,0.5499,0.02209169790148735,0.1374617964029312,0.8404465317726135
0.09,0.758,0.152,0.4909,0.004814185667783022,0.018521396443247795,0.9766644239425659
0.127,0.787,0.087,-0.7763,0.7306713461875916,0.22147439420223236,0.04785431548953056
0.0,0.87,0.13,0.6269,0.008539512753486633,0.07105542719364166,0.9204050898551941
0.112,0.65,0.238,0.831,0.6010532379150391,0.2559778392314911,0.14296896755695343
0.0,0.772,0.228,0.6633,0.0077093299478292465,0.025437502190470695,0.9668532013893127
0.0,0.835,0.165,0.5457,0.09125088155269623,0.6354771256446838,0.27327200770378113
0.064,0.553,0.383,0.9182,0.009135409258306026,0.029774127528071404,0.9610904455184937
0.0,0.853,0.147,0.4767,0.010428810492157936,0.2108883410692215,0.7786828875541687
0.005,0.753,0.243,0.996,0.007824757136404514,0.20810441672801971,0.7840708494186401
0.0,0.957,0.043,0.3802,0.0068021854385733604,0.18354028463363647,0.8096575140953064
0.0,0.74,0.26,0.9413,0.005414940416812897,0.02918737567961216,0.9653977155685425
0.0,0.658,0.342,0.9488,0.003944567870348692,0.01367398351430893,0.9823814034461975
0.18,0.758,0.062,-0.7176,0.6241798400878906,0.23960082232952118,0.136219322681427
0.037,0.823,0.14,0.6998,0.007750799413770437,0.04872414469718933,0.9435250759124756
0.049,0.494,0.457,0.9112,0.00628284178674221,0.04634910821914673,0.9473680853843689
0.0,0.697,0.303,0.9313,0.003145484486594796,0.008003284223377705,0.9888512492179871
0.0,0.91,0.09,0.9464,0.015735840424895287,0.2791570723056793,0.7051070928573608
0.13,0.78,0.091,-0.2023,0.21390117704868317,0.18600645661354065,0.6000924110412598
0.042,0.762,0.196,0.7574,0.4885987341403961,0.2851821184158325,0.22621914744377136
0.0,0.638,0.362,0.9421,0.004346388392150402,0.018626002594828606,0.9770276546478271
0.126,0.815,0.059,-0.685,0.20579862594604492,0.49932652711868286,0.29487478733062744
0.0,0.924,0.076,0.6249,0.0814530998468399,0.48630863428115845,0.43223822116851807
0.0,0.767,0.233,0.9312,0.004409085493534803,0.010109634138643742,0.985481321811676
0.029,0.78,0.191,0.9348,0.017333198338747025,0.09874407202005386,0.8839227557182312
0.032,0.651,0.317,0.9513,0.023241987451910973,0.06288383156061172,0.9138741493225098
0.009,0.813,0.179,0.9603,0.008479095995426178,0.1012728363275528,0.8902480602264404
0.025,0.78,0.196,0.9379,0.013180272653698921,0.0669107660651207,0.9199090003967285
0.0,0.661,0.339,0.9612,0.0029736878350377083,0.013467485085129738,0.9835588335990906
0.0,0.753,0.247,0.7845,0.0206768736243248,0.0925108790397644,0.8868122696876526
0.0,0.907,0.093,0.4877,0.018434658646583557,0.10415655374526978,0.8774088025093079
0.028,0.761,0.212,0.9331,0.011142505332827568,0.07008673250675201,0.9187707901000977
0.046,0.868,0.087,0.4371,0.019023867323994637,0.11222203075885773,0.8687540888786316
0.0,0.79,0.21,0.7269,0.00584800448268652,0.07600046694278717,0.9181515574455261
0.0,0.759,0.241,0.6908,0.005753395613282919,0.03843825310468674,0.9558083415031433
0.081,0.644,0.275,0.6908,0.006145067512989044,0.019539067521691322,0.9743158221244812
0.143,0.627,0.231,0.5423,0.3932955861091614,0.31105485558509827,0.29564958810806274
0.0,0.695,0.305,0.8779,0.0036861791741102934,0.013461011461913586,0.9828527569770813
0.0,0.699,0.301,0.9645,0.0071611846797168255,0.03801363706588745,0.9548251628875732
0.022,0.739,0.24,0.9717,0.0043946485966444016,0.01282795611768961,0.9827773571014404
0.0,0.768,0.232,0.7669,0.0046385908499360085,0.016984600573778152,0.9783768653869629
0.152,0.788,0.059,-0.8953,0.84331876039505,0.14251837134361267,0.014162827283143997
0.0,0.584,0.416,0.9727,0.003110066754743457,0.01872250624001026,0.9781674146652222
0.028,0.683,0.289,0.9928,0.00339905614964664,0.015712035819888115,0.9808889031410217
0.0,0.841,0.159,0.5574,0.005351559724658728,0.02150760032236576,0.9731407761573792
0.016,0.745,0.238,0.9545,0.8390398621559143,0.14355343580245972,0.017406698316335678
0.0,0.834,0.166,0.6784,0.0075985947623848915,0.01706245355308056,0.975338876247406
0.05,0.731,0.219,0.9381,0.009025412611663342,0.06942073255777359,0.9215538501739502
0.041,0.697,0.262,0.8707,0.0053883814252913,0.06368658691644669,0.9309250116348267
0.0,0.69,0.31,0.9117,0.00432385690510273,0.025420233607292175,0.970255970954895
0.05,0.806,0.144,0.6486,0.041984111070632935,0.14926686882972717,0.8087489604949951
0.129,0.78,0.092,-0.3591,0.017544982954859734,0.11711832880973816,0.8653367161750793
0.101,0.806,0.093,0.3682,0.8139888048171997,0.14976125955581665,0.03624998405575752
0.0,0.692,0.308,0.8402,0.006360760424286127,0.03646647557616234,0.957172691822052
0.109,0.811,0.08,-0.0387,0.16930408775806427,0.4296203851699829,0.4010755121707916
0.043,0.584,0.373,0.9551,0.004877214320003986,0.019054125994443893,0.9760686159133911
0.064,0.75,0.186,0.692,0.003932201769202948,0.014295199885964394,0.9817726016044617
0.114,0.751,0.135,0.2669,0.22363972663879395,0.5078405737876892,0.26851969957351685
0.104,0.685,0.212,0.9139,0.8684585690498352,0.11543384939432144,0.016107525676488876
0.246,0.754,0.0,-0.7801,0.9239308834075928,0.06630200892686844,0.009767090901732445
0.137,0.826,0.037,-0.6973,0.847857654094696,0.14400798082351685,0.008134295232594013
0.0,0.649,0.351,0.945,0.0028603412210941315,0.009010438807308674,0.988129198551178
0.0,0.662,0.338,0.9458,0.004295544233173132,0.01064009964466095,0.9850643277168274
0.016,0.756,0.228,0.995,0.004982902202755213,0.028415320441126823,0.9666017889976501
0.047,0.854,0.099,0.465,0.04288756847381592,0.14775703847408295,0.8093554377555847
0.038,0.677,0.285,0.9851,0.012992029078304768,0.10506819188594818,0.8819397687911987
0.0,0.634,0.366,0.9617,0.004195010289549828,0.015566308051347733,0.980238676071167
0.0,0.573,0.427,0.9545,0.00521972868591547,0.012804128229618073,0.9819761514663696
0.0,0.576,0.424,0.9696,0.003971195314079523,0.010031495243310928,0.9859973192214966
0.036,0.854,0.11,0.6724,0.8280810117721558,0.15440265834331512,0.017516328021883965
0.0,0.792,0.208,0.8462,0.018214816227555275,0.09177166223526001,0.8900135159492493
0.075,0.793,0.132,0.6224,0.026744423434138298,0.1633172333240509,0.809938371181488
0.0,0.793,0.207,0.927,0.0032587735913693905,0.024821138009428978,0.9719200730323792
0.0,0.717,0.283,0.8877,0.005101306829601526,0.02124832756817341,0.973650336265564
0.013,0.744,0.242,0.9816,0.0036898725666105747,0.016492290422320366,0.9798177480697632
0.033,0.828,0.139,0.9887,0.13819029927253723,0.6821466088294983,0.17966312170028687
0.098,0.818,0.084,-0.1311,0.915159285068512,0.07463204860687256,0.01020871102809906
0.076,0.706,0.218,0.7184,0.012526752427220345,0.027325037866830826,0.9601481556892395
0.0,0.8,0.2,0.9052,0.004681955557316542,0.021763648837804794,0.9735543727874756
0.056,0.476,0.469,0.9084,0.003680057590827346,0.017779046669602394,0.97854083776474
0.0,0.647,0.353,0.927,0.004063216503709555,0.011412374675273895,0.9845244288444519
0.0,0.838,0.162,0.926,0.26502588391304016,0.5827280282974243,0.15224608778953552
0.0,0.499,0.501,0.952,0.009447013959288597,0.017408592626452446,0.9731444120407104
0.0,0.696,0.304,0.9371,0.0020925390999764204,0.013524452224373817,0.9843830466270447
0.0,0.94,0.06,0.3612,0.008167977444827557,0.045410607010126114,0.9464213848114014
0.0,0.896,0.104,0.54,0.0038664829917252064,0.02089349552989006,0.9752400517463684
0.0,0.874,0.126,0.7469,0.021303243935108185,0.09812243282794952,0.8805742859840393
0.085,0.74,0.175,0.939,0.3772117793560028,0.409651517868042,0.2131367027759552
0.039,0.86,0.102,0.5574,0.28557026386260986,0.425231397151947,0.2891983687877655
0.0,0.611,0.389,0.8805,0.0030520204454660416,0.013930457644164562,0.9830175638198853
0.176,0.503,0.322,0.6541,0.03344980254769325,0.09712306410074234,0.8694271445274353
0.0,0.819,0.181,0.9577,0.09276537597179413,0.1510714590549469,0.7561631798744202
0.0,0.683,0.317,0.9584,0.04005894809961319,0.2788972556591034,0.681043803691864
0.024,0.82,0.156,0.8092,0.040285129100084305,0.1376984566450119,0.8220163583755493
0.0,0.796,0.204,0.7717,0.015004971995949745,0.10061798244714737,0.8843770623207092
0.0,0.691,0.309,0.7003,0.09976241737604141,0.39051902294158936,0.5097185969352722
0.0,0.731,0.269,0.8834,0.004694077186286449,0.07835662364959717,0.9169493317604065
0.0,0.797,0.203,0.7269,0.016853228211402893,0.18221567571163177,0.8009310960769653
0.05,0.688,0.262,0.8402,0.012493262998759747,0.07072402536869049,0.9167827367782593
0.02,0.793,0.187,0.9416,0.02371620014309883,0.15947508811950684,0.8168087601661682
0.0,0.849,0.151,0.6705,0.007854258641600609,0.047773100435733795,0.9443726539611816
0.048,0.845,0.107,0.6152,0.002657012315467,0.01326900627464056,0.9840739965438843
0.041,0.606,0.353,0.9551,0.004231383558362722,0.015566679649055004,0.9802019000053406
0.0,0.891,0.109,0.6588,0.05327165126800537,0.17856308817863464,0.7681652307510376
0.053,0.947,0.0,-0.554,0.5639268159866333,0.3923730254173279,0.04370008409023285
0.091,0.599,0.31,0.855,0.008838868699967861,0.019969329237937927,0.9711918234825134
0.025,0.657,0.317,0.9351,0.02842462994158268,0.13627582788467407,0.8352996110916138
0.0,0.571,0.429,0.9584,0.00414190161973238,0.015201144851744175,0.9806569218635559
0.115,0.607,0.278,0.7269,0.06818575412034988,0.34015682339668274,0.5916574597358704
0.0,0.69,0.31,0.9638,0.0051900302059948444,0.03991403803229332,0.9548959136009216
0.033,0.567,0.399,0.9727,0.0050467560067772865,0.010486938059329987,0.9844663143157959
0.047,0.704,0.249,0.7628,0.0035692283418029547,0.031853534281253815,0.9645772576332092
0.0,0.698,0.302,0.9078,0.003370675491169095,0.010522082448005676,0.9861072301864624
0.0,0.575,0.425,0.9022,0.009970568120479584,0.03187177702784538,0.9581576585769653
0.061,0.858,0.081,0.186,0.0337156243622303,0.4214307367801666,0.5448536276817322
0.0,0.682,0.318,0.6801,0.007021252531558275,0.02425556816160679,0.9687231779098511
0.0,0.856,0.144,0.5719,0.0036626309156417847,0.04646358639001846,0.9498738050460815
0.0,0.641,0.359,0.9403,0.002667301567271352,0.014290194027125835,0.9830424785614014
0.0,0.81,0.19,0.9022,0.009513795375823975,0.13382188975811005,0.8566643595695496
0.0,0.725,0.275,0.9345,0.023876992985606194,0.18092800676822662,0.7951949834823608
0.0,0.849,0.151,0.9148,0.003169781295582652,0.02246810495853424,0.9743621349334717
0.021,0.792,0.187,0.8711,0.0034023921471089125,0.02281097136437893,0.9737866520881653
0.0,0.859,0.141,0.8876,0.4998295307159424,0.45604828000068665,0.04412217065691948
0.0,0.776,0.224,0.9132,0.005017884075641632,0.036074597388505936,0.9589074850082397
0.08,0.777,0.143,0.9807,0.5160343050956726,0.3901957869529724,0.09376989305019379
0.015,0.906,0.079,0.8055,0.2030552625656128,0.5002333521842957,0.29671135544776917
0.038,0.89,0.072,0.3071,0.013339126482605934,0.029005402699112892,0.9576554894447327
0.099,0.776,0.125,0.7712,0.22974984347820282,0.5242112874984741,0.24603888392448425
0.043,0.758,0.199,0.9866,0.006434341426938772,0.03796190395951271,0.9556037783622742
0.0,0.709,0.291,0.9061,0.006568251643329859,0.021369822323322296,0.9720619916915894
0.016,0.872,0.112,0.8846,0.008454750292003155,0.13752034306526184,0.8540249466896057
0.0,0.75,0.25,0.9287,0.4593687355518341,0.31160008907318115,0.22903116047382355
0.034,0.882,0.084,0.4497,0.5938971042633057,0.37966349720954895,0.02643936313688755
0.085,0.766,0.149,0.2933,0.2946452796459198,0.34092047810554504,0.36443427205085754
0.064,0.893,0.043,-0.2801,0.3882712721824646,0.4506620466709137,0.16106665134429932
0.098,0.795,0.108,0.6804,0.27203744649887085,0.34813740849494934,0.3798252046108246
0.092,0.573,0.335,0.9337,0.008100836537778378,0.0355398915708065,0.9563592672348022
0.093,0.736,0.171,0.8515,0.013825484551489353,0.17013786733150482,0.8160366415977478
0.052,0.619,0.329,0.9213,0.004129752051085234,0.01882156915962696,0.9770486950874329
0.04,0.86,0.1,0.4116,0.005743694957345724,0.0479905903339386,0.9462657570838928
0.0,0.806,0.194,0.6249,0.00913514569401741,0.05506065487861633,0.9358042478561401
0.09,0.719,0.192,0.9328,0.03936086222529411,0.08910156786441803,0.8715375065803528
0.063,0.766,0.172,0.9081,0.04548488184809685,0.18363425135612488,0.7708808779716492
0.016,0.877,0.107,0.9008,0.026073703542351723,0.17496421933174133,0.7989620566368103
0.0,0.827,0.173,0.9463,0.009090627543628216,0.05009978264570236,0.9408095479011536
0.037,0.739,0.224,0.9427,0.004600320011377335,0.01226641982793808,0.9831332564353943
0.032,0.81,0.158,0.8657,0.006041890941560268,0.034551020711660385,0.9594070315361023
0.0,0.686,0.314,0.9517,0.0036890339106321335,0.009651217609643936,0.9866597652435303
0.02,0.869,0.111,0.8122,0.00808428693562746,0.030425893142819405,0.9614897966384888
0.0,0.802,0.198,0.886,0.0038261760491877794,0.012991974130272865,0.983181893825531
0.0,0.874,0.126,0.7449,0.0033728801645338535,0.031767453998327255,0.9648597240447998
0.0,0.815,0.185,0.977,0.007486424874514341,0.03594713658094406,0.9565663933753967
0.0,0.778,0.222,0.902,0.00576135003939271,0.06360938400030136,0.9306291937828064
0.034,0.857,0.109,0.8415,0.15216799080371857,0.5729697346687317,0.2748623490333557
0.03,0.784,0.186,0.9832,0.007885882630944252,0.031218502670526505,0.9608955979347229
0.122,0.794,0.084,-0.7649,0.0058904970064759254,0.04856262356042862,0.9455468654632568
0.0,0.834,0.166,0.6115,0.00358146196231246,0.011350557208061218,0.9850679039955139
0.0,0.635,0.365,0.91,0.0038177608512341976,0.02071455307304859,0.9754677414894104
0.0,0.71,0.29,0.9099,0.003632237436249852,0.016202162951231003,0.9801656007766724
0.18,0.781,0.039,-0.8556,0.8854491710662842,0.1021953821182251,0.012355541810393333
0.0,0.76,0.24,0.9413,0.06500617414712906,0.2709890604019165,0.6640047430992126
0.0,0.887,0.113,0.4926,0.00591212697327137,0.03959811478853226,0.9544897675514221
0.198,0.745,0.056,-0.7934,0.868959903717041,0.11309462040662766,0.01794544793665409
0.036,0.918,0.046,0.1154,0.8376419544219971,0.12952862679958344,0.03282945975661278
0.087,0.621,0.293,0.9809,0.014785426668822765,0.08707213401794434,0.898142397403717
0.058,0.809,0.133,0.2846,0.013339097611606121,0.042820364236831665,0.943840503692627
0.0,0.668,0.332,0.8979,0.0033675828017294407,0.009631137363612652,0.9870012998580933
0.235,0.694,0.071,-0.8504,0.9488582611083984,0.045910418033599854,0.005231349729001522
0.0,0.917,0.083,0.2714,0.0046195681206882,0.021641910076141357,0.9737384915351868
0.11,0.705,0.185,0.4019,0.19289202988147736,0.26949140429496765,0.5376166105270386
0.082,0.775,0.143,0.4003,0.052794817835092545,0.44209596514701843,0.5051092505455017
0.058,0.753,0.189,0.9675,0.041067805141210556,0.29094958305358887,0.6679826378822327
0.0,0.733,0.267,0.7351,0.012214964255690575,0.1663922518491745,0.821392834186554
0.0,0.812,0.188,0.9649,0.00259526283480227,0.047858886420726776,0.9495458602905273
0.059,0.723,0.218,0.9759,0.033444568514823914,0.10811261832714081,0.8584428429603577
0.0,0.866,0.134,0.5719,0.0024226256646215916,0.010481825098395348,0.9870954751968384
0.0,0.712,0.288,0.9762,0.005080505274236202,0.016649432480335236,0.9782700538635254
0.0,0.755,0.245,0.8316,0.0039333198219537735,0.019455743953585625,0.9766108989715576
0.045,0.736,0.219,0.9643,0.0037299401592463255,0.012806021608412266,0.9834640622138977
0.1,0.558,0.341,0.8164,0.014247964136302471,0.029815873131155968,0.9559361338615417
0.0,0.67,0.33,0.9667,0.0022829894442111254,0.009670689702033997,0.9880462884902954
0.0,0.802,0.198,0.836,0.0038246512413024902,0.020045600831508636,0.9761297106742859
0.042,0.77,0.188,0.9083,0.008314360864460468,0.03534659370779991,0.9563390016555786
0.033,0.849,0.117,0.8779,0.7965021729469299,0.17599554359912872,0.027502302080392838
0.012,0.77,0.219,0.961,0.0034153468441218138,0.033580224961042404,0.9630044102668762
0.03,0.896,0.074,0.6698,0.012297723442316055,0.07919370383024216,0.9085085988044739
0.0,0.794,0.206,0.8625,0.010247371159493923,0.03526872396469116,0.9544839262962341
0.036,0.826,0.138,0.6916,0.007313092239201069,0.05854925885796547,0.9341375827789307
0.062,0.839,0.099,0.1868,0.8293676972389221,0.15767249464988708,0.012959858402609825
0.082,0.845,0.073,0.2908,0.5271274447441101,0.36764442920684814,0.10522811859846115
0.0,0.932,0.068,0.8201,0.07954338937997818,0.634870707988739,0.2855859696865082
0.016,0.887,0.097,0.7905,0.026580851525068283,0.09421230107545853,0.8792068362236023
0.0,0.723,0.277,0.7845,0.0029896716587245464,0.011526837013661861,0.9854835271835327
0.081,0.829,0.09,0.2372,0.6914798617362976,0.22413600981235504,0.08438406884670258
0.109,0.818,0.073,-0.3818,0.8655760884284973,0.1155952587723732,0.018828602507710457
0.045,0.817,0.138,0.5123,0.6663945317268372,0.2872038185596466,0.046401623636484146
0.241,0.575,0.184,-0.1913,0.6798604130744934,0.2726936936378479,0.04744592681527138
0.053,0.853,0.094,0.3642,0.4454732835292816,0.4751245379447937,0.07940223067998886
0.0,0.602,0.398,0.8908,0.0031831597443670034,0.01758449338376522,0.9792323708534241
0.038,0.7,0.262,0.9591,0.026298455893993378,0.04333540424704552,0.9303660988807678
0.041,0.721,0.238,0.9872,0.02037961594760418,0.14608797430992126,0.8335323333740234
0.0,0.734,0.266,0.9942,0.007577035576105118,0.07499364763498306,0.9174293875694275
0.014,0.817,0.169,0.9664,0.004779053386300802,0.05867057293653488,0.9365503787994385
0.022,0.896,0.082,0.7277,0.010805580765008926,0.17460355162620544,0.8145908713340759
0.046,0.545,0.409,0.9398,0.0331999696791172,0.13094085454940796,0.8358591198921204
0.134,0.866,0.0,-0.5875,0.9306302666664124,0.06282871216535568,0.006540960166603327
0.066,0.887,0.046,-0.1216,0.008826088160276413,0.033749066293239594,0.9574248194694519
0.0,0.737,0.263,0.8934,0.0036180519964545965,0.022623848170042038,0.9737581610679626
0.062,0.833,0.104,0.4939,0.004953800234943628,0.1452697068452835,0.8497765064239502
0.017,0.814,0.169,0.9489,0.005862491205334663,0.022073911502957344,0.9720635414123535
0.0,0.899,0.101,0.5574,0.027963900938630104,0.5092211365699768,0.46281489729881287
0.0,0.827,0.173,0.9661,0.005662323907017708,0.02833992801606655,0.9659978151321411
0.0,0.891,0.109,0.6588,0.004602933768182993,0.03153390437364578,0.9638631343841553
0.0,0.749,0.251,0.9712,0.06070695072412491,0.22520670294761658,0.7140863537788391
0.061,0.448,0.491,0.9369,0.009836798533797264,0.02493518777191639,0.9652279615402222
0.088,0.619,0.293,0.9275,0.023352105170488358,0.06739573925733566,0.9092521667480469
0.049,0.881,0.07,0.0147,0.49052491784095764,0.3607369363307953,0.1487381011247635
0.0,0.708,0.292,0.7814,0.012351682409644127,0.05468503385782242,0.9329633116722107
0.038,0.843,0.119,0.9678,0.008409226313233376,0.09126630425453186,0.9003245234489441
0.052,0.823,0.125,0.9372,0.07056480646133423,0.29042375087738037,0.6390115022659302
0.0,0.763,0.237,0.7096,0.08072860538959503,0.2677813172340393,0.6514900326728821
0.074,0.8,0.126,0.6172,0.9154734015464783,0.07418259233236313,0.010344043374061584
0.169,0.705,0.126,-0.4276,0.8589086532592773,0.11345706135034561,0.02763432264328003
0.048,0.522,0.43,0.8885,0.004688667599111795,0.014055576175451279,0.9812557101249695
0.037,0.611,0.353,0.9748,0.0072806826792657375,0.021467601880431175,0.9712517261505127
0.0,0.667,0.333,0.8402,0.007447770331054926,0.022394489496946335,0.97015780210495
0.049,0.861,0.09,0.4767,0.12985548377037048,0.12418974190950394,0.7459548115730286
0.074,0.895,0.031,-0.3211,0.9221269488334656,0.07069071382284164,0.007182339671999216
0.0,0.51,0.49,0.9109,0.003261333331465721,0.010258175432682037,0.9864805340766907
0.0,0.824,0.176,0.5411,0.09404037147760391,0.3862590789794922,0.5197005271911621
0.014,0.828,0.158,0.9829,0.007668153382837772,0.1021374762058258,0.8901944160461426
0.066,0.794,0.14,0.6486,0.005416502710431814,0.027761809527873993,0.9668216705322266
0.065,0.813,0.122,0.34,0.7923476696014404,0.18568581342697144,0.021966513246297836
0.0,0.895,0.105,0.9167,0.026814479380846024,0.3651077449321747,0.6080777645111084
0.0,0.772,0.228,0.9831,0.0027894184459000826,0.01550084538757801,0.9817097783088684
0.035,0.763,0.202,0.9599,0.010817497968673706,0.04218561202287674,0.9469968676567078
0.02,0.759,0.221,0.9609,0.028518248349428177,0.16882668435573578,0.802655041217804
0.0,0.907,0.093,0.3291,0.007849430665373802,0.019034113734960556,0.973116397857666
0.025,0.764,0.212,0.99,0.011134774424135685,0.06272214651107788,0.9261431097984314
0.13,0.87,0.0,-0.4019,0.8491611480712891,0.14206525683403015,0.008773605339229107
0.066,0.597,0.337,0.8779,0.0039642625488340855,0.01595059037208557,0.9800851941108704
0.204,0.704,0.092,-0.5848,0.8900315761566162,0.09922631829977036,0.010742045007646084
0.0,0.661,0.339,0.8817,0.006300760433077812,0.021897178143262863,0.9718020558357239
0.126,0.71,0.164,0.5162,0.7134097814559937,0.19596298038959503,0.09062723815441132
0.029,0.764,0.207,0.8653,0.0683026909828186,0.13685919344425201,0.7948380708694458
0.0,0.731,0.269,0.9404,0.054700590670108795,0.1120569109916687,0.8332424759864807
0.0,0.903,0.097,0.3919,0.007753456477075815,0.2453925758600235,0.7468539476394653
0.082,0.824,0.093,0.8413,0.8281965255737305,0.14224350452423096,0.029559945687651634
0.023,0.748,0.229,0.9864,0.009348561055958271,0.06852113455533981,0.922130286693573
0.097,0.903,0.0,-0.235,0.3064606487751007,0.4307924509048462,0.2627468407154083
0.046,0.754,0.2,0.9953,0.24874654412269592,0.5803505182266235,0.17090290784835815
0.047,0.806,0.147,0.9141,0.20725078880786896,0.5345179438591003,0.2582312822341919
0.078,0.69,0.232,0.9808,0.12296118587255478,0.13721773028373718,0.7398210763931274
0.054,0.739,0.208,0.643,0.007082796189934015,0.022611983120441437,0.9703052639961243
0.024,0.9,0.076,0.7696,0.1972533017396927,0.658689558506012,0.14405709505081177
0.0,0.556,0.444,0.9001,0.003482548985630274,0.008891905657947063,0.9876255393028259
0.052,0.684,0.265,0.958,0.003751214127987623,0.020664555951952934,0.9755842685699463
0.077,0.629,0.294,0.802,0.003251731162890792,0.017823506146669388,0.9789247512817383
0.086,0.83,0.084,0.4249,0.05494567006826401,0.14063717424869537,0.8044171333312988
0.0,0.745,0.255,0.8906,0.008770770393311977,0.029060347005724907,0.9621689319610596
0.017,0.907,0.076,0.8364,0.14953580498695374,0.1985855996608734,0.6518785357475281
0.082,0.687,0.231,0.9582,0.013717632740736008,0.0775020644068718,0.9087803363800049
0.0,0.588,0.412,0.9364,0.01329552847892046,0.023687057197093964,0.963017463684082
0.0,0.606,0.394,0.8555,0.005325975827872753,0.015021029859781265,0.979653000831604
0.0,1.0,0.0,0.0,0.002631216077134013,0.05830913782119751,0.9390596747398376
0.0,0.939,0.061,0.2382,0.10334718972444534,0.32482144236564636,0.5718313455581665
0.0,0.826,0.174,0.9436,0.008766678161919117,0.0478430800139904,0.9433902502059937
0.147,0.669,0.185,0.4988,0.9479803442955017,0.04364412650465965,0.008375468663871288
0.011,0.795,0.194,0.9869,0.005854788236320019,0.025609726086258888,0.9685354828834534
0.1,0.806,0.094,-0.0823,0.9083115458488464,0.0785176157951355,0.013170854188501835
0.0,0.673,0.327,0.9759,0.008108041249215603,0.02815445326268673,0.9637374877929688
0.017,0.746,0.236,0.985,0.019500551745295525,0.4214605391025543,0.5590388774871826
0.0,0.911,0.089,0.5719,0.00526604475453496,0.018546218052506447,0.9761877655982971
0.042,0.81,0.148,0.7913,0.07523850351572037,0.2019074708223343,0.7228540182113647
0.0,0.737,0.263,0.903,0.003542237915098667,0.01374807395040989,0.9827096462249756
0.0,1.0,0.0,0.0,0.9061090350151062,0.08870143443346024,0.005189576651901007
0.058,0.765,0.176,0.8442,0.004132060334086418,0.04517267644405365,0.950695276260376
0.014,0.778,0.208,0.9637,0.003414236707612872,0.029710693284869194,0.9668750762939453
0.075,0.607,0.318,0.9691,0.004244781564921141,0.011310035362839699,0.9844451546669006
0.0,0.772,0.228,0.9648,0.0034649930894374847,0.024338291957974434,0.9721966981887817
0.132,0.85,0.018,-0.9296,0.9267101287841797,0.06450901180505753,0.00878076907247305
0.026,0.913,0.061,0.3612,0.004431459121406078,0.027929309755563736,0.9676392674446106
0.0,0.884,0.116,0.4404,0.7527236342430115,0.19440314173698425,0.05287324637174606
0.015,0.861,0.123,0.9644,0.0443514883518219,0.38755273818969727,0.5680958032608032
0.0,0.806,0.194,0.6696,0.2521388530731201,0.4732925593852997,0.2745685875415802
0.053,0.881,0.066,0.1015,0.936939001083374,0.05680198594927788,0.006259001791477203
0.073,0.773,0.154,0.5995,0.27339816093444824,0.33386245369911194,0.3927393853664398
0.04,0.812,0.148,0.895,0.005729596130549908,0.05281151458621025,0.9414589405059814
0.0,0.912,0.087,0.7906,0.012205276638269424,0.086992546916008,0.9008021950721741
0.0,0.883,0.117,0.9628,0.008493834175169468,0.1100630834698677,0.8814431428909302
0.0,0.813,0.187,0.8169,0.008583730086684227,0.01845301315188408,0.972963273525238
0.0,0.538,0.462,0.8832,0.0030816271901130676,0.006936720572412014,0.9899817109107971
0.0,0.831,0.169,0.9001,0.6095764636993408,0.33242717385292053,0.05799636244773865
0.125,0.847,0.028,-0.6981,0.7541970014572144,0.21612243354320526,0.029680516570806503
0.06,0.675,0.265,0.8009,0.12997595965862274,0.17798469960689545,0.6920393705368042
0.0,0.745,0.255,0.8908,0.002729220548644662,0.02244085632264614,0.9748298525810242
0.02,0.888,0.091,0.6317,0.0019092236179858446,0.03702153265476227,0.9610692262649536
0.0,0.755,0.245,0.5994,0.0025487958919256926,0.012256525456905365,0.985194742679596
0.0,0.576,0.424,0.9545,0.0017097970703616738,0.021816719323396683,0.9764734506607056
0.0,0.781,0.219,0.4215,0.002296887105330825,0.012876703403890133,0.9848264455795288
0.054,0.926,0.02,-0.7346,0.6905944347381592,0.27905476093292236,0.030350763350725174
0.187,0.813,0.0,-0.8109,0.8277977108955383,0.16271816194057465,0.009484159760177135
0.0,0.798,0.202,0.5499,0.0253855399787426,0.3794647753238678,0.5951496958732605
0.092,0.854,0.054,-0.7571,0.760768711566925,0.21319417655467987,0.026037083938717842
0.0,0.764,0.236,0.9231,0.0028288611210882664,0.04812581092119217,0.9490453600883484
0.044,0.871,0.085,0.5704,0.007800112012773752,0.07155311107635498,0.9206468462944031
0.0,1.0,0.0,0.0,0.17824342846870422,0.4366399049758911,0.3851166069507599
0.018,0.628,0.353,0.995,0.027607060968875885,0.0842689722776413,0.8881239891052246
0.0,0.554,0.446,0.864,0.0035860950592905283,0.030485840514302254,0.9659280776977539
0.0,0.734,0.266,0.8883,0.0027754136826843023,0.012139394879341125,0.9850851893424988
0.0,0.791,0.209,0.9081,0.012297910638153553,0.08215966075658798,0.9055424332618713
0.0,0.705,0.295,0.968,0.017260052263736725,0.048582784831523895,0.934157133102417
0.0,0.637,0.363,0.9872,0.004984567873179913,0.008518755435943604,0.98649662733078
0.0,0.703,0.297,0.8418,0.004449337720870972,0.009103221818804741,0.9864474534988403
0.05,0.642,0.307,0.823,0.002753135748207569,0.010083946399390697,0.9871628880500793
0.0,0.536,0.464,0.9471,0.0033331846352666616,0.018781526014208794,0.9778853058815002
0.0,0.676,0.324,0.9911,0.0025410009548068047,0.012318113818764687,0.9851409196853638
0.0,0.577,0.423,0.9347,0.0021279489155858755,0.0061812433414161205,0.9916907548904419
0.0,0.695,0.305,0.848,0.005495788063853979,0.023966539651155472,0.9705376029014587
0.039,0.775,0.186,0.9284,0.054788071662187576,0.1048252210021019,0.840386688709259
0.04,0.765,0.194,0.9136,0.37322983145713806,0.3188416659832001,0.30792850255966187
0.039,0.815,0.146,0.9866,0.06760482490062714,0.271801620721817,0.660593569278717
0.118,0.816,0.066,-0.8893,0.553524374961853,0.3261337876319885,0.12034178525209427
0.012,0.793,0.196,0.9856,0.16687354445457458,0.4187268912792206,0.41439953446388245
0.054,0.757,0.189,0.9864,0.007363098207861185,0.05972431227564812,0.9329125881195068
0.096,0.836,0.068,-0.6105,0.19183652102947235,0.46523770689964294,0.3429257571697235
0.0,0.838,0.162,0.9379,0.0036704526282846928,0.03764088451862335,0.9586886167526245
0.115,0.866,0.019,-0.8225,0.016540393233299255,0.10142558068037033,0.8820340037345886
0.0,0.799,0.201,0.852,0.0027192237321287394,0.01901187002658844,0.9782689213752747
0.035,0.735,0.23,0.9888,0.0748630166053772,0.5105602741241455,0.4145767390727997
0.023,0.759,0.218,0.972,0.07804790139198303,0.17943495512008667,0.7425171136856079
0.033,0.695,0.272,0.9929,0.012153503485023975,0.06659256666898727,0.9212539792060852
0.11,0.736,0.154,0.5983,0.24170702695846558,0.22644707560539246,0.5318458676338196
0.0,0.728,0.272,0.9441,0.0030526884365826845,0.029351303353905678,0.9675959348678589
0.025,0.907,0.068,0.5829,0.011872763745486736,0.050158798694610596,0.9379684329032898
0.0,0.651,0.349,0.9709,0.00420649629086256,0.026385145261883736,0.9694082736968994
0.0,0.751,0.249,0.9393,0.004846599418669939,0.020277544856071472,0.9748758673667908
0.026,0.761,0.213,0.9254,0.008230258710682392,0.2734576463699341,0.7183120846748352
0.0,0.552,0.448,0.9393,0.004611427895724773,0.01278644148260355,0.9826021194458008
0.05,0.763,0.187,0.9472,0.010796325281262398,0.09795825928449631,0.891245424747467
0.073,0.821,0.106,0.6989,0.060613662004470825,0.5501038432121277,0.3892825245857239
0.0,0.759,0.241,0.9422,0.004835452884435654,0.028818273916840553,0.9663462042808533
0.077,0.719,0.204,0.8976,0.04105953872203827,0.12025873363018036,0.8386817574501038
0.09,0.751,0.159,0.5849,0.005278612021356821,0.03550080955028534,0.9592205286026001
0.022,0.723,0.255,0.969,0.05568990111351013,0.2482018917798996,0.6961082220077515
0.0,0.893,0.107,0.7263,0.0037923245690762997,0.021359872072935104,0.9748477935791016
0.089,0.732,0.18,0.9095,0.00827484019100666,0.023732036352157593,0.9679931402206421
0.0,0.844,0.156,0.9857,0.008250395767390728,0.059132885187864304,0.9326167702674866
0.016,0.926,0.057,0.6613,0.2930596172809601,0.5549389719963074,0.15200145542621613
0.0,0.909,0.091,0.6597,0.7184505462646484,0.2359241098165512,0.045625291764736176
0.0,0.767,0.233,0.8225,0.0026871191803365946,0.012219059281051159,0.9850938320159912
0.0,0.715,0.285,0.8,0.0043363673612475395,0.012345940805971622,0.9833177328109741
0.065,0.836,0.099,0.7746,0.005641026422381401,0.0379558801651001,0.9564031362533569
0.0,0.775,0.225,0.9217,0.0033899119589477777,0.02337520942091942,0.9732348322868347
0.008,0.84,0.152,0.9569,0.004321885295212269,0.05356758460402489,0.942110538482666
0.025,0.699,0.275,0.9152,0.0041459063068032265,0.0203377828001976,0.9755163192749023
0.156,0.789,0.055,-0.5719,0.45056211948394775,0.2783867120742798,0.2710511386394501
0.028,0.655,0.316,0.9947,0.007157470099627972,0.049671828746795654,0.9431706666946411
0.044,0.706,0.25,0.8345,0.015708206221461296,0.058187954127788544,0.9261038303375244
0.042,0.751,0.206,0.9656,0.0547635555267334,0.20159012079238892,0.7436462640762329
0.0,0.737,0.263,0.9667,0.003732975572347641,0.019205814227461815,0.9770612120628357
0.0,0.834,0.166,0.5229,0.004215046297758818,0.030353814363479614,0.9654311537742615
0.046,0.803,0.151,0.9693,0.005523053929209709,0.04647935554385185,0.9479976296424866
0.149,0.669,0.182,0.2263,0.204371839761734,0.30638399720191956,0.48924410343170166
0.0,0.689,0.311,0.9932,0.009295109659433365,0.034319352358579636,0.9563855528831482
0.075,0.676,0.248,0.9699,0.004002600908279419,0.028054384514689445,0.9679429531097412
0.0,0.841,0.159,0.8012,0.0047043138183653355,0.030830301344394684,0.964465320110321
0.0,0.868,0.132,0.6124,0.013199211098253727,0.05907439813017845,0.9277263879776001
0.0,0.601,0.399,0.9227,0.003806761000305414,0.007594946771860123,0.9885982275009155
0.037,0.672,0.291,0.9456,0.005572382360696793,0.0333629846572876,0.9610645771026611
0.0,0.546,0.454,0.9094,0.004613546188920736,0.0180305615067482,0.9773558378219604
0.0,0.738,0.262,0.9739,0.004552474245429039,0.018967751413583755,0.9764798283576965
0.037,0.783,0.179,0.7657,0.00377649930305779,0.021025098860263824,0.9751983880996704
0.0,0.761,0.239,0.7152,0.002694649389013648,0.016836348921060562,0.9804689288139343
0.086,0.737,0.177,0.9545,0.2013198435306549,0.35020753741264343,0.44847264885902405
0.0,0.698,0.302,0.8442,0.009649762883782387,0.03883206471800804,0.951518177986145
0.0,0.721,0.279,0.8655,0.0036351813469082117,0.016008928418159485,0.9803558588027954
0.0,0.811,0.189,0.6801,0.0031130940187722445,0.010793635621666908,0.986093282699585
0.11,0.673,0.217,0.6996,0.0038601341657340527,0.010422923602163792,0.9857169389724731
0.094,0.652,0.254,0.9623,0.0431414395570755,0.13757239282131195,0.8192861676216125
0.0,0.867,0.133,0.5927,0.0074061444029212,0.034009408205747604,0.9585844278335571
0.054,0.493,0.453,0.9463,0.005922617390751839,0.012042820453643799,0.9820345640182495
0.0,0.541,0.459,0.9612,0.0028208233416080475,0.00849942583590746,0.988679826259613
0.07,0.829,0.101,0.3287,0.16198121011257172,0.2849080264568329,0.5531107187271118
0.0,0.736,0.264,0.836,0.004301766399294138,0.012863063253462315,0.9828351140022278
0.024,0.87,0.106,0.7571,0.03732050955295563,0.15724186599254608,0.8054376244544983
0.0,0.669,0.331,0.872,0.004838871769607067,0.0259296465665102,0.9692314267158508
0.0,0.52,0.48,0.9169,0.004407646134495735,0.03273620083928108,0.9628561735153198
0.075,0.653,0.272,0.792,0.004834704101085663,0.03386395424604416,0.9613013863563538
0.044,0.64,0.316,0.9808,0.498884916305542,0.23821571469306946,0.2628994286060333
0.027,0.771,0.201,0.8858,0.009074029512703419,0.018414268270134926,0.9725117087364197
0.0,0.755,0.245,0.8941,0.005321034230291843,0.021720701828598976,0.9729582667350769
0.039,0.815,0.146,0.8616,0.007572580594569445,0.03562164306640625,0.9568057656288147
0.053,0.737,0.21,0.9496,0.0077456762082874775,0.05873103812336922,0.9335232377052307
0.051,0.833,0.116,0.7532,0.004293439444154501,0.04565075784921646,0.9500557780265808
0.083,0.815,0.102,-0.3204,0.02545817568898201,0.07414598762989044,0.9003958106040955
0.0,0.786,0.214,0.968,0.01969595067203045,0.07604634761810303,0.9042577147483826
0.079,0.804,0.118,0.5069,0.011837727390229702,0.08892432600259781,0.8992379903793335
0.108,0.705,0.187,0.3275,0.08526845276355743,0.15902578830718994,0.755705714225769
0.068,0.802,0.13,0.7351,0.0510769858956337,0.1606789380311966,0.7882440090179443
0.099,0.585,0.316,0.9049,0.02300257794559002,0.05477315932512283,0.922224223613739
0.0,0.855,0.145,0.9197,0.004646223969757557,0.03861958906054497,0.9567341804504395
0.016,0.788,0.196,0.9949,0.005166719201952219,0.03413643687963486,0.9606968760490417
0.0,0.882,0.118,0.75,0.0017294306308031082,0.03570971637964249,0.9625608325004578
0.0,0.663,0.337,0.8803,0.0032040325459092855,0.012270270846784115,0.984525740146637
0.0,0.67,0.33,0.9918,0.0030291194561868906,0.03404088690876961,0.9629300236701965
0.0,0.678,0.322,0.8979,0.002461687894538045,0.011683788150548935,0.9858545660972595
0.0,0.8,0.2,0.7763,0.0037227924913167953,0.016318684443831444,0.9799585938453674
0.026,0.674,0.3,0.9699,0.32648175954818726,0.3709428906440735,0.30257534980773926
0.064,0.76,0.177,0.8805,0.04640159383416176,0.07775052636861801,0.8758478760719299
0.057,0.69,0.253,0.9262,0.011020765639841557,0.02734765037894249,0.9616316556930542
0.014,0.803,0.182,0.9748,0.021224450320005417,0.06687209755182266,0.911903440952301
0.053,0.831,0.115,0.717,0.08395075052976608,0.18240180611610413,0.7336474061012268
0.0,0.644,0.356,0.9726,0.0041092741303145885,0.029856137931346893,0.9660345911979675
0.041,0.64,0.319,0.9368,0.0025980090722441673,0.009683848358690739,0.9877181053161621
0.0,0.704,0.296,0.8124,0.6285681128501892,0.261919230222702,0.10951261967420578
0.0,0.769,0.231,0.966,0.0033566008787602186,0.01611277461051941,0.9805306196212769
0.044,0.637,0.32,0.9823,0.006473810411989689,0.01854926533997059,0.9749769568443298
0.056,0.767,0.177,0.6428,0.2671363949775696,0.4773886799812317,0.25547492504119873
0.0,0.737,0.263,0.8967,0.0032942870166152716,0.013420503586530685,0.9832852482795715
0.0,0.716,0.284,0.8938,0.005018917843699455,0.015803039073944092,0.9791780114173889
0.102,0.691,0.207,0.5938,0.012805188074707985,0.062148887664079666,0.9250459671020508
0.066,0.718,0.215,0.6808,0.022206854075193405,0.13126784563064575,0.846525251865387
0.0,0.702,0.298,0.8588,0.0060577476397156715,0.014495311304926872,0.9794470071792603
0.062,0.649,0.289,0.8271,0.007491569500416517,0.032574210315942764,0.9599342346191406
0.0,0.926,0.074,0.2846,0.051876869052648544,0.3553493320941925,0.5927737355232239
0.104,0.797,0.099,0.2023,0.009838750585913658,0.04784829542040825,0.942313015460968
0.0,0.705,0.295,0.9926,0.003576127113774419,0.02727990411221981,0.9691439867019653
0.0,0.857,0.143,0.7574,0.010839411988854408,0.04282943531870842,0.9463312029838562
0.0,0.613,0.387,0.9795,0.005133180879056454,0.011511259712278843,0.9833555817604065
0.0,0.788,0.212,0.9164,0.004149382933974266,0.014002552255988121,0.9818480014801025
0.0,0.728,0.272,0.8225,0.0043722097761929035,0.08725373446941376,0.908374011516571
0.059,0.662,0.279,0.7906,0.004147225990891457,0.016347192227840424,0.9795055389404297
0.017,0.76,0.223,0.9803,0.003311007749289274,0.011177081614732742,0.985511839389801
0.033,0.611,0.356,0.964,0.006070421077311039,0.016141217201948166,0.9777883887290955
0.048,0.714,0.237,0.9801,0.42872291803359985,0.25545263290405273,0.3158244788646698
0.076,0.742,0.182,0.7892,0.0037382193841040134,0.017674501985311508,0.9785873293876648
0.0,0.96,0.04,0.2253,0.004888578783720732,0.06312929838895798,0.9319821000099182
0.0,0.771,0.229,0.9042,0.0074592409655451775,0.035321466624736786,0.9572193622589111
0.0,0.704,0.296,0.9735,0.003446989692747593,0.013392926193773746,0.9831600785255432
0.0,0.669,0.331,0.8979,0.007867843843996525,0.033528730273246765,0.9586033821105957
0.207,0.591,0.202,0.2263,0.003126258961856365,0.014942437410354614,0.9819313287734985
0.0,0.747,0.253,0.8309,0.0026750017423182726,0.01434557605534792,0.9829794764518738
0.0,0.743,0.257,0.7089,0.00977194495499134,0.035150196403265,0.9550778269767761
0.0,0.745,0.255,0.8715,0.0040883757174015045,0.017920270562171936,0.9779912829399109
0.03,0.643,0.326,0.9671,0.006276803091168404,0.03341945633292198,0.960303783416748
0.047,0.702,0.252,0.984,0.00984129123389721,0.04390322044491768,0.9462555050849915
0.0,0.779,0.221,0.9199,0.0067532858811318874,0.016314387321472168,0.9769322872161865
0.017,0.772,0.21,0.9804,0.017354343086481094,0.09769634157419205,0.8849493265151978
0.088,0.554,0.358,0.8074,0.00269156601279974,0.022756827995181084,0.9745516180992126
0.082,0.695,0.223,0.9932,0.1209835335612297,0.2250489443540573,0.6539674997329712
0.061,0.739,0.2,0.9531,0.23735107481479645,0.2804780602455139,0.48217085003852844
0.062,0.665,0.274,0.9926,0.01364258024841547,0.046523984521627426,0.939833402633667
0.043,0.775,0.181,0.9951,0.034119613468647,0.35000079870224,0.6158795952796936
0.0,0.909,0.091,0.8224,0.004896032623946667,0.04339725524187088,0.9517066478729248
0.11,0.847,0.042,-0.8245,0.6712529063224792,0.2506304681301117,0.07811661064624786
0.0,1.0,0.0,0.0,0.11873335391283035,0.8499293327331543,0.03133725747466087
0.023,0.761,0.216,0.9772,0.29913949966430664,0.5760416984558105,0.12481877207756042
0.0,0.822,0.178,0.9235,0.34338557720184326,0.5760579109191895,0.08055659383535385
0.037,0.763,0.2,0.8456,0.00527204480022192,0.020010020583868027,0.9747179746627808
0.041,0.682,0.277,0.8858,0.006247382145375013,0.02443552203476429,0.9693171381950378
0.121,0.502,0.377,0.8239,0.005950110033154488,0.015144728124141693,0.9789051413536072
0.016,0.842,0.142,0.8589,0.1043035164475441,0.3798787295818329,0.5158177614212036
0.0,0.828,0.172,0.4404,0.0029969597235322,0.023995837196707726,0.9730071425437927
0.0,0.669,0.331,0.9812,0.0023685588967055082,0.016271967440843582,0.9813594818115234
0.0,0.629,0.371,0.9739,0.005732601508498192,0.01723664626479149,0.9770307540893555
0.0,0.813,0.187,0.8221,0.0075752465054392815,0.022654440253973007,0.9697703123092651
0.042,0.876,0.082,0.7079,0.02574201673269272,0.12970511615276337,0.8445529341697693
0.0,0.776,0.224,0.9246,0.003300462383776903,0.01578313671052456,0.980916440486908
0.049,0.671,0.28,0.875,0.004239154048264027,0.035624172538518906,0.9601365923881531
0.0,0.739,0.261,0.9061,0.0027278922498226166,0.017375923693180084,0.9798961877822876
0.108,0.795,0.097,-0.0866,0.06412968784570694,0.313516765832901,0.6223535537719727
0.03,0.796,0.174,0.8933,0.012170244939625263,0.06570176035165787,0.9221280217170715
0.0,0.734,0.266,0.9785,0.005457261111587286,0.03445160388946533,0.9600911140441895
0.0,0.779,0.221,0.9097,0.0027418904937803745,0.025748033076524734,0.971510112285614
0.0,0.715,0.285,0.8012,0.0022798676509410143,0.009657495655119419,0.9880626201629639
0.07,0.805,0.124,0.3818,0.005948155652731657,0.032435789704322815,0.9616160988807678
0.0,0.874,0.126,0.8743,0.007500945590436459,0.04058307781815529,0.951915979385376
0.0,0.953,0.047,0.4019,0.7131879925727844,0.26115548610687256,0.025656525045633316
0.0,0.649,0.351,0.8828,0.003454419784247875,0.008523410186171532,0.9880222082138062
0.0,0.731,0.269,0.883,0.008790384978055954,0.029242243617773056,0.961967408657074
0.043,0.851,0.107,0.6319,0.004043232649564743,0.008310495875775814,0.987646222114563
0.082,0.762,0.156,0.7992,0.020890282467007637,0.09876561164855957,0.8803440928459167
0.038,0.764,0.197,0.9446,0.02228965237736702,0.09208186715841293,0.8856284618377686
0.0,0.857,0.143,0.8922,0.0041649229824543,0.04795127734541893,0.9478838443756104
0.0,0.586,0.414,0.9184,0.0025897545274347067,0.008715602569282055,0.9886946082115173
0.095,0.686,0.219,0.8505,0.008874700404703617,0.02029399201273918,0.9708313345909119
0.027,0.855,0.118,0.6104,0.005716158542782068,0.019282253459095955,0.9750016331672668
0.0,0.68,0.32,0.9059,0.0032676979899406433,0.012121805921196938,0.9846105575561523
0.0,0.646,0.354,0.8022,0.003948374185711145,0.016208438202738762,0.9798431992530823
0.0,0.647,0.353,0.8854,0.003731371834874153,0.010744234547019005,0.9855243563652039
0.078,0.635,0.287,0.7644,0.00494888611137867,0.018607711419463158,0.9764434099197388
0.051,0.585,0.363,0.93,0.0045747458934783936,0.011955472640693188,0.9834697842597961
0.0,0.755,0.245,0.8316,0.0031083845533430576,0.007219220045953989,0.9896724224090576
0.0,0.775,0.225,0.9791,0.0025869333185255527,0.025357497856020927,0.9720555543899536
0.031,0.828,0.142,0.9467,0.010421821847558022,0.03930206969380379,0.9502761363983154
0.0,0.85,0.15,0.9326,0.004388050641864538,0.03380390256643295,0.9618080258369446
0.0,0.552,0.448,0.9651,0.0035392327699810266,0.012892136350274086,0.9835686087608337
0.0,0.716,0.284,0.9098,0.003139770356938243,0.013580738566815853,0.9832794666290283
0.016,0.832,0.152,0.9266,0.013396053574979305,0.2397708296775818,0.746833086013794
0.037,0.64,0.323,0.9861,0.004799790680408478,0.01662079244852066,0.9785794615745544
0.0,0.837,0.163,0.6249,0.006580354645848274,0.05665536969900131,0.9367642998695374
0.052,0.793,0.155,0.9043,0.00974190142005682,0.03575469180941582,0.9545033574104309
0.0,0.744,0.256,0.9244,0.005268629174679518,0.01654747873544693,0.978183925151825
0.0,0.613,0.387,0.8777,0.003029360668733716,0.011565384455025196,0.9854052662849426
0.0,0.676,0.324,0.9595,0.0029915093909949064,0.008662372827529907,0.9883460402488708
0.033,0.818,0.149,0.8227,0.0048263343051075935,0.019964095205068588,0.9752095341682434
0.046,0.854,0.101,0.7637,0.022352658212184906,0.1297769546508789,0.8478703498840332
0.041,0.797,0.163,0.8561,0.00696540204808116,0.0495024211704731,0.9435322284698486
0.0,0.694,0.306,0.9552,0.007031870540231466,0.024251017719507217,0.9687171578407288
0.0,0.667,0.333,0.8585,0.0033693427685648203,0.009767910465598106,0.9868627786636353
0.0,0.814,0.186,0.8765,0.00929467286914587,0.03592487424612045,0.9547803997993469
0.063,0.705,0.232,0.91,0.0029140410479158163,0.024450374767184258,0.9726355075836182
0.076,0.756,0.168,0.5093,0.007857623510062695,0.02467537671327591,0.9674669504165649
0.0,0.669,0.331,0.9822,0.0049075293354690075,0.017836838960647583,0.977255642414093
0.089,0.777,0.134,0.51,0.04927534982562065,0.09657464921474457,0.8541499972343445
0.0,0.798,0.202,0.765,0.004220505710691214,0.015418809838593006,0.9803606867790222
0.08,0.726,0.194,0.6093,0.003666047705337405,0.008833741769194603,0.9875002503395081
0.0,0.581,0.419,0.9056,0.003597371280193329,0.017269374802708626,0.9791333079338074
0.032,0.66,0.308,0.9636,0.005916618276387453,0.011705344542860985,0.9823780655860901
0.0,0.697,0.303,0.6858,0.014510157518088818,0.10052365809679031,0.8849661946296692
0.0,0.71,0.29,0.9331,0.004046685062348843,0.02206883579492569,0.9738844037055969
0.0,0.686,0.314,0.9599,0.005262063816189766,0.012593959458172321,0.9821439981460571
0.0,0.793,0.207,0.9098,0.004368298687040806,0.031072204932570457,0.9645594954490662
0.068,0.715,0.217,0.9731,0.006235519889742136,0.02015252597630024,0.9736118912696838
0.18,0.502,0.318,0.6467,0.004998226184397936,0.011583148501813412,0.9834186434745789
0.118,0.608,0.274,0.8388,0.02265477366745472,0.036353275179862976,0.9409919381141663
0.0,0.571,0.429,0.851,0.003512944560497999,0.013990569859743118,0.9824965000152588
0.038,0.781,0.181,0.8905,0.005181383341550827,0.02724750153720379,0.9675710797309875
0.0,0.555,0.445,0.9394,0.004367710556834936,0.00628662109375,0.9893456101417542
0.043,0.795,0.162,0.9699,0.6086102724075317,0.2751871645450592,0.11620257794857025
0.0,0.806,0.194,0.6483,0.011747282929718494,0.022798223420977592,0.9654544591903687
0.066,0.561,0.373,0.8832,0.004849640186876059,0.01970515213906765,0.9754451513290405
0.048,0.528,0.424,0.9544,0.0037010014057159424,0.009990979917347431,0.9863080382347107
0.0,0.753,0.247,0.9914,0.008409025147557259,0.026251258328557014,0.965339720249176
0.0,0.636,0.364,0.9062,0.0035909852012991905,0.007645010948181152,0.9887640476226807
0.04,0.72,0.24,0.9589,0.0104583241045475,0.025862447917461395,0.9636792540550232
0.0,0.757,0.243,0.891,0.006413455121219158,0.030432619154453278,0.9631538987159729
0.0,0.67,0.33,0.9624,0.003481413470581174,0.011112005449831486,0.9854066371917725
0.143,0.641,0.216,0.4697,0.9317801594734192,0.059787899255752563,0.008431956171989441
0.0,0.808,0.192,0.768,0.004200303927063942,0.0933070108294487,0.9024926424026489
0.0,0.747,0.253,0.7759,0.001652363920584321,0.018423473462462425,0.9799240827560425
0.085,0.699,0.216,0.4089,0.012587101198732853,0.10320139676332474,0.8842114806175232
0.085,0.915,0.0,-0.2411,0.7709317803382874,0.2121962308883667,0.01687202788889408
0.0,0.811,0.189,0.7196,0.01223299652338028,0.0541597343981266,0.933607280254364
0.0,0.904,0.096,0.4738,0.9295526742935181,0.06264305114746094,0.007804198656231165
0.0,0.797,0.203,0.8658,0.6749199032783508,0.2569846212863922,0.06809546053409576
0.0,0.583,0.417,0.9212,0.0030223550274968147,0.006476791109889746,0.990500807762146
0.052,0.784,0.164,0.6901,0.004851922392845154,0.0453399121761322,0.9498081803321838
0.017,0.677,0.306,0.9831,0.004918255377560854,0.026114877313375473,0.9689669013023376
0.0,0.658,0.342,0.9183,0.003174403216689825,0.011021960526704788,0.9858036041259766
0.038,0.683,0.279,0.9447,0.007467307150363922,0.021983979269862175,0.9705487489700317
0.0,0.767,0.233,0.9147,0.003020952921360731,0.018539169803261757,0.9784398674964905
0.033,0.689,0.278,0.9394,0.004715606104582548,0.014579929411411285,0.9807044863700867
0.0,0.601,0.399,0.9458,0.0031699633691459894,0.01058128196746111,0.986248791217804
0.0,0.671,0.329,0.8957,0.005680197849869728,0.020512787625193596,0.9738069772720337
0.087,0.635,0.278,0.7003,0.005510739050805569,0.026898106560111046,0.9675911664962769
0.04,0.759,0.201,0.9733,0.5012651085853577,0.24386151134967804,0.2548733651638031
0.0,0.827,0.173,0.5859,0.26616838574409485,0.4879283010959625,0.24590325355529785
0.0,0.741,0.259,0.9573,0.0034090348053723574,0.012148629873991013,0.9844422936439514
0.066,0.872,0.061,-0.0598,0.781602680683136,0.19976162910461426,0.018635733053088188
0.083,0.745,0.173,0.9681,0.06200660392642021,0.23874957859516144,0.6992437839508057
0.041,0.737,0.221,0.9865,0.20317350327968597,0.21012824773788452,0.5866982340812683
0.086,0.765,0.149,0.7861,0.6180310249328613,0.2737717926502228,0.10819714516401291
0.036,0.705,0.259,0.963,0.004882096778601408,0.016969120129942894,0.9781488180160522
0.062,0.721,0.217,0.987,0.012940461747348309,0.13577739894390106,0.8512821793556213
0.0,0.792,0.208,0.6757,0.05469484254717827,0.2305688112974167,0.7147363424301147
0.0,0.853,0.147,0.851,0.08255224674940109,0.5493586659431458,0.36808905005455017
0.0,0.808,0.192,0.9875,0.06290643662214279,0.27333247661590576,0.6637610793113708
0.0,0.648,0.352,0.9545,0.005400777328759432,0.023339543491601944,0.9712597131729126
0.065,0.779,0.156,0.9645,0.01007768139243126,0.08115806430578232,0.9087642431259155
0.0,0.915,0.085,0.2382,0.008178003132343292,0.15774334967136383,0.8340786695480347
0.0,1.0,0.0,0.0,0.2298697680234909,0.7494184374809265,0.020711807534098625
0.099,0.817,0.084,-0.4763,0.49660536646842957,0.30059850215911865,0.20279617607593536
0.058,0.819,0.122,0.8842,0.73702073097229,0.2443116158246994,0.018667619675397873
0.093,0.759,0.147,0.7169,0.42998895049095154,0.3542642593383789,0.21574674546718597
0.0,0.861,0.139,0.8192,0.023065458983182907,0.1594446748495102,0.8174899220466614
0.149,0.738,0.113,-0.5494,0.8921313881874084,0.09630921483039856,0.011559436097741127
0.152,0.848,0.0,-0.5267,0.8976719379425049,0.09065034240484238,0.011677674949169159
0.08,0.815,0.105,0.34,0.8297879099845886,0.15587930381298065,0.014332801103591919
0.0,0.833,0.167,0.6369,0.01209761667996645,0.037844110280275345,0.9500582814216614
0.087,0.778,0.136,0.4751,0.6733623743057251,0.2276902049779892,0.0989474281668663
0.031,0.942,0.027,-0.1043,0.8242283463478088,0.15514858067035675,0.020623115822672844
0.055,0.81,0.135,0.4253,0.07914917916059494,0.38085269927978516,0.5399981141090393
0.245,0.636,0.118,-0.918,0.8990193009376526,0.08767568320035934,0.013304977677762508
0.0,0.885,0.115,0.5229,0.8756948113441467,0.1007501408457756,0.023555129766464233
0.124,0.641,0.235,0.887,0.051001545041799545,0.18333469331264496,0.765663743019104
0.056,0.831,0.113,0.655,0.010178378783166409,0.08832778036594391,0.9014939069747925
0.051,0.652,0.297,0.8004,0.01470879465341568,0.03988202288746834,0.9454091787338257
0.144,0.809,0.047,-0.6322,0.015511486679315567,0.03601723536849022,0.9484712481498718
0.0,0.789,0.211,0.8462,0.01632249727845192,0.1332704722881317,0.8504070043563843
0.0,0.771,0.229,0.9098,0.00697774114087224,0.021839823573827744,0.9711824655532837
0.042,0.84,0.118,0.9686,0.029770944267511368,0.41884446144104004,0.5513846278190613
0.049,0.744,0.207,0.7777,0.0034026075154542923,0.013551306910812855,0.9830460548400879
0.026,0.765,0.209,0.9052,0.005168251693248749,0.030719751492142677,0.9641119837760925
0.0,0.654,0.346,0.9132,0.003647671779617667,0.02765471301972866,0.9686976671218872
0.086,0.765,0.149,0.9176,0.03725924342870712,0.36584770679473877,0.5968930125236511
0.017,0.729,0.254,0.9711,0.009677830152213573,0.028544092550873756,0.9617780447006226
0.018,0.733,0.249,0.9957,0.00554107828065753,0.04261746630072594,0.951841413974762
0.011,0.769,0.221,0.9979,0.019481385126709938,0.21914508938789368,0.7613735198974609
0.026,0.763,0.21,0.9231,0.013450990431010723,0.02752099186182022,0.9590280652046204
0.047,0.763,0.191,0.9504,0.009447451680898666,0.034624096006155014,0.9559285044670105
0.028,0.756,0.216,0.9939,0.004628855735063553,0.03588848561048508,0.9594826102256775
0.081,0.672,0.247,0.9199,0.008603944443166256,0.026447070762515068,0.9649489521980286
0.039,0.768,0.193,0.971,0.008603801019489765,0.05531156435608864,0.9360846281051636
0.035,0.883,0.082,0.4298,0.03811895102262497,0.647188663482666,0.3146923780441284
0.022,0.531,0.447,0.9843,0.00973441917449236,0.019615722820162773,0.970649778842926
0.06,0.73,0.21,0.8737,0.4339880049228668,0.38398677110671997,0.1820252239704132
0.0,0.564,0.436,0.9571,0.002571708522737026,0.013120905496180058,0.9843073487281799
0.0,0.784,0.216,0.795,0.004984524566680193,0.01575515978038311,0.979260265827179
0.064,0.581,0.355,0.8885,0.0023607274051755667,0.012028813362121582,0.9856104254722595
0.0,0.744,0.256,0.784,0.0028471124824136496,0.010367285460233688,0.9867855906486511
0.0,0.64,0.36,0.98,0.0031086932867765427,0.014647364616394043,0.9822439551353455
0.0,0.802,0.198,0.7992,0.004795144312083721,0.028901658952236176,0.9663032293319702
0.078,0.727,0.195,0.6155,0.007482400629669428,0.03168321028351784,0.9608343839645386
0.0,0.809,0.191,0.8316,0.004135534632951021,0.017558790743350983,0.9783056378364563
0.068,0.633,0.299,0.9125,0.004161817021667957,0.020415008068084717,0.9754231572151184
0.042,0.823,0.135,0.8632,0.6895750164985657,0.2533528506755829,0.057072144001722336
0.071,0.563,0.365,0.9674,0.011814870871603489,0.026764431968331337,0.9614207148551941
0.082,0.664,0.254,0.921,0.04669853672385216,0.07496527582406998,0.8783361911773682
0.0,0.94,0.06,0.4389,0.012009436264634132,0.06218134984374046,0.9258092045783997
0.174,0.737,0.089,-0.7182,0.3781796991825104,0.4102039337158203,0.21161633729934692
0.065,0.741,0.193,0.8845,0.011777225881814957,0.03796517848968506,0.9502575993537903
0.141,0.704,0.155,-0.34,0.014188860543072224,0.03471381589770317,0.951097309589386
0.0,0.825,0.175,0.8864,0.04382292926311493,0.15384633839130402,0.802330732345581
0.077,0.754,0.169,0.8106,0.018900791183114052,0.07147101312875748,0.9096282124519348
0.047,0.75,0.203,0.9056,0.004426485393196344,0.015396209433674812,0.9801772832870483
0.037,0.664,0.299,0.9333,0.0034553208388388157,0.009104209020733833,0.9874404668807983
0.0,0.613,0.387,0.9472,0.0031600240617990494,0.009581324644386768,0.9872586131095886
0.049,0.697,0.254,0.8779,0.005997544154524803,0.024595582857728004,0.9694068431854248
0.0,0.696,0.304,0.9182,0.01767287589609623,0.07279098033905029,0.9095361232757568
0.024,0.915,0.062,0.603,0.7918604016304016,0.19516971707344055,0.012969836592674255
0.0,0.892,0.108,0.3182,0.7560943365097046,0.22235165536403656,0.021553996950387955
0.016,0.752,0.231,0.9209,0.0077865589410066605,0.02642969787120819,0.9657837152481079
0.037,0.755,0.208,0.9867,0.09259476512670517,0.26797524094581604,0.6394299864768982
0.038,0.854,0.108,0.4556,0.009472200646996498,0.042702678591012955,0.9478251338005066
0.0,0.818,0.182,0.8972,0.6861412525177002,0.22835780680179596,0.08550095558166504
0.0,0.654,0.346,0.8398,0.0037444056943058968,0.012891192920506,0.983364462852478
0.073,0.72,0.206,0.9669,0.5707597732543945,0.34589579701423645,0.083344466984272
0.0,1.0,0.0,0.0,0.012505482882261276,0.05391259491443634,0.9335819482803345
0.034,0.631,0.335,0.9566,0.006889969110488892,0.015284540131688118,0.9778254628181458
0.066,0.823,0.11,0.7144,0.23640881478786469,0.4341505467891693,0.32944074273109436
0.0,0.863,0.137,0.8221,0.017533058300614357,0.04164513945579529,0.9408218264579773
0.027,0.735,0.238,0.9491,0.0038782779593020678,0.02229262888431549,0.9738291501998901
0.0,0.632,0.368,0.872,0.005348841194063425,0.010720550082623959,0.9839306473731995
0.238,0.762,0.0,-0.7586,0.9470358490943909,0.0467342883348465,0.006229747552424669
0.102,0.7,0.198,0.9904,0.42667004466056824,0.38323235511779785,0.19009755551815033
0.021,0.823,0.156,0.9029,0.014531038701534271,0.06497862190008163,0.9204903244972229
0.057,0.776,0.167,0.9882,0.03590412065386772,0.18079392611980438,0.7833019495010376
0.0,0.779,0.221,0.968,0.01587805524468422,0.05068186670541763,0.9334401488304138
0.104,0.621,0.274,0.9271,0.004981554113328457,0.020371930673718452,0.9746465086936951
0.053,0.646,0.3,0.8558,0.006901266518980265,0.02758057601749897,0.9655181169509888
0.0,0.765,0.235,0.8264,0.0044103567488491535,0.01164387445896864,0.9839457869529724
0.087,0.725,0.188,0.9649,0.019889097660779953,0.08445242792367935,0.8956584334373474
0.059,0.714,0.227,0.9716,0.019839540123939514,0.05961742252111435,0.9205430746078491
0.178,0.696,0.126,0.3109,0.2410326898097992,0.178273543715477,0.580693781375885
0.041,0.581,0.378,0.8656,0.008727691136300564,0.06149553135037422,0.9297767877578735
0.078,0.812,0.109,0.6577,0.6660561561584473,0.25647372007369995,0.0774700939655304
0.093,0.706,0.201,0.8687,0.025735847651958466,0.0645199865102768,0.909744143486023
0.087,0.785,0.128,0.5054,0.35860443115234375,0.37980836629867554,0.2615871727466583
0.03,0.826,0.144,0.7263,0.3607514798641205,0.4695311188697815,0.16971738636493683
0.147,0.766,0.087,-0.7528,0.863287091255188,0.11799602955579758,0.01871689409017563
0.061,0.809,0.13,0.9193,0.5934639573097229,0.34827423095703125,0.05826181545853615
0.055,0.852,0.092,0.7174,0.519407331943512,0.39143437147140503,0.0891583040356636
0.111,0.772,0.117,-0.1161,0.25667604804039,0.27205008268356323,0.471273809671402
0.099,0.742,0.159,0.4389,0.6279354095458984,0.32434773445129395,0.04771682992577553
0.11,0.728,0.161,0.8762,0.8903388381004333,0.09634095430374146,0.013320102356374264
0.041,0.776,0.183,0.9845,0.4051404595375061,0.5335386991500854,0.06132075563073158
0.058,0.815,0.126,0.9155,0.020386308431625366,0.11064522713422775,0.8689684867858887
0.058,0.772,0.17,0.858,0.7883123159408569,0.19092971086502075,0.020757906138896942
0.076,0.731,0.193,0.9882,0.04235559701919556,0.17660434544086456,0.7810400724411011
0.086,0.834,0.079,-0.2662,0.8204060196876526,0.15814264118671417,0.021451402455568314
0.04,0.8,0.16,0.9405,0.008873913437128067,0.13355867564678192,0.8575674295425415
0.202,0.647,0.151,-0.3446,0.004726611543446779,0.015216493047773838,0.9800569415092468
0.0,0.731,0.269,0.9817,0.0022725542075932026,0.014010697603225708,0.9837167263031006
0.073,0.82,0.107,0.5495,0.7148160338401794,0.24309095740318298,0.04209300875663757
0.044,0.956,0.0,-0.2924,0.8808967471122742,0.10963310301303864,0.009470084682106972
0.0,1.0,0.0,0.0,0.03254543989896774,0.1637982875108719,0.8036563396453857
0.03,0.911,0.059,0.1901,0.5021684169769287,0.4308922290802002,0.06693936884403229
0.066,0.827,0.107,0.7923,0.021495798602700233,0.09095681458711624,0.8875473737716675
0.0,0.942,0.058,0.5719,0.7483765482902527,0.24190784990787506,0.009715604595839977
0.124,0.722,0.154,0.6846,0.22504274547100067,0.332559198141098,0.4423980116844177
0.289,0.579,0.132,-0.4588,0.9450494647026062,0.046959348022937775,0.007991181686520576
0.157,0.843,0.0,-0.6671,0.9525439739227295,0.039774730801582336,0.0076813162304461
0.018,0.763,0.219,0.9553,0.008856012485921383,0.030510177835822105,0.9606338143348694
0.0,0.867,0.133,0.7304,0.004746901337057352,0.01959260180592537,0.975660502910614
0.133,0.797,0.07,-0.5106,0.17854756116867065,0.27800658345222473,0.543445885181427
0.0,0.803,0.197,0.4926,0.004796953406184912,0.024790732190012932,0.9704123139381409
0.025,0.868,0.107,0.6808,0.4368366301059723,0.4256247580051422,0.1375385820865631
0.0,0.929,0.071,0.9136,0.44175979495048523,0.5129449963569641,0.045295167714357376
0.146,0.679,0.175,0.2918,0.009717133827507496,0.027582189068198204,0.9627006649971008
0.137,0.569,0.294,0.5106,0.003924521617591381,0.02117735520005226,0.974898099899292
0.154,0.637,0.21,0.6106,0.015491620637476444,0.0415092296898365,0.9429991245269775
0.144,0.597,0.259,0.6115,0.48373642563819885,0.2333976924419403,0.28286585211753845
0.162,0.838,0.0,-0.4404,0.5186551809310913,0.4572702944278717,0.024074550718069077
0.195,0.57,0.235,0.0554,0.0057388716377317905,0.014372866600751877,0.9798882603645325
0.0,0.813,0.187,0.8718,0.009653158485889435,0.018060876056551933,0.9722859263420105
0.081,0.833,0.086,0.1406,0.15329378843307495,0.36454808712005615,0.4821580946445465
0.0,1.0,0.0,0.0,0.4093925654888153,0.4880824685096741,0.10252493619918823
0.0,0.747,0.253,0.8591,0.004226561635732651,0.014474979601800442,0.9812984466552734
0.088,0.806,0.106,0.3783,0.8499794602394104,0.13255712389945984,0.017463454976677895
0.0,0.722,0.278,0.9109,0.009575276635587215,0.03655870631337166,0.9538660645484924
0.156,0.615,0.229,0.3804,0.012142263352870941,0.049910396337509155,0.9379473328590393
0.055,0.902,0.043,-0.128,0.8884834051132202,0.10304223001003265,0.008474386297166348
0.137,0.763,0.1,-0.3885,0.8291923999786377,0.12969781458377838,0.041109807789325714
0.0,0.727,0.273,0.7845,0.30382007360458374,0.5596303939819336,0.13654950261116028
0.158,0.797,0.045,-0.7053,0.5426011681556702,0.4113599359989166,0.04603884741663933
0.0,0.709,0.291,0.8122,0.0028962406795471907,0.017667492851614952,0.9794362187385559
0.068,0.801,0.131,0.6883,0.6793197393417358,0.24721606075763702,0.07346419990062714
0.053,0.747,0.2,0.6724,0.010921970941126347,0.03458557277917862,0.9544923901557922
0.038,0.779,0.183,0.8605,0.009653122164309025,0.03452637791633606,0.9558205604553223
0.0,0.706,0.294,0.8922,0.01120633166283369,0.029606036841869354,0.9591876268386841
0.0,0.818,0.182,0.91,0.618013322353363,0.31083908677101135,0.0711476132273674
0.109,0.825,0.066,-0.3261,0.003012232482433319,0.007977140136063099,0.9890106320381165
0.025,0.861,0.114,0.7903,0.05050326883792877,0.6220548748970032,0.3274417817592621
0.0,0.654,0.346,0.8934,0.00310372281819582,0.017477190122008324,0.9794191122055054
0.0,0.861,0.139,0.7717,0.013767444528639317,0.1816881150007248,0.8045443892478943
0.0,0.613,0.387,0.8999,0.003137861378490925,0.013962638564407825,0.9828994870185852
0.069,0.86,0.071,0.2793,0.830093264579773,0.15516331791877747,0.014743410982191563
0.076,0.924,0.0,-0.4823,0.38485896587371826,0.35654133558273315,0.2585996985435486
0.0,0.543,0.457,0.9892,0.004044031724333763,0.00870271772146225,0.9872532486915588
0.0,0.704,0.296,0.9701,0.0029643105808645487,0.03636176884174347,0.960673987865448
0.0,0.653,0.347,0.9626,0.002781451912596822,0.010323434136807919,0.9868950843811035
0.0,0.74,0.26,0.9483,0.009092957712709904,0.0389101505279541,0.9519968628883362
0.029,0.772,0.199,0.9185,0.6332982182502747,0.32202690839767456,0.04467487707734108
0.041,0.883,0.077,0.7405,0.207396999001503,0.5557542443275452,0.23684874176979065
0.053,0.84,0.107,0.459,0.4940638840198517,0.3681003749370575,0.13783566653728485
0.12,0.824,0.057,-0.7524,0.32237493991851807,0.33827051520347595,0.339354544878006
0.064,0.859,0.078,0.1956,0.21747487783432007,0.49748924374580383,0.2850359380245209
0.051,0.776,0.174,0.9913,0.07500853389501572,0.46540412306785583,0.4595872759819031
0.0,0.807,0.193,0.8685,0.0029929918237030506,0.017419185489416122,0.9795877933502197
0.072,0.872,0.056,-0.1759,0.43960943818092346,0.3950420022010803,0.16534852981567383
0.111,0.812,0.076,-0.3486,0.30004456639289856,0.37824326753616333,0.3217121362686157
0.0,0.73,0.27,0.997,0.006207997445017099,0.024633845314383507,0.9691582322120667
0.023,0.794,0.183,0.8591,0.7747054100036621,0.16571347415447235,0.059581149369478226
0.036,0.819,0.145,0.7992,0.009169423021376133,0.1317167431116104,0.8591138124465942
0.057,0.774,0.169,0.9506,0.4584106504917145,0.35766148567199707,0.18392783403396606
0.029,0.885,0.086,0.6115,0.004127082880586386,0.02451382204890251,0.971359133720398
0.04,0.96,0.0,-0.2144,0.05450275540351868,0.1787964403629303,0.7667007446289062
0.0,0.915,0.085,0.64,0.005903155542910099,0.02330842800438404,0.9707884192466736
0.0,0.742,0.258,0.9161,0.005020329728722572,0.018034430220723152,0.9769452810287476
0.0,0.754,0.246,0.9744,0.020080946385860443,0.05776623636484146,0.9221527576446533
0.025,0.744,0.231,0.9978,0.02652106061577797,0.21163803339004517,0.7618408799171448
0.0,0.719,0.281,0.9501,0.3644418716430664,0.29620039463043213,0.3393576741218567
0.053,0.839,0.108,0.7003,0.018424395471811295,0.06945402175188065,0.912121593952179
0.0,0.643,0.357,0.8892,0.0031620580703020096,0.0061663794331252575,0.9906716346740723
0.0,0.726,0.274,0.9252,0.008728946559131145,0.019367802888154984,0.9719032645225525
0.0,0.654,0.346,0.8377,0.0035219904966652393,0.009827847592532635,0.9866501092910767
0.0,0.7,0.3,0.9682,0.002868745941668749,0.010114885866641998,0.9870163798332214
0.01,0.926,0.064,0.8577,0.004232292994856834,0.2855954170227051,0.7101722359657288
0.0,0.669,0.331,0.9239,0.006983783561736345,0.022013334557414055,0.9710029363632202
0.01,0.937,0.053,0.8288,0.022059276700019836,0.3823164701461792,0.5956242084503174
0.172,0.828,0.0,-0.7559,0.910881757736206,0.08151201903820038,0.007606159429997206
0.0,0.891,0.109,0.6597,0.0101506682112813,0.046626534312963486,0.9432228207588196
0.021,0.759,0.219,0.9349,0.10441792011260986,0.24784113466739655,0.6477409601211548
0.0,0.744,0.256,0.875,0.012562290765345097,0.048624344170093536,0.938813328742981
0.008,0.925,0.067,0.8483,0.076525017619133,0.4588806927204132,0.464594304561615
0.079,0.605,0.315,0.9609,0.014345305971801281,0.03639671579003334,0.9492579698562622
0.014,0.809,0.177,0.9137,0.024487944319844246,0.1937015950679779,0.781810462474823
0.0,0.741,0.259,0.958,0.002377828350290656,0.014191647991538048,0.9834305047988892
0.0,0.68,0.32,0.982,0.003551012836396694,0.01124276127666235,0.9852061867713928
0.0,0.866,0.134,0.8965,0.0063025918789207935,0.021394070237874985,0.9723033308982849
0.0,0.661,0.339,0.9738,0.004786507226526737,0.01238318718969822,0.982830286026001
0.0,0.61,0.39,0.8622,0.003951651509851217,0.016918372362852097,0.9791299700737
0.034,0.76,0.205,0.9178,0.0024937933776527643,0.015388788655400276,0.9821174740791321
0.018,0.79,0.191,0.8554,0.004881280940026045,0.014359880238771439,0.9807588458061218
0.0,0.868,0.132,0.4927,0.0314955860376358,0.17045603692531586,0.7980483770370483
0.088,0.761,0.151,0.9292,0.019038792699575424,0.08823812007904053,0.8927230834960938
0.0,0.8,0.2,0.8591,0.004244573879987001,0.028146225959062576,0.9676092267036438
0.0,0.736,0.264,0.9623,0.002746482379734516,0.03857189416885376,0.9586816430091858
0.0,0.864,0.136,0.5994,0.005056228023022413,0.03885930776596069,0.9560844898223877
0.031,0.721,0.248,0.9797,0.042849138379096985,0.15812472999095917,0.7990261316299438
0.0,0.577,0.423,0.9485,0.0026378638576716185,0.013193024322390556,0.9841691255569458
0.0,0.62,0.38,0.8481,0.002771176630631089,0.011671904474496841,0.9855569005012512
0.016,0.757,0.227,0.9917,0.14550569653511047,0.33687859773635864,0.5176156759262085
0.0,0.718,0.282,0.9214,0.0035271737724542618,0.010568557307124138,0.9859042763710022
0.058,0.798,0.144,0.9001,0.00725891487672925,0.05169185250997543,0.9410492181777954
0.0,0.796,0.204,0.9231,0.00814126618206501,0.039073847234249115,0.9527848958969116
0.0,0.814,0.186,0.929,0.00558747723698616,0.1068219393491745,0.8875905871391296
0.037,0.868,0.095,0.5413,0.0023757461458444595,0.05216367915272713,0.9454605579376221
0.0,0.934,0.066,0.4926,0.00503185112029314,0.025635430589318275,0.9693326950073242
0.0,0.913,0.087,0.6369,0.0026101781986653805,0.12012956291437149,0.8772602081298828
0.0,0.616,0.384,0.9201,0.0029248471837490797,0.015373718924820423,0.9817013740539551
0.077,0.777,0.145,0.6483,0.7018717527389526,0.22033727169036865,0.07779098302125931
0.033,0.752,0.216,0.9337,0.008760360069572926,0.026868661865592003,0.9643709659576416
0.09,0.579,0.331,0.8244,0.004267415963113308,0.010727928951382637,0.9850046634674072
0.0,0.71,0.29,0.9472,0.003336243564262986,0.009253720752894878,0.9874100089073181
0.0,0.823,0.177,0.6249,0.009750859811902046,0.027480412274599075,0.9627687335014343
0.0,0.757,0.243,0.9098,0.0020564261358231306,0.010661300271749496,0.9872822761535645
0.047,0.726,0.227,0.8796,0.024468837305903435,0.13982005417346954,0.8357110619544983
0.032,0.877,0.091,0.4836,0.003242641221731901,0.018118957057595253,0.9786383509635925
0.056,0.751,0.193,0.9535,0.04492577165365219,0.08432617038488388,0.8707481026649475
0.04,0.858,0.102,0.5286,0.27323564887046814,0.47516366839408875,0.25160062313079834
0.034,0.866,0.1,0.8872,0.04838506132364273,0.8018302917480469,0.14978466928005219
0.028,0.547,0.425,0.972,0.004955361131578684,0.023331450298428535,0.9717132449150085
0.0,0.773,0.227,0.6249,0.005267953500151634,0.02760448306798935,0.9671275615692139
0.067,0.845,0.088,0.715,0.00591360405087471,0.08184859901666641,0.912237823009491
0.0,0.675,0.325,0.9846,0.003315787762403488,0.019597947597503662,0.9770862460136414
0.0,0.767,0.233,0.9432,0.0015614726580679417,0.014362274669110775,0.984076201915741
0.0,0.683,0.317,0.8908,0.0035537471994757652,0.01737413927912712,0.9790721535682678
0.065,0.817,0.118,0.4927,0.015692872926592827,0.03680033981800079,0.9475067853927612
0.0,0.765,0.235,0.8478,0.004424980375915766,0.01751994900405407,0.9780550599098206
0.0,0.83,0.17,0.6956,0.08005940169095993,0.31714513897895813,0.6027954816818237
0.0,0.85,0.15,0.9134,0.008374850265681744,0.040705472230911255,0.9509196281433105
0.0,0.86,0.14,0.9473,0.004933484364300966,0.1541147530078888,0.8409517407417297
0.171,0.545,0.284,0.4767,0.021506180986762047,0.09343240410089493,0.8850613832473755
0.072,0.779,0.149,0.9346,0.11254186928272247,0.14026814699172974,0.747189998626709
0.0,0.777,0.223,0.6486,0.4104708731174469,0.3584432303905487,0.231085866689682
0.045,0.787,0.168,0.8567,0.017103513702750206,0.043906185775995255,0.9389902949333191
0.246,0.667,0.087,-0.556,0.6024399399757385,0.3254794776439667,0.072080597281456
0.0,0.574,0.426,0.9337,0.0042668553069233894,0.00735185481607914,0.9883812069892883
0.058,0.741,0.201,0.9901,0.20215538144111633,0.5220081210136414,0.2758364677429199
0.033,0.85,0.117,0.857,0.007035240530967712,0.11358807981014252,0.8793766498565674
0.028,0.827,0.145,0.9247,0.01697978936135769,0.04910851642489433,0.9339117407798767
0.07,0.93,0.0,-0.4782,0.6234581470489502,0.33472371101379395,0.041818201541900635
0.341,0.659,0.0,-0.8709,0.9433687925338745,0.04854832962155342,0.008082877844572067
0.0,0.759,0.241,0.9734,0.09970200806856155,0.3181377351284027,0.582160234451294
0.029,0.863,0.108,0.9824,0.08413638174533844,0.3600141704082489,0.5558494329452515
0.034,0.85,0.116,0.6011,0.809410035610199,0.17691265046596527,0.01367733534425497
0.056,0.571,0.373,0.8839,0.005200144834816456,0.0192424226552248,0.9755574464797974
0.0,0.673,0.327,0.903,0.05902998521924019,0.2612628638744354,0.6797071099281311
0.189,0.742,0.069,-0.6116,0.9470164179801941,0.04704798385500908,0.00593555299565196
0.049,0.749,0.202,0.8752,0.8362464308738708,0.14645592868328094,0.017297668382525444
0.023,0.882,0.096,0.6059,0.021203910931944847,0.0924188569188118,0.8863771557807922
0.0,0.62,0.38,0.8221,0.0031618804205209017,0.011452571488916874,0.985385537147522
0.167,0.801,0.032,-0.9114,0.8717508316040039,0.11800239980220795,0.01024676114320755
0.036,0.878,0.086,0.5635,0.4531555473804474,0.44690394401550293,0.09994053840637207
0.084,0.809,0.107,-0.3985,0.8077207207679749,0.1530221849679947,0.03925711661577225
0.0,0.735,0.265,0.8803,0.07117022573947906,0.2117476910352707,0.717082142829895
0.067,0.905,0.027,-0.6808,0.6844173073768616,0.2961941659450531,0.019388502463698387
0.071,0.898,0.032,-0.3314,0.035700634121894836,0.14686943590641022,0.8174299001693726
0.057,0.777,0.166,0.8553,0.30378228425979614,0.615272581577301,0.08094511181116104
0.1,0.743,0.157,0.4393,0.8218061923980713,0.11781349778175354,0.060380324721336365
0.191,0.809,0.0,-0.7538,0.9077773690223694,0.08009792864322662,0.0121246837079525
0.084,0.771,0.144,0.5671,0.6362450122833252,0.3334663212299347,0.030288638547062874
0.008,0.798,0.194,0.9889,0.00534090306609869,0.09970088303089142,0.8949581980705261
0.0,0.652,0.348,0.9257,0.010511773638427258,0.26199570298194885,0.7274924516677856
0.0,0.657,0.343,0.9099,0.0017453823238611221,0.010700286366045475,0.9875542521476746
0.013,0.814,0.173,0.9523,0.01968076080083847,0.540966808795929,0.4393523931503296
0.051,0.754,0.195,0.9306,0.019755765795707703,0.10555621981620789,0.8746880292892456
0.025,0.778,0.197,0.8341,0.007648616097867489,0.055977754294872284,0.9363736510276794
0.098,0.759,0.142,0.5943,0.28615665435791016,0.5463053584098816,0.16753804683685303
0.0,0.652,0.348,0.8439,0.0024614736903458834,0.006560225039720535,0.9909783601760864
0.061,0.681,0.257,0.9397,0.0056106895208358765,0.032629888504743576,0.9617594480514526
0.0,0.708,0.292,0.908,0.004164702724665403,0.012061325833201408,0.983773946762085
0.058,0.769,0.173,0.9322,0.2387787401676178,0.25548556447029114,0.5057356953620911
0.109,0.674,0.218,0.4767,0.006334720645099878,0.018426313996315002,0.9752389788627625
0.048,0.653,0.299,0.8537,0.003518779994919896,0.014710142277181149,0.9817710518836975
0.061,0.756,0.183,0.8853,0.08940061926841736,0.12221474945545197,0.7883846163749695
0.0,0.676,0.324,0.9186,0.21513605117797852,0.16230402886867523,0.6225599050521851
0.13,0.66,0.21,0.7877,0.04075640067458153,0.17749051749706268,0.7817531228065491
0.081,0.709,0.21,0.8332,0.005311619956046343,0.03285429626703262,0.9618340730667114
0.141,0.702,0.157,0.3742,0.013392500579357147,0.05069678649306297,0.935910701751709
0.041,0.889,0.07,0.3392,0.025071166455745697,0.09749279916286469,0.8774360418319702
0.0,0.691,0.309,0.7579,0.004563900642096996,0.016893571242690086,0.9785425662994385
0.0,1.0,0.0,0.0,0.08476795256137848,0.6837602853775024,0.2314717024564743
0.04,0.685,0.276,0.9201,0.010525230318307877,0.037106867879629135,0.952367901802063
0.0,0.681,0.319,0.9467,0.008691417053341866,0.025281382724642754,0.9660271406173706
0.104,0.835,0.061,-0.2263,0.01653936505317688,0.06567491590976715,0.9177857041358948
0.048,0.857,0.096,0.34,0.7723333835601807,0.21198660135269165,0.015679992735385895
0.0,0.683,0.317,0.967,0.012414012104272842,0.07788027077913284,0.9097056984901428
0.0,0.726,0.274,0.8268,0.0028173639439046383,0.025103386491537094,0.9720792174339294
0.097,0.801,0.102,-0.6133,0.028944987803697586,0.0842294916510582,0.8868255615234375
0.024,0.906,0.07,0.6359,0.016204459592700005,0.14653325080871582,0.8372622728347778
0.023,0.703,0.274,0.9748,0.005468206014484167,0.01641368679702282,0.9781181216239929
0.081,0.902,0.017,-0.8335,0.8574162125587463,0.13311763107776642,0.009466207586228848
0.09,0.858,0.052,-0.5565,0.23621273040771484,0.4638074040412903,0.29997992515563965
0.0,0.725,0.275,0.954,0.0031416178680956364,0.011037417687475681,0.9858209490776062
0.022,0.69,0.288,0.97,0.007437596097588539,0.019758613780140877,0.9728038311004639
0.059,0.837,0.105,0.8736,0.1089647114276886,0.22135840356349945,0.6696768999099731
0.04,0.875,0.085,0.7418,0.01241760142147541,0.07458160817623138,0.913000762462616
0.037,0.791,0.172,0.9577,0.008731629699468613,0.05246473848819733,0.9388035535812378
0.05,0.798,0.153,0.8488,0.04869525507092476,0.17885808646678925,0.7724466323852539
0.096,0.632,0.271,0.9095,0.0063684675842523575,0.03100309520959854,0.9626284241676331
0.0,0.514,0.486,0.9349,0.004115637391805649,0.012528663501143456,0.983355700969696
0.05,0.765,0.185,0.9455,0.14391575753688812,0.3407311737537384,0.5153530836105347
0.044,0.739,0.217,0.9446,0.06146993860602379,0.25595274567604065,0.6825773119926453
0.0,0.616,0.384,0.9878,0.005066989921033382,0.01618722826242447,0.9787458181381226
0.047,0.66,0.293,0.979,0.003251422429457307,0.02059028297662735,0.9761582612991333
0.09,0.753,0.157,0.4641,0.018513675779104233,0.07431387156248093,0.907172441482544
0.028,0.715,0.257,0.9211,0.009562008082866669,0.029654283076524734,0.9607836604118347
0.0,0.722,0.278,0.9335,0.0054080854170024395,0.018368827179074287,0.9762231111526489
0.0,0.703,0.297,0.8667,0.008190393447875977,0.033477216958999634,0.958332359790802
0.043,0.859,0.098,0.6076,0.7442715764045715,0.23025773465633392,0.025470715016126633
0.0,0.82,0.18,0.8562,0.010245302692055702,0.15752407908439636,0.8322305679321289
0.0,0.719,0.281,0.9661,0.0026993572246283293,0.012066981755197048,0.9852336049079895
0.009,0.788,0.204,0.9885,0.008799202740192413,0.05326039716601372,0.9379404187202454
0.091,0.777,0.132,0.6022,0.2226019650697708,0.16639818251132965,0.6109998226165771
0.0,0.869,0.131,0.9633,0.004353699740022421,0.037954166531562805,0.9576920866966248
0.028,0.804,0.169,0.9436,0.008565858006477356,0.07341957092285156,0.9180145859718323
0.019,0.807,0.175,0.9605,0.002678347285836935,0.011571282520890236,0.9857503175735474
0.0,0.716,0.284,0.8788,0.003991603851318359,0.010305391624569893,0.9857030510902405
0.049,0.745,0.206,0.9364,0.008766506798565388,0.04139883443713188,0.9498346447944641
0.0,0.575,0.425,0.8771,0.003981734625995159,0.016049625352025032,0.9799686670303345
0.163,0.567,0.27,0.636,0.0034964103251695633,0.0209190770983696,0.9755844473838806
0.104,0.609,0.287,0.729,0.003662330564111471,0.01571042090654373,0.9806272387504578
0.018,0.794,0.188,0.9115,0.008297576569020748,0.046454057097435,0.9452483057975769
0.049,0.719,0.232,0.9924,0.00595001270994544,0.09121434390544891,0.9028356671333313
0.0,0.566,0.434,0.9618,0.008121682330965996,0.03581861034035683,0.9560596346855164
0.0,0.718,0.282,0.9885,0.0037219871301203966,0.014781785197556019,0.981496274471283
0.0,0.771,0.229,0.9798,0.003344153054058552,0.032952189445495605,0.9637036919593811
0.0,0.79,0.21,0.9775,0.027398472651839256,0.10077692568302155,0.8718245625495911
0.063,0.779,0.158,0.9777,0.0067794607020914555,0.03009667620062828,0.9631239175796509
0.19,0.727,0.083,-0.5464,0.8962992429733276,0.07811941206455231,0.02558133751153946
0.0,0.858,0.142,0.8217,0.004527828190475702,0.02977757714688778,0.9656945466995239
0.103,0.815,0.082,-0.4019,0.7041543126106262,0.268708199262619,0.027137447148561478
0.065,0.935,0.0,-0.5515,0.6505218744277954,0.3076505661010742,0.041827570647001266
0.19,0.786,0.024,-0.9801,0.7969115972518921,0.18534697592258453,0.017741354182362556
0.031,0.789,0.18,0.8625,0.006394637282937765,0.07169418781995773,0.9219111800193787
0.0,0.702,0.298,0.8908,0.0023061037063598633,0.014982395805418491,0.9827114939689636
0.08,0.739,0.181,0.8652,0.009860622696578503,0.06967559456825256,0.9204638004302979
0.014,0.845,0.141,0.8511,0.021934811025857925,0.06147972121834755,0.9165855050086975
0.0,0.865,0.135,0.6808,0.004806683864444494,0.05284813046455383,0.9423452019691467
0.0,0.774,0.226,0.9274,0.01953616924583912,0.25885921716690063,0.7216046452522278
0.0,0.819,0.181,0.9136,0.02131682261824608,0.1262407749891281,0.8524424433708191
0.062,0.907,0.031,-0.5126,0.03132112696766853,0.21153131127357483,0.7571475505828857
0.0,0.804,0.196,0.9253,0.6226294636726379,0.3006609380245209,0.07670954614877701
0.0,0.764,0.236,0.7964,0.01116229873150587,0.03344988822937012,0.9553878307342529
0.029,0.884,0.086,0.8764,0.0558483824133873,0.5859187841415405,0.35823285579681396
0.0,0.893,0.107,0.8271,0.16676385700702667,0.5138565897941589,0.3193795680999756
0.0,0.909,0.091,0.5984,0.010166001506149769,0.05712451413273811,0.9327094554901123
0.109,0.74,0.151,0.3506,0.005612020380795002,0.03710627928376198,0.9572817087173462
0.09,0.744,0.166,0.3925,0.023971600458025932,0.04834000766277313,0.9276883602142334
0.093,0.746,0.161,0.7615,0.04067154601216316,0.1533765345811844,0.8059519529342651
0.061,0.888,0.051,-0.0003,0.5766652226448059,0.3564192056655884,0.06691553443670273
0.079,0.74,0.181,0.7494,0.021205494180321693,0.08857443183660507,0.8902201056480408
0.119,0.711,0.17,0.5355,0.018534138798713684,0.04584174603223801,0.9356240630149841
0.045,0.75,0.205,0.805,0.009451490826904774,0.02145335078239441,0.9690951704978943
0.0,0.853,0.147,0.7506,0.04125158488750458,0.8139711618423462,0.14477725327014923
0.052,0.833,0.115,0.8724,0.3886752724647522,0.3310456871986389,0.2802790701389313
0.079,0.847,0.074,-0.3599,0.26923874020576477,0.6210938096046448,0.10966747254133224
0.054,0.92,0.026,0.3594,0.006898225750774145,0.02302432805299759,0.9700774550437927
0.149,0.787,0.064,-0.6562,0.8844590783119202,0.09057147800922394,0.0249694362282753
0.16,0.674,0.165,-0.2023,0.07113368809223175,0.31004396080970764,0.6188223361968994
0.0,0.805,0.195,0.9022,0.027632685378193855,0.08516258746385574,0.8872047662734985
0.0,0.71,0.29,0.9497,0.007603996898978949,0.021372100338339806,0.9710239768028259
0.079,0.82,0.102,0.3382,0.2786252498626709,0.34937146306037903,0.3720032870769501
0.0,0.837,0.163,0.7346,0.020553816109895706,0.09638965129852295,0.8830565214157104
0.219,0.547,0.234,0.1611,0.954352855682373,0.03710203990340233,0.008545076474547386
0.02,0.848,0.132,0.9041,0.0921749547123909,0.1732853651046753,0.7345396876335144
0.025,0.901,0.074,0.7506,0.04370761662721634,0.25759172439575195,0.6987006068229675
0.03,0.732,0.238,0.9472,0.0030119679868221283,0.045584537088871,0.9514034390449524
0.0,0.78,0.22,0.836,0.003767767222598195,0.016387939453125,0.979844331741333
0.0,0.862,0.138,0.8063,0.003071197308599949,0.027121666818857193,0.9698071479797363
0.0,0.845,0.155,0.6588,0.00521532166749239,0.01862051896750927,0.9761641621589661
0.0,0.922,0.078,0.5267,0.11984242498874664,0.7916882634162903,0.0884692445397377
0.04,0.783,0.177,0.9393,0.09279041737318039,0.42288926243782043,0.4843203127384186
0.0,0.69,0.31,0.6597,0.004403341095894575,0.02182222157716751,0.9737744331359863
0.0,0.804,0.196,0.9842,0.003711957950145006,0.031022753566503525,0.9652652740478516
0.048,0.857,0.094,0.9012,0.013634632341563702,0.08211279660463333,0.9042525291442871
0.0,0.936,0.064,0.3367,0.002980263903737068,0.019291432574391365,0.9777283668518066
0.0,0.627,0.373,0.9095,0.0050436644814908504,0.0180739164352417,0.9768824577331543
0.0,0.648,0.352,0.9081,0.0019426548387855291,0.022019624710083008,0.9760377407073975
0.0,0.808,0.192,0.9711,0.005114464554935694,0.018660565838217735,0.9762248992919922
0.0,0.731,0.269,0.9541,0.03403010591864586,0.10556918382644653,0.8604006767272949
0.141,0.728,0.132,-0.0498,0.897858738899231,0.08939693123102188,0.012744361534714699
0.041,0.852,0.107,0.4019,0.005148017313331366,0.03891024366021156,0.9559417963027954
0.074,0.773,0.152,0.8765,0.009794589132070541,0.02888360433280468,0.9613218903541565
0.101,0.718,0.181,0.642,0.6830211877822876,0.24405528604984283,0.07292351871728897
0.062,0.819,0.119,0.25,0.8053005337715149,0.17528913915157318,0.0194102693349123
0.0,0.868,0.132,0.4404,0.003052701475098729,0.028344538062810898,0.96860271692276
0.075,0.624,0.301,0.9622,0.002227563876658678,0.025520939379930496,0.9722514748573303
0.308,0.692,0.0,-0.7366,0.00335435988381505,0.01226069126278162,0.9843850135803223
0.122,0.786,0.092,-0.8142,0.5262277722358704,0.36997121572494507,0.10380102694034576
0.051,0.848,0.101,0.7755,0.26987460255622864,0.28190094232559204,0.4482244849205017
0.057,0.844,0.1,0.5983,0.5660213828086853,0.3817385733127594,0.0522400364279747
0.065,0.808,0.128,0.1882,0.8496395945549011,0.137411430478096,0.01294900756329298
0.0,0.936,0.064,0.6486,0.5434179902076721,0.31452012062072754,0.14206187427043915
0.048,0.931,0.021,-0.3748,0.7395115494728088,0.24379432201385498,0.016694124788045883
0.04,0.847,0.113,0.5984,0.19523711502552032,0.360772967338562,0.4439898729324341
0.058,0.873,0.069,-0.386,0.16555839776992798,0.19790039956569672,0.6365411877632141
0.03,0.847,0.123,0.8929,0.31867924332618713,0.5897127389907837,0.09160801768302917
0.017,0.733,0.251,0.9749,0.07690174132585526,0.1572478711605072,0.7658503651618958
0.214,0.682,0.104,-0.9381,0.5817437171936035,0.38833877444267273,0.029917454347014427
0.059,0.787,0.154,0.9527,0.6428887844085693,0.2601015269756317,0.09700969606637955
0.126,0.789,0.085,-0.1044,0.8656110167503357,0.12084390223026276,0.013545051217079163
0.0,0.799,0.201,0.7003,0.0038133738562464714,0.04733654856681824,0.9488500952720642
0.0,0.541,0.459,0.9371,0.006953937467187643,0.009985228069126606,0.983060896396637
0.185,0.67,0.145,-0.3763,0.6209652423858643,0.34717100858688354,0.031863756477832794
0.131,0.813,0.056,-0.7148,0.9441288113594055,0.049654487520456314,0.006216746289283037
0.093,0.907,0.0,-0.2144,0.7975194454193115,0.19385074079036713,0.008629735559225082
0.0,0.699,0.301,0.8478,0.0025553323794156313,0.008190624415874481,0.9892539978027344
0.0,1.0,0.0,0.0,0.43041688203811646,0.5025660395622253,0.06701704859733582
0.0,0.785,0.215,0.4767,0.01811419241130352,0.07387306541204453,0.9080128073692322
0.143,0.759,0.099,-0.4833,0.8766317963600159,0.11498145014047623,0.008386796340346336
0.127,0.734,0.139,0.036,0.8579943180084229,0.12940995395183563,0.012595647014677525
0.0,0.924,0.076,0.3716,0.6554586291313171,0.26335063576698303,0.08119071274995804
0.0,0.929,0.071,0.4767,0.7974834442138672,0.19037126004695892,0.012145329266786575
0.069,0.892,0.039,-0.1227,0.8303323984146118,0.15549470484256744,0.014172962866723537
0.18,0.686,0.133,-0.7321,0.018448960036039352,0.02886788919568062,0.9526832103729248
0.199,0.616,0.185,-0.1243,0.9432812929153442,0.05052796006202698,0.0061906808987259865
0.0,0.836,0.164,0.6498,0.4787140190601349,0.3668428659439087,0.15444310009479523
0.021,0.871,0.108,0.9256,0.024536633864045143,0.08489815145730972,0.8905652165412903
0.0,0.977,0.023,0.0516,0.5569517016410828,0.3940301239490509,0.04901815205812454
0.086,0.764,0.149,0.7899,0.08717136830091476,0.2254185527563095,0.6874100565910339
0.056,0.864,0.08,0.5881,0.6839412450790405,0.2891610264778137,0.02689773216843605
0.0,0.716,0.284,0.9233,0.08423740416765213,0.13074882328510284,0.7850137948989868
0.052,0.632,0.316,0.9904,0.022069109603762627,0.15786008536815643,0.820070743560791
0.036,0.828,0.135,0.7698,0.011497403495013714,0.18027213215827942,0.808230459690094
0.127,0.785,0.088,-0.4926,0.8410259485244751,0.14578483998775482,0.013189267367124557
0.034,0.907,0.059,0.25,0.22381620109081268,0.46491849422454834,0.31126537919044495
0.0,0.821,0.179,0.8822,0.06208837032318115,0.1278323382139206,0.8100793361663818
0.019,0.911,0.069,0.7266,0.6652576923370361,0.30450695753097534,0.030235346406698227
0.057,0.773,0.17,0.6597,0.19812078773975372,0.4515136480331421,0.350365549325943
0.043,0.787,0.17,0.802,0.6870768070220947,0.2724741995334625,0.04044903814792633
0.0,0.886,0.114,0.8462,0.0024989235680550337,0.02881900779902935,0.9686819911003113
0.0,0.802,0.198,0.933,0.0025554208550602198,0.04796415939927101,0.949480414390564
0.0,0.702,0.298,0.9742,0.007278521079570055,0.03648335114121437,0.9562381505966187
0.0,0.668,0.332,0.9545,0.006990562193095684,0.015580696985125542,0.9774287343025208
0.021,0.928,0.051,0.5684,0.017756862565875053,0.6235962510108948,0.35864686965942383
0.0,0.845,0.155,0.6908,0.7260438203811646,0.2062269002199173,0.06772931665182114
0.0,0.875,0.125,0.5719,0.013448202051222324,0.04380640387535095,0.9427453875541687
0.086,0.743,0.171,0.7234,0.007985086180269718,0.028682639822363853,0.9633322954177856
0.063,0.777,0.16,0.9409,0.007965799421072006,0.036395128816366196,0.9556390047073364
0.035,0.772,0.194,0.9346,0.00896836444735527,0.04971792921423912,0.9413136839866638
0.0,0.714,0.286,0.9454,0.009115302003920078,0.041497163474559784,0.9493875503540039
0.0,0.866,0.134,0.636,0.003964253235608339,0.008224894292652607,0.9878107905387878
0.03,0.71,0.26,0.9278,0.004724245052784681,0.012329471297562122,0.9829462766647339
0.0,0.817,0.183,0.8712,0.006417063530534506,0.028935477137565613,0.9646474719047546
0.0,0.787,0.213,0.9524,0.009379147551953793,0.058214135468006134,0.9324067234992981
0.0,0.758,0.242,0.9231,0.0046177818439900875,0.02440013363957405,0.970982015132904
0.065,0.549,0.386,0.8938,0.08151987195014954,0.06812781095504761,0.8503522872924805
0.0,0.764,0.236,0.8442,0.005551633425056934,0.033257000148296356,0.9611913561820984
0.0,0.697,0.303,0.8122,0.003297525690868497,0.008112861774861813,0.9885896444320679
0.0,0.71,0.29,0.9169,0.0036607508081942797,0.012930473312735558,0.9834088087081909
0.0,0.35,0.65,0.9753,0.0037013371475040913,0.008724111132323742,0.9875745177268982
0.0,0.551,0.449,0.9442,0.0037299736868590117,0.013845079578459263,0.9824249148368835
0.0,0.774,0.226,0.9184,0.005089609418064356,0.023983510211110115,0.9709268808364868
0.099,0.36,0.54,0.8687,0.005860838573426008,0.021296342834830284,0.9728428721427917
0.0,0.625,0.375,0.8122,0.003912677988409996,0.01349868718534708,0.9825886487960815
0.0,0.897,0.103,0.7617,0.26585131883621216,0.5836579203605652,0.15049077570438385
0.0,0.728,0.272,0.9118,0.0051145972684025764,0.02233821712434292,0.9725471138954163
0.0,0.799,0.201,0.9265,0.006434433162212372,0.037095293402671814,0.9564703106880188
0.0,0.929,0.071,0.6369,0.003633795538917184,0.09506630152463913,0.9012998938560486
0.0,0.865,0.135,0.4672,0.08276259154081345,0.32551950216293335,0.5917178988456726
0.168,0.747,0.084,-0.4448,0.9117885828018188,0.0807603970170021,0.007451043464243412
0.059,0.788,0.153,0.6486,0.2089243233203888,0.5162997245788574,0.2747759222984314
0.0,0.696,0.304,0.9891,0.07745078951120377,0.25691163539886475,0.6656375527381897
0.058,0.864,0.078,0.128,0.49886733293533325,0.45976102352142334,0.04137158766388893
0.098,0.801,0.101,0.0258,0.8544825315475464,0.13348296284675598,0.012034510262310505
0.072,0.812,0.116,0.9623,0.296993225812912,0.4858737885951996,0.21713301539421082
0.036,0.762,0.202,0.7675,0.0256736371666193,0.34979891777038574,0.6245274543762207
0.119,0.711,0.17,0.3818,0.11903397738933563,0.30363619327545166,0.5773298144340515
0.099,0.684,0.217,0.9898,0.8504641056060791,0.12502646446228027,0.024509398266673088
0.0,0.705,0.295,0.9626,0.009211841970682144,0.042065806686878204,0.9487223625183105
0.0,0.686,0.314,0.8313,0.004933661315590143,0.01148749515414238,0.9835789203643799
0.0,0.673,0.327,0.9897,0.0034860786981880665,0.017881399020552635,0.9786325097084045
0.081,0.853,0.065,0.2939,0.009907377883791924,0.04764948785305023,0.9424431324005127
0.071,0.69,0.239,0.9625,0.0038106837309896946,0.03735535591840744,0.9588339328765869
0.0,0.826,0.174,0.9339,0.004004230722784996,0.026756947860121727,0.969238817691803
0.055,0.766,0.179,0.934,0.004192972090095282,0.016919704154133797,0.9788873195648193
0.055,0.827,0.118,0.9126,0.02046210877597332,0.6249377131462097,0.3546002209186554
0.078,0.864,0.058,0.0258,0.6414019465446472,0.2899773120880127,0.06862076371908188
0.098,0.801,0.101,0.0258,0.8544825315475464,0.13348296284675598,0.012034510262310505
0.059,0.8,0.141,0.5764,0.003834116505458951,0.027950851246714592,0.9682149887084961
0.0,0.706,0.294,0.9212,0.003971506375819445,0.028236620128154755,0.9677918553352356
0.064,0.845,0.091,0.1386,0.005963505245745182,0.07182323932647705,0.9222133159637451
0.059,0.757,0.184,0.8974,0.10946845263242722,0.45450422167778015,0.4360273480415344
0.071,0.894,0.036,-0.775,0.36739397048950195,0.43781134486198425,0.19479474425315857
0.0,0.807,0.193,0.9288,0.017025142908096313,0.13119348883628845,0.8517813682556152
0.106,0.769,0.125,0.2023,0.02142597734928131,0.13262607157230377,0.8459479808807373
0.0,0.657,0.343,0.8555,0.006664453074336052,0.015293496660888195,0.9780420660972595
0.097,0.812,0.091,0.5548,0.1202797219157219,0.3861502707004547,0.493569940328598
0.0,0.766,0.234,0.7003,0.006720003206282854,0.07054393738508224,0.9227360486984253
0.0,0.851,0.149,0.6222,0.0024169457610696554,0.03114931844174862,0.9664337038993835
0.083,0.855,0.062,-0.1813,0.04477806016802788,0.11981325596570969,0.8354087471961975
0.07,0.767,0.162,0.9213,0.25729915499687195,0.45232465863227844,0.29037612676620483
0.098,0.801,0.101,0.0258,0.8544825315475464,0.13348296284675598,0.012034510262310505
0.029,0.686,0.285,0.9808,0.0065893735736608505,0.043680302798748016,0.9497303366661072
0.0,0.875,0.125,0.9633,0.0198152307420969,0.11209047585725784,0.8680943250656128
0.0,0.89,0.11,0.5859,0.004114799201488495,0.06358834356069565,0.932296872138977
0.058,0.633,0.309,0.8591,0.0033415951766073704,0.02728337049484253,0.9693750143051147
0.065,0.784,0.151,0.8185,0.008503208868205547,0.029155751690268517,0.9623410105705261
0.0,0.833,0.167,0.7351,0.0037010847590863705,0.035496264696121216,0.9608026146888733
0.106,0.753,0.14,0.25,0.2982727587223053,0.2735423445701599,0.4281849265098572
0.0,0.599,0.401,0.9744,0.0036734973546117544,0.00996165070682764,0.9863648414611816
0.0,0.736,0.264,0.8004,0.002983255311846733,0.012480857782065868,0.9845358729362488
0.0,0.706,0.294,0.8979,0.0024924306198954582,0.016015322878956795,0.9814922213554382
0.073,0.775,0.152,0.8445,0.013565896078944206,0.04890115559101105,0.9375329613685608
0.063,0.753,0.184,0.9022,0.4275743067264557,0.5122449398040771,0.06018070876598358
0.073,0.775,0.152,0.8445,0.013565896078944206,0.04890115559101105,0.9375329613685608
0.05,0.836,0.115,0.4767,0.003950771875679493,0.02184092439711094,0.9742083549499512
0.0,0.733,0.267,0.8074,0.0037453416734933853,0.014332503080368042,0.9819221496582031
0.031,0.873,0.097,0.6542,0.635735034942627,0.3027949333190918,0.06147003173828125
0.049,0.82,0.131,0.7531,0.050914566963911057,0.1219743937253952,0.827111005783081
0.0,0.813,0.187,0.8074,0.09647973626852036,0.5129525065422058,0.39056771993637085
0.058,0.84,0.102,0.8684,0.010964049026370049,0.09385996311903,0.8951759338378906
0.0,0.678,0.322,0.9676,0.006272656377404928,0.030848057940602303,0.9628792405128479
0.056,0.641,0.303,0.9574,0.7233009338378906,0.1649782508611679,0.11172075569629669
0.017,0.697,0.287,0.9798,0.05304010584950447,0.19342581927776337,0.7535340785980225
0.0,0.745,0.255,0.6652,0.00995451956987381,0.04459252581000328,0.9454529881477356
0.0,0.809,0.191,0.939,0.0029562856070697308,0.015311777591705322,0.9817319512367249
0.033,0.763,0.204,0.8775,0.006090143695473671,0.039933301508426666,0.953976571559906
0.0,0.852,0.148,0.4826,0.007522346451878548,0.02704411745071411,0.9654335975646973
0.0,0.812,0.188,0.8805,0.003293201792985201,0.01617898792028427,0.9805278778076172
0.0,0.883,0.117,0.765,0.004520009737461805,0.012965156696736813,0.9825147986412048
0.0,0.768,0.232,0.8008,0.009945778176188469,0.06631693243980408,0.9237372875213623
0.0,0.885,0.115,0.6369,0.02450251393020153,0.0953180119395256,0.8801795244216919
0.024,0.787,0.189,0.8863,0.01926991157233715,0.0836840495467186,0.8970460891723633
0.0,0.815,0.185,0.6124,0.003205421380698681,0.024522366002202034,0.9722722172737122
0.16,0.811,0.029,-0.8605,0.8509611487388611,0.1361990123987198,0.012839837931096554
0.106,0.612,0.282,0.8176,0.0055534192360937595,0.08824566006660461,0.9062009453773499
0.106,0.689,0.206,0.9909,0.6061062812805176,0.33707115054130554,0.056822627782821655
0.04,0.747,0.214,0.9814,0.045809175819158554,0.10502180457115173,0.8491690158843994
0.0,0.802,0.198,0.9884,0.0032412174623459578,0.02093539759516716,0.9758233428001404
0.019,0.83,0.151,0.9518,0.007860573008656502,0.07805240899324417,0.9140870571136475
0.078,0.755,0.167,0.9075,0.4970729351043701,0.3216175138950348,0.18130961060523987
0.13,0.685,0.185,0.9428,0.030696621164679527,0.07632781565189362,0.8929755687713623
0.023,0.695,0.282,0.9511,0.009157894179224968,0.03508264198899269,0.9557594656944275
0.0,0.871,0.129,0.5053,0.8776410222053528,0.09900342673063278,0.023355530574917793
0.125,0.76,0.115,0.0567,0.049311261624097824,0.12440558522939682,0.8262830972671509
0.057,0.844,0.099,0.768,0.012138997204601765,0.05312894657254219,0.9347320795059204
0.076,0.711,0.213,0.5662,0.38633614778518677,0.27336448431015015,0.3402993381023407
0.053,0.879,0.068,0.1796,0.3035798966884613,0.44501540064811707,0.25140470266342163
0.0,0.814,0.186,0.552,0.20699508488178253,0.6886440515518188,0.10436087101697922
0.0,0.89,0.11,0.6341,0.9021106362342834,0.08335551619529724,0.01453376654535532
0.055,0.808,0.138,0.8527,0.006340437568724155,0.06245287507772446,0.9312067031860352
0.08,0.772,0.148,0.8302,0.05117036774754524,0.08864886313676834,0.8601807355880737
0.0,0.697,0.303,0.9696,0.004727470688521862,0.03411334753036499,0.9611591696739197
0.146,0.794,0.06,-0.5719,0.9051190614700317,0.08578192442655563,0.009098950773477554
0.074,0.728,0.198,0.7199,0.6850685477256775,0.2093440741300583,0.10558739304542542
0.064,0.615,0.321,0.8481,0.15907126665115356,0.21232862770557404,0.6286001205444336
0.0,0.62,0.38,0.9281,0.0019534826278686523,0.013007708825170994,0.9850387573242188
0.03,0.862,0.107,0.9575,0.005709509365260601,0.20625567436218262,0.7880348563194275
0.0,0.707,0.293,0.981,0.008002041839063168,0.03733288496732712,0.9546651244163513
0.034,0.859,0.107,0.7708,0.005114386789500713,0.08654655516147614,0.9083391427993774
0.0,0.481,0.519,0.9337,0.0028190752491354942,0.014361708424985409,0.9828192591667175
0.098,0.629,0.274,0.9732,0.15470439195632935,0.3817821443080902,0.46351349353790283
0.0,0.644,0.356,0.8337,0.009545587934553623,0.0277121439576149,0.9627422094345093
0.0,0.556,0.444,0.9672,0.008187301456928253,0.04117748513817787,0.9506352543830872
0.0,1.0,0.0,0.0,0.23681321740150452,0.4289853572845459,0.3342013955116272
0.098,0.727,0.175,0.5375,0.010781273245811462,0.07328972965478897,0.9159289598464966
0.134,0.657,0.209,0.4939,0.0644848421216011,0.14657442271709442,0.7889407277107239
0.0,0.569,0.431,0.8337,0.00890638679265976,0.026284653693437576,0.964809000492096
0.054,0.637,0.309,0.886,0.00725151039659977,0.16111595928668976,0.8316324949264526
0.037,0.655,0.307,0.9456,0.004177974537014961,0.018584061414003372,0.9772379994392395
0.053,0.804,0.142,0.91,0.00513097457587719,0.1005246490240097,0.8943443894386292
0.0,0.601,0.399,0.9224,0.004453352186828852,0.020260924473404884,0.9752857089042664
0.033,0.845,0.122,0.6805,0.0027536943089216948,0.017969565466046333,0.9792767763137817
0.114,0.632,0.253,0.7115,0.007485541049391031,0.04294968396425247,0.9495647549629211
0.064,0.769,0.167,0.8271,0.038619350641965866,0.10248782485723495,0.8588928580284119
0.057,0.755,0.188,0.905,0.022667188197374344,0.12591059505939484,0.8514221906661987
0.0,0.617,0.383,0.9309,0.0027934880927205086,0.013962287455797195,0.9832442402839661
0.064,0.736,0.2,0.944,0.05996355414390564,0.13034211099147797,0.8096942901611328
0.0,0.55,0.45,0.9561,0.014379102736711502,0.055304501205682755,0.9303163886070251
0.038,0.751,0.211,0.9945,0.050046321004629135,0.4975537657737732,0.45239996910095215
0.0,0.596,0.404,0.8178,0.1786268949508667,0.4872983396053314,0.33407479524612427
0.094,0.666,0.24,0.9042,0.009311913512647152,0.02730744518339634,0.9633806347846985
0.0,0.832,0.168,0.9324,0.005234363488852978,0.17215441167354584,0.8226112723350525
0.0,0.705,0.295,0.8979,0.003424212569370866,0.020815322175621986,0.9757604598999023
0.056,0.837,0.107,0.4019,0.9323763847351074,0.058744095265865326,0.008879453875124454
0.0,0.588,0.412,0.8807,0.0026510264724493027,0.013505285605788231,0.9838436245918274
0.06,0.784,0.156,0.4753,0.004360476043075323,0.019413135945796967,0.9762263894081116
0.0,0.833,0.167,0.765,0.009938415139913559,0.021381927654147148,0.968679666519165
0.079,0.635,0.286,0.7579,0.010148427449166775,0.05941316857933998,0.9304384589195251
0.0,0.599,0.401,0.9008,0.004098116420209408,0.015104876831173897,0.9807970523834229
0.0,0.786,0.214,0.9136,0.013555433601140976,0.12778879702091217,0.8586557507514954
0.0,0.808,0.192,0.8854,0.007270023692399263,0.05122731253504753,0.9415026903152466
0.144,0.519,0.337,0.7469,0.009898385964334011,0.03205114230513573,0.958050549030304
0.0,0.661,0.339,0.8268,0.0037051718682050705,0.00807325541973114,0.9882215857505798
0.0,0.638,0.362,0.8952,0.003634836059063673,0.01199674978852272,0.9843683838844299
0.106,0.531,0.364,0.9746,0.0073695858009159565,0.026874836534261703,0.9657555818557739
0.03,0.67,0.3,0.9787,0.19619004428386688,0.40844079852104187,0.39536914229393005
0.057,0.832,0.11,0.781,0.050811029970645905,0.387735515832901,0.5614534616470337
0.0,0.935,0.065,0.4005,0.5620110034942627,0.39794421195983887,0.04004478454589844
0.264,0.481,0.255,0.1828,0.013021519407629967,0.09532918781042099,0.8916493058204651
0.0,0.728,0.272,0.8622,0.0035854631569236517,0.013573498465120792,0.9828410148620605
0.068,0.781,0.151,0.5083,0.017184047028422356,0.06283438950777054,0.9199815392494202
0.0,0.71,0.29,0.8217,0.0032770796678960323,0.028902258723974228,0.9678207039833069
0.0,0.745,0.255,0.9633,0.0034035088028758764,0.025023464113473892,0.971572995185852
0.044,0.532,0.424,0.967,0.00402656476944685,0.011759163811802864,0.9842143058776855
0.0,0.696,0.304,0.9052,0.01984238624572754,0.0954015851020813,0.8847560286521912
0.145,0.735,0.12,-0.1538,0.6337119936943054,0.3279482424259186,0.038339730352163315
0.022,0.735,0.243,0.9219,0.029742445796728134,0.2015083283185959,0.7687491774559021
0.052,0.717,0.23,0.7552,0.019150586798787117,0.12020833790302277,0.8606410622596741
0.0,0.479,0.521,0.9549,0.0028682276606559753,0.010294589214026928,0.9868372678756714
0.0,0.713,0.287,0.9199,0.0053553506731987,0.02745840698480606,0.9671862125396729
0.0,0.68,0.32,0.9705,0.004201784264296293,0.014299620874226093,0.9814985394477844
0.0,0.742,0.258,0.8555,0.016341999173164368,0.05669015645980835,0.9269677996635437
0.0,0.934,0.066,0.4927,0.018911901861429214,0.1372303068637848,0.8438577651977539
0.0,0.681,0.319,0.92,0.0052520171739161015,0.013625312596559525,0.9811227321624756
0.043,0.706,0.251,0.8942,0.011131384409964085,0.061632174998521805,0.9272364377975464
0.0,0.695,0.305,0.784,0.003230188274756074,0.013049603439867496,0.9837201833724976
0.091,0.753,0.157,0.6204,0.005687654484063387,0.02969050407409668,0.9646218419075012
0.0,0.724,0.276,0.9286,0.006398547440767288,0.019329363480210304,0.9742720723152161
0.0,0.819,0.181,0.4567,0.004714615177363157,0.03408984839916229,0.9611955285072327
0.189,0.714,0.097,-0.3561,0.8191809058189392,0.16266150772571564,0.01815756782889366
0.232,0.554,0.214,-0.128,0.8798027038574219,0.10062014311552048,0.019577177241444588
0.048,0.887,0.065,0.1655,0.26855194568634033,0.34852099418640137,0.3829270303249359
0.0,0.677,0.323,0.8999,0.003688314463943243,0.015983399003744125,0.9803282618522644
0.06,0.731,0.209,0.8865,0.018619665876030922,0.0702093243598938,0.9111710786819458
0.0,0.781,0.219,0.8201,0.009154397994279861,0.10526153445243835,0.8855840563774109
0.133,0.718,0.149,0.2896,0.789050281047821,0.18594016134738922,0.025009622797369957
0.0,0.845,0.155,0.9565,0.15180130302906036,0.29510074853897095,0.5530979633331299
0.071,0.885,0.045,-0.6108,0.039892129600048065,0.17674390971660614,0.7833639979362488
0.015,0.82,0.165,0.9915,0.6574233770370483,0.28042295575141907,0.06215366721153259
0.014,0.897,0.09,0.8777,0.004082527011632919,0.03845256194472313,0.9574649333953857
0.1,0.762,0.137,0.4545,0.8877678513526917,0.09272684156894684,0.01950533129274845
0.072,0.684,0.244,0.743,0.006185943726450205,0.021332602947950363,0.9724814891815186
0.027,0.724,0.249,0.9851,0.0060119712725281715,0.033566247671842575,0.9604217410087585
0.08,0.839,0.081,0.0052,0.016261868178844452,0.08012869954109192,0.9036094546318054
0.0,0.677,0.323,0.936,0.003199267666786909,0.00938886497169733,0.9874118566513062
0.022,0.846,0.132,0.9437,0.006435752380639315,0.040970176458358765,0.9525940418243408
0.037,0.723,0.24,0.966,0.12257766723632812,0.11766367405653,0.7597586512565613
0.088,0.712,0.2,0.9701,0.09470280259847641,0.25281551480293274,0.652481734752655
0.092,0.788,0.12,0.2103,0.6453202366828918,0.18755538761615753,0.16712433099746704
0.054,0.794,0.153,0.9197,0.022574475035071373,0.14545480906963348,0.831970751285553
0.077,0.784,0.139,0.7096,0.9182609915733337,0.06512504816055298,0.016613934189081192
0.049,0.854,0.097,0.2732,0.005485362373292446,0.168405219912529,0.8261094689369202
0.065,0.748,0.187,0.9794,0.010958552360534668,0.08908001333475113,0.8999614119529724
0.122,0.817,0.061,-0.5429,0.8594773411750793,0.12025509774684906,0.020267527550458908
0.026,0.66,0.314,0.981,0.006113224197179079,0.01409741211682558,0.9797893762588501
0.13,0.73,0.139,0.1494,0.1935616284608841,0.3559604287147522,0.4504779577255249
0.0,0.71,0.29,0.9258,0.005982686765491962,0.015885593369603157,0.9781317114830017
0.055,0.784,0.161,0.9391,0.5265570878982544,0.3685853183269501,0.10485757887363434
0.0,0.949,0.051,0.2578,0.7764593362808228,0.19765399396419525,0.02588668465614319
0.058,0.597,0.346,0.9325,0.0678299143910408,0.24562543630599976,0.68654465675354
0.05,0.771,0.179,0.9662,0.19071324169635773,0.21019724011421204,0.599089503288269
0.127,0.76,0.113,-0.0429,0.6989359855651855,0.23447592556476593,0.06658806651830673
0.0,0.739,0.261,0.971,0.009768609888851643,0.1178436353802681,0.872387707233429
0.023,0.752,0.225,0.9926,0.48611879348754883,0.39374789595603943,0.12013328820466995
0.017,0.922,0.06,0.4253,0.0194220133125782,0.22618280351161957,0.7543951869010925
0.032,0.89,0.079,0.8756,0.21789026260375977,0.6008262634277344,0.18128345906734467
0.049,0.778,0.172,0.9453,0.720294177532196,0.2156563401222229,0.06404950469732285
0.012,0.824,0.164,0.979,0.6142312288284302,0.3368709683418274,0.048897746950387955
0.063,0.794,0.143,0.9422,0.2477387934923172,0.5922189354896545,0.16004228591918945
0.127,0.847,0.027,-0.9774,0.0464727021753788,0.7982957363128662,0.15523160994052887
0.0,0.809,0.191,0.9157,0.004679491277784109,0.03328962251543999,0.9620308876037598
0.082,0.823,0.095,0.5001,0.36589205265045166,0.5164110064506531,0.11769694089889526
0.0,1.0,0.0,0.0,0.03856438398361206,0.7760611772537231,0.18537446856498718
0.045,0.859,0.096,0.4215,0.09588024765253067,0.5814099907875061,0.3227097690105438
0.017,0.863,0.12,0.8897,0.028237417340278625,0.1557110846042633,0.8160514831542969
0.198,0.67,0.131,-0.3182,0.12058241665363312,0.19034509360790253,0.6890724301338196
0.0,0.756,0.244,0.8746,0.010620076209306717,0.11010511219501495,0.879274845123291
0.215,0.598,0.187,-0.296,0.454488068819046,0.3350522816181183,0.2104596346616745
0.08,0.831,0.089,0.0772,0.8449774980545044,0.14445893466472626,0.010563532821834087
0.006,0.739,0.255,0.995,0.006403944455087185,0.03611623868346214,0.9574798345565796
0.0,0.718,0.282,0.9554,0.3199923038482666,0.5406356453895569,0.1393720656633377
0.045,0.83,0.124,0.7968,0.18676254153251648,0.3997560143470764,0.41348138451576233
0.0,0.803,0.197,0.8684,0.010836525820195675,0.043979838490486145,0.9451836347579956
0.0,0.811,0.189,0.9405,0.02224590629339218,0.09036266058683395,0.8873914480209351
0.0,0.7,0.3,0.9286,0.025217022746801376,0.06145895645022392,0.9133239984512329
0.043,0.802,0.155,0.9334,0.06265371292829514,0.16722941398620605,0.7701168656349182
0.0,0.918,0.082,0.7772,0.16316595673561096,0.40653154253959656,0.4303025007247925
0.034,0.819,0.147,0.9614,0.0037597769405692816,0.03544037789106369,0.9607998728752136
0.152,0.735,0.113,-0.1154,0.07059107720851898,0.14874152839183807,0.7806673645973206
0.0,0.775,0.225,0.937,0.007036865688860416,0.03130640462040901,0.9616567492485046
0.028,0.848,0.124,0.8777,0.010435695759952068,0.08360066264867783,0.9059635996818542
0.0,0.846,0.154,0.6369,0.005272275768220425,0.026393935084342957,0.9683337807655334
0.0,0.631,0.369,0.969,0.003732894780114293,0.013712665997445583,0.9825544953346252
0.0,0.837,0.163,0.7531,0.006444357801228762,0.1143554076552391,0.879200279712677
0.0,0.707,0.293,0.7003,0.0032858022022992373,0.030103368684649467,0.9666107892990112
0.053,0.758,0.19,0.9764,0.004766627214848995,0.10806435346603394,0.8871690034866333
0.018,0.907,0.075,0.8669,0.007165048737078905,0.1522124856710434,0.8406224846839905
0.0,0.691,0.309,0.9176,0.0028084772638976574,0.00875070970505476,0.9884408712387085
0.0,0.846,0.154,0.9343,0.0038185259327292442,0.01952034793794155,0.9766611456871033
0.058,0.737,0.205,0.765,0.01334062498062849,0.061437029391527176,0.9252223372459412
0.02,0.839,0.141,0.8588,0.005980321671813726,0.04450759291648865,0.9495121240615845
0.046,0.794,0.16,0.9335,0.02748693712055683,0.28010016679763794,0.6924129128456116
0.009,0.852,0.139,0.9764,0.5768308639526367,0.35412371158599854,0.06904541701078415
0.093,0.875,0.032,-0.8384,0.6867932081222534,0.28709596395492554,0.026110785081982613
0.05,0.926,0.024,-0.2509,0.7818135023117065,0.20722490549087524,0.010961540974676609
0.073,0.685,0.243,0.6671,0.004814580082893372,0.02846880815923214,0.9667165875434875
0.183,0.785,0.032,-0.8675,0.9054398536682129,0.08635981380939484,0.008200298994779587
0.0,0.736,0.264,0.7264,0.0023073116317391396,0.013305853120982647,0.9843868613243103
0.033,0.764,0.203,0.8708,0.005478766281157732,0.017365258187055588,0.9771560430526733
0.023,0.789,0.188,0.9586,0.005011778324842453,0.023210078477859497,0.9717782139778137
0.0,0.661,0.339,0.9812,0.0040984321385622025,0.028417805209755898,0.9674838185310364
0.0,0.848,0.152,0.8507,0.006840440910309553,0.02347671054303646,0.9696828722953796
0.0,0.817,0.183,0.8519,0.012773217633366585,0.1419493705034256,0.8452773690223694
0.0,0.926,0.074,0.6428,0.003617860609665513,0.027279281988739967,0.9691029191017151
0.0,0.755,0.245,0.9075,0.0022278265096247196,0.011603406630456448,0.9861688017845154
0.0,0.711,0.289,0.9379,0.006750515196472406,0.014745902270078659,0.9785036444664001
0.024,0.755,0.22,0.9704,0.005586426705121994,0.03703053668141365,0.9573829770088196
0.049,0.951,0.0,-0.5719,0.009561517275869846,0.0983465239405632,0.8920919299125671
0.04,0.803,0.157,0.6076,0.8499829769134521,0.13021817803382874,0.019798878580331802
0.043,0.806,0.151,0.9365,0.058631833642721176,0.16713649034500122,0.7742316722869873
0.0,0.816,0.184,0.8914,0.623103141784668,0.26121532917022705,0.11568153649568558
0.0,0.839,0.161,0.9444,0.005186213180422783,0.033042680472135544,0.9617711305618286
0.0,0.932,0.068,0.4019,0.35865354537963867,0.40032562613487244,0.24102084338665009
0.198,0.779,0.023,-0.9325,0.945174515247345,0.04861986264586449,0.006205640267580748
0.064,0.748,0.188,0.4845,0.6650817394256592,0.22679764032363892,0.10812061280012131
0.101,0.899,0.0,-0.4019,0.3673882782459259,0.5486360788345337,0.08397560566663742
0.097,0.792,0.111,-0.3327,0.8284956812858582,0.14401410520076752,0.027490271255373955
0.049,0.815,0.136,0.6808,0.5929962396621704,0.32421109080314636,0.08279260993003845
0.214,0.763,0.023,-0.8832,0.9635962247848511,0.031122444197535515,0.005281413439661264
0.11,0.89,0.0,-0.7506,0.5781689286231995,0.40615060925483704,0.015680396929383278
0.0,0.821,0.179,0.9702,0.0027195115108042955,0.05601613596081734,0.9412643313407898
0.041,0.842,0.118,0.81,0.005209652241319418,0.023392681032419205,0.9713976979255676
0.039,0.864,0.098,0.6908,0.0029338416643440723,0.03733181208372116,0.9597343802452087
0.022,0.821,0.156,0.8832,0.018680155277252197,0.44626525044441223,0.5350545644760132
0.0,0.919,0.081,0.7184,0.006797619163990021,0.09917601943016052,0.8940263390541077
0.0,0.897,0.103,0.2382,0.139445498585701,0.35327059030532837,0.5072839260101318
0.0,0.897,0.103,0.7184,0.009782551787793636,0.22188565135002136,0.76833176612854
0.0,0.755,0.245,0.9686,0.004284684080630541,0.019925257191061974,0.9757900834083557
0.0,0.763,0.237,0.9562,0.009013103321194649,0.053658802062273026,0.937328040599823
0.08,0.738,0.182,0.8906,0.003593238303437829,0.04599300026893616,0.9504138231277466
0.136,0.831,0.033,-0.5719,0.017785772681236267,0.22585166990756989,0.7563626170158386
0.0,0.812,0.188,0.8698,0.0021391818299889565,0.008692774921655655,0.9891680479049683
0.0,0.724,0.276,0.8034,0.009809061884880066,0.028938166797161102,0.9612528085708618
0.0,0.795,0.205,0.6588,0.009059502743184566,0.08125219494104385,0.9096882939338684
0.074,0.907,0.019,-0.7653,0.19287867844104767,0.28504905104637146,0.5220722556114197
0.0,0.799,0.201,0.8832,0.0061255949549376965,0.04398290440440178,0.9498915076255798
0.023,0.758,0.219,0.9545,0.008643307723104954,0.07584051042795181,0.9155161380767822
0.129,0.786,0.086,-0.2037,0.555277943611145,0.3008572459220886,0.14386479556560516
0.0,0.863,0.137,0.7339,0.002527025528252125,0.04156621918082237,0.9559068083763123
0.0,0.821,0.179,0.6124,0.003916613757610321,0.15249231457710266,0.8435910940170288
0.0,0.707,0.293,0.9755,0.002129416447132826,0.008992386050522327,0.9888781905174255
0.0,0.929,0.071,0.7701,0.004580666311085224,0.08805890381336212,0.9073604345321655
0.119,0.881,0.0,-0.4215,0.5729953646659851,0.4051954448223114,0.021809183061122894
0.055,0.907,0.038,-0.2023,0.015016324818134308,0.39305806159973145,0.5919255614280701
0.04,0.825,0.135,0.7494,0.5687793493270874,0.23192133009433746,0.19929935038089752
0.053,0.852,0.095,0.6715,0.2762924134731293,0.44799548387527466,0.27571213245391846
0.0,0.945,0.055,0.3612,0.693087100982666,0.2728995382785797,0.03401334583759308
0.079,0.844,0.077,-0.0526,0.8648818135261536,0.12395007163286209,0.01116815023124218
0.055,0.715,0.23,0.7081,0.0466117225587368,0.09378854930400848,0.8595996499061584
0.052,0.672,0.276,0.9656,0.006066269241273403,0.03236820548772812,0.9615654945373535
0.041,0.851,0.108,0.8869,0.6602845191955566,0.3141840398311615,0.025531459599733353
0.162,0.631,0.207,0.3326,0.0037785025779157877,0.013241345062851906,0.9829801321029663
0.073,0.745,0.181,0.9594,0.03144581988453865,0.3604143261909485,0.6081398129463196
0.043,0.876,0.08,0.6686,0.00425658468157053,0.04876244068145752,0.9469809532165527
0.0,0.721,0.279,0.8807,0.002827282529324293,0.03559641167521477,0.9615762829780579
0.106,0.8,0.094,-0.1883,0.2946712076663971,0.2519553303718567,0.4533734619617462
0.0,0.616,0.384,0.7964,0.00410265801474452,0.04347456246614456,0.9524227380752563
0.0,0.714,0.286,0.8027,0.0025253461208194494,0.010012037120759487,0.98746258020401
0.105,0.812,0.083,-0.2944,0.7766776084899902,0.1877615749835968,0.035560764372348785
0.0,0.644,0.356,0.938,0.005671514198184013,0.0332656130194664,0.9610628485679626
0.059,0.76,0.181,0.9721,0.053205933421850204,0.28939422965049744,0.6573997735977173
0.03,0.713,0.257,0.9755,0.054244473576545715,0.1210421472787857,0.8247133493423462
0.0,0.518,0.482,0.9035,0.003714864607900381,0.009369809180498123,0.9869153499603271
0.0,0.543,0.457,0.8957,0.0025750151835381985,0.02646033838391304,0.9709646105766296
0.039,0.838,0.123,0.6908,0.006318974774330854,0.032864831387996674,0.9608162641525269
0.105,0.865,0.03,-0.8031,0.8837534189224243,0.1039414033293724,0.012305147014558315
0.053,0.623,0.324,0.9271,0.003694669809192419,0.007180304732173681,0.9891250133514404
0.0,0.759,0.241,0.8591,0.003872459288686514,0.026367295533418655,0.9697601795196533
0.035,0.877,0.088,0.7854,0.044550005346536636,0.22816155850887299,0.7272884249687195
0.155,0.725,0.12,-0.6946,0.8044594526290894,0.17555610835552216,0.01998443342745304
0.0,0.708,0.292,0.9245,0.004634381737560034,0.018151454627513885,0.9772142171859741
0.102,0.718,0.18,0.3419,0.5299060344696045,0.33811551332473755,0.13197842240333557
0.0,0.701,0.299,0.9524,0.010442113503813744,0.024662107229232788,0.9648957848548889
0.0,0.646,0.354,0.947,0.003998734522610903,0.015284804627299309,0.9807164072990417
0.047,0.919,0.034,-0.1403,0.9443050026893616,0.049486249685287476,0.00620866846293211
0.136,0.657,0.206,0.7184,0.004335283301770687,0.028122661635279655,0.9675420522689819
0.0,0.814,0.186,0.9866,0.011190608143806458,0.08256962895393372,0.9062397480010986
0.0,0.55,0.45,0.92,0.005476613529026508,0.014978991821408272,0.979544460773468
0.0,0.852,0.148,0.8172,0.005217942409217358,0.01867404580116272,0.9761080145835876
0.0,0.758,0.242,0.7458,0.008787102065980434,0.05392957106232643,0.9372833371162415
0.035,0.744,0.221,0.8176,0.01495394203811884,0.052010223269462585,0.9330358505249023
0.023,0.77,0.208,0.9768,0.016007907688617706,0.10768695920705795,0.8763051629066467
0.047,0.796,0.157,0.9794,0.013624715618789196,0.04364030063152313,0.9427350163459778
0.026,0.772,0.202,0.9862,0.02211889997124672,0.18868184089660645,0.7891992330551147
0.03,0.682,0.288,0.9825,0.005568440537899733,0.02439073845744133,0.9700407981872559
0.012,0.856,0.133,0.9823,0.0031000268645584583,0.07822059094905853,0.918679416179657
0.0,0.916,0.084,0.8126,0.005334438290446997,0.16742491722106934,0.8272406458854675
0.0,0.783,0.217,0.8685,0.8096908926963806,0.17369690537452698,0.016612185165286064
0.018,0.877,0.105,0.8187,0.22662615776062012,0.6958666443824768,0.07750718295574188
0.0,0.728,0.272,0.6696,0.0035436335019767284,0.018043531104922295,0.9784128069877625
0.096,0.904,0.0,-0.395,0.8011592030525208,0.18636012077331543,0.0124806584790349
0.051,0.81,0.14,0.659,0.03193614259362221,0.15535098314285278,0.8127129077911377
0.023,0.977,0.0,-0.4199,0.05191202461719513,0.39994075894355774,0.5481472015380859
0.08,0.867,0.052,-0.4278,0.5165526270866394,0.3400653302669525,0.14338207244873047
0.077,0.765,0.158,0.3612,0.017982948571443558,0.09364745020866394,0.888369619846344
0.0,1.0,0.0,0.0,0.0023433046881109476,0.08376985043287277,0.9138869047164917
0.014,0.772,0.213,0.975,0.004294865764677525,0.05635525658726692,0.939349889755249
0.014,0.772,0.214,0.972,0.005168883129954338,0.12281278520822525,0.8720183372497559
0.0,0.776,0.224,0.9001,0.004622095264494419,0.017724303528666496,0.9776535630226135
0.0,0.799,0.201,0.7783,0.002290577394887805,0.017460186034440994,0.9802492260932922
0.0,0.635,0.365,0.926,0.0038251704536378384,0.022229520604014397,0.9739452600479126
0.041,0.826,0.133,0.8685,0.0037924121133983135,0.13181425631046295,0.8643933534622192
0.0,0.839,0.161,0.6351,0.3053339719772339,0.3063656985759735,0.388300359249115
0.05,0.885,0.065,0.5425,0.016005229204893112,0.044330112636089325,0.9396646618843079
0.058,0.822,0.12,0.9408,0.2022087723016739,0.40701228380203247,0.39077895879745483
0.01,0.87,0.12,0.956,0.2955632209777832,0.6373354196548462,0.0671013593673706
0.079,0.824,0.097,0.2714,0.008863085880875587,0.05125578120350838,0.9398810863494873
0.0,0.704,0.296,0.9666,0.0019475164590403438,0.028387833386659622,0.9696646928787231
0.046,0.721,0.233,0.9923,0.017775578424334526,0.16027861833572388,0.8219457864761353
0.041,0.883,0.076,0.7102,0.021368790417909622,0.052069224417209625,0.9265619516372681
0.35,0.544,0.106,-0.6694,0.18850235641002655,0.4436975121498108,0.36780014634132385
0.0,0.882,0.118,0.8405,0.18277059495449066,0.4488062560558319,0.368423193693161
0.101,0.586,0.313,0.9693,0.7937582731246948,0.15987668931484222,0.046365078538656235
0.0,0.657,0.343,0.9678,0.004238873720169067,0.019369952380657196,0.9763911366462708
0.0,0.76,0.24,0.8481,0.007596516516059637,0.020419305190443993,0.9719841480255127
0.0,0.8,0.2,0.9571,0.013920672237873077,0.057153914123773575,0.9289253950119019
0.029,0.741,0.23,0.932,0.007977426052093506,0.018111100420355797,0.973911464214325
0.019,0.865,0.115,0.978,0.00419860752299428,0.07010677456855774,0.9256946444511414
0.167,0.803,0.03,-0.9006,0.8607142567634583,0.11907092481851578,0.020214805379509926
0.04,0.867,0.093,0.818,0.025388207286596298,0.05868303403258324,0.9159287810325623
0.041,0.883,0.076,0.7102,0.021368790417909622,0.052069224417209625,0.9265619516372681
0.204,0.796,0.0,-0.8008,0.8582810163497925,0.10212933272123337,0.039589591324329376
0.061,0.939,0.0,-0.5667,0.017318205907940865,0.12131468206644058,0.8613671064376831
0.0,0.821,0.179,0.9578,0.013789116404950619,0.07614480704069138,0.9100661277770996
0.0,0.824,0.176,0.8885,0.015273252502083778,0.08288048207759857,0.9018462896347046
0.0,0.855,0.145,0.885,0.0027742176316678524,0.010314526036381721,0.9869112968444824
0.0,0.916,0.084,0.8126,0.005334438290446997,0.16742491722106934,0.8272406458854675
0.033,0.794,0.173,0.8828,0.002296451013535261,0.01390303485095501,0.98380047082901
0.057,0.787,0.156,0.8325,0.006724993698298931,0.028804507106542587,0.9644705653190613
0.077,0.765,0.158,0.3612,0.01789247803390026,0.09506623446941376,0.8870412707328796
0.0,0.716,0.284,0.9402,0.007452414371073246,0.018827510997653008,0.9737200736999512
0.036,0.718,0.246,0.9426,0.022612765431404114,0.07088673114776611,0.906500518321991
0.101,0.728,0.17,0.5842,0.006373932585120201,0.02450600638985634,0.9691200256347656
0.0,0.708,0.292,0.7351,0.012059817090630531,0.03734568879008293,0.9505945444107056
0.0,0.642,0.358,0.8912,0.008868149481713772,0.022006595507264137,0.9691252708435059
0.063,0.751,0.187,0.8615,0.008158675394952297,0.26000627875328064,0.7318350672721863
0.0,0.861,0.139,0.4404,0.005944972857832909,0.32902956008911133,0.665025532245636
0.054,0.872,0.073,-0.1511,0.004439845681190491,0.04796379804611206,0.9475963711738586
0.054,0.721,0.225,0.8325,0.003301773453131318,0.02900376170873642,0.9676945209503174
0.066,0.608,0.327,0.9331,0.0042106895707547665,0.020662108436226845,0.9751272201538086
0.088,0.668,0.244,0.9402,0.010731213726103306,0.07816975563764572,0.9110990166664124
0.273,0.629,0.098,-0.6122,0.9464536309242249,0.04793975502252579,0.005606514401733875
0.032,0.793,0.175,0.9737,0.026354974135756493,0.08564694970846176,0.887998104095459
0.081,0.919,0.0,-0.5773,0.011341871693730354,0.0878501608967781,0.9008079171180725
0.176,0.738,0.086,-0.4469,0.9515832662582397,0.040445003658533096,0.007971707731485367
0.043,0.884,0.073,0.2746,0.7977036237716675,0.1867324411869049,0.015563962049782276
0.051,0.71,0.239,0.997,0.046777475625276566,0.31484705209732056,0.6383755207061768
0.0,0.426,0.574,0.9552,0.0030835901852697134,0.014040675014257431,0.9828757047653198
0.143,0.716,0.14,-0.0516,0.5772384405136108,0.3288065493106842,0.09395506978034973
0.015,0.829,0.156,0.9314,0.03042261302471161,0.1442677229642868,0.8253096342086792
0.066,0.915,0.019,-0.7266,0.8179813623428345,0.16696228086948395,0.015056423842906952
0.075,0.903,0.022,-0.6942,0.6303194165229797,0.3305733799934387,0.03910720348358154
0.044,0.901,0.054,0.5396,0.572502613067627,0.37944191694259644,0.04805544391274452
0.0,0.759,0.241,0.7906,0.005574893206357956,0.25250715017318726,0.7419179677963257
0.146,0.745,0.109,-0.1027,0.9142314791679382,0.07239124923944473,0.013377257622778416
0.108,0.712,0.179,0.5705,0.8888083696365356,0.09538252651691437,0.015809092670679092
0.091,0.796,0.113,0.305,0.7934540510177612,0.18281514942646027,0.023730726912617683
0.0,0.694,0.306,0.9728,0.0032863817177712917,0.012594647705554962,0.9841189384460449
0.088,0.709,0.203,0.9806,0.4519801139831543,0.35917702317237854,0.18884287774562836
0.169,0.711,0.12,-0.5522,0.8610430955886841,0.11128775775432587,0.027669066563248634
0.079,0.744,0.177,0.9416,0.07186240702867508,0.16149266064167023,0.7666448950767517
0.0,0.851,0.149,0.9317,0.002949763322249055,0.01527523621916771,0.9817750453948975
0.0,0.713,0.287,0.9233,0.004101890604943037,0.020335638895630836,0.9755624532699585
0.0,0.859,0.141,0.9254,0.003551291534677148,0.01764192432165146,0.9788067936897278
0.0,0.676,0.324,0.8442,0.006336492951959372,0.02553313970565796,0.9681304097175598
0.0,0.813,0.187,0.8171,0.011881562881171703,0.046531692147254944,0.9415867924690247
0.021,0.784,0.196,0.9701,0.004640453495085239,0.02545352093875408,0.9699060916900635
0.251,0.672,0.077,-0.6597,0.025137728080153465,0.14595851302146912,0.8289037346839905
0.029,0.887,0.085,0.6237,0.11694514006376266,0.8412414193153381,0.04181338846683502
0.069,0.653,0.278,0.7276,0.0033800157252699137,0.022324128076434135,0.9742957949638367
0.0,0.651,0.349,0.8214,0.009007297456264496,0.03117547743022442,0.9598172307014465
0.033,0.835,0.132,0.9419,0.007696035783737898,0.036172255873680115,0.9561316967010498
0.102,0.764,0.134,0.6968,0.5340692400932312,0.3478502631187439,0.1180805042386055
0.063,0.763,0.175,0.5039,0.8679306507110596,0.11636001616716385,0.015709390863776207
0.026,0.709,0.265,0.9678,0.006589389406144619,0.032700054347515106,0.9607105851173401
0.0,0.688,0.312,0.9784,0.002359921345487237,0.013054244220256805,0.9845858216285706
0.159,0.744,0.097,-0.1268,0.022830316796898842,0.09669730067253113,0.8804723620414734
0.0,0.618,0.382,0.8885,0.0016368662472814322,0.023388050496578217,0.9749751091003418
0.054,0.81,0.137,0.7351,0.188032865524292,0.3592488467693329,0.4527183175086975
0.025,0.684,0.291,0.9349,0.40257659554481506,0.5189792513847351,0.07844416797161102
0.0,0.59,0.41,0.9102,0.0030484553426504135,0.01554989255964756,0.9814016222953796
0.0,0.631,0.369,0.9866,0.0307669248431921,0.1113378182053566,0.8578952550888062
0.187,0.734,0.078,-0.9321,0.8917574286460876,0.08388878405094147,0.024353811517357826
0.0,0.867,0.133,0.6705,0.008659611456096172,0.0727352648973465,0.9186050891876221
0.118,0.74,0.142,0.4939,0.3210011422634125,0.26122990250587463,0.4177689254283905
0.127,0.771,0.102,0.0018,0.08311434835195541,0.2912473976612091,0.6256382465362549
0.0,1.0,0.0,0.0,0.1842229813337326,0.6668597459793091,0.1489173024892807
0.06,0.677,0.263,0.8885,0.7668899893760681,0.20356258749961853,0.029547415673732758
0.0,0.831,0.169,0.8957,0.012184349820017815,0.02892257086932659,0.9588931202888489
0.019,0.854,0.127,0.9349,0.008839083835482597,0.05881674587726593,0.9323441386222839
0.0,0.741,0.259,0.9838,0.008734982460737228,0.05609515309333801,0.9351698160171509
0.0,0.787,0.213,0.8555,0.007116346620023251,0.024762412533164024,0.9681212306022644
0.054,0.807,0.139,0.5413,0.0039832270704209805,0.015960078686475754,0.9800567030906677
0.0,0.565,0.435,0.8585,0.0035591116175055504,0.008516923524439335,0.9879240393638611
0.0,0.816,0.184,0.743,0.005379532929509878,0.019133249297738075,0.975487232208252
0.177,0.516,0.306,0.5428,0.003181895473971963,0.008442644961178303,0.9883754253387451
0.0,0.829,0.171,0.5499,0.0059079984202980995,0.026848146691918373,0.9672438502311707
0.0,0.503,0.497,0.872,0.005310145206749439,0.02180390991270542,0.9728859663009644
0.129,0.769,0.102,-0.0,0.9084961414337158,0.07987351715564728,0.011630352586507797
0.028,0.857,0.115,0.8316,0.061409153044223785,0.36272984743118286,0.5758610367774963
0.0,0.731,0.269,0.9708,0.004591168370097876,0.053694043308496475,0.9417148232460022
0.0,0.931,0.069,0.5859,0.009126962162554264,0.05642767623066902,0.9344453811645508
0.047,0.889,0.065,0.1583,0.029656561091542244,0.10822375863790512,0.8621196746826172
0.038,0.916,0.045,0.1406,0.042631037533283234,0.2100043147802353,0.7473646998405457
0.034,0.812,0.154,0.9217,0.004384730011224747,0.023116257041692734,0.9724990129470825
0.0,1.0,0.0,0.0,0.8863918781280518,0.10328248888254166,0.010325571522116661
0.007,0.87,0.124,0.9708,0.045797839760780334,0.31151121854782104,0.6426909565925598
0.032,0.688,0.28,0.956,0.004490358754992485,0.01457823533564806,0.9809314608573914
0.0,1.0,0.0,0.0,0.013612148351967335,0.2680473327636719,0.7183405160903931
0.25,0.592,0.159,-0.5229,0.9295142889022827,0.057237930595874786,0.01324786338955164
0.052,0.853,0.095,0.4307,0.9157153367996216,0.0762476921081543,0.008037003688514233
0.012,0.941,0.047,0.4588,0.02656918205320835,0.4492727220058441,0.5241581201553345
0.062,0.787,0.152,0.4939,0.020033622160553932,0.09489632397890091,0.8850700259208679
0.0,0.748,0.252,0.7496,0.003967654891312122,0.012948818504810333,0.9830834865570068
0.034,0.891,0.075,0.5635,0.06458909809589386,0.34821972250938416,0.5871912240982056
0.059,0.836,0.106,0.5023,0.44355687499046326,0.4259951114654541,0.13044792413711548
0.0,0.767,0.233,0.7843,0.5569931268692017,0.34177136421203613,0.10123543441295624
0.068,0.765,0.167,0.8038,0.20915132761001587,0.6482769846916199,0.14257170259952545
0.0,0.789,0.211,0.4939,0.004094204865396023,0.03963064029812813,0.9562751054763794
0.0,0.691,0.309,0.8004,0.0028303826693445444,0.009050386026501656,0.9881193041801453
0.047,0.851,0.103,0.5815,0.007557182107120752,0.08157262206077576,0.9108701944351196
0.0,0.694,0.306,0.9744,0.004614971112459898,0.014384623616933823,0.9810004234313965
0.0,0.771,0.229,0.7906,0.003277701325714588,0.02245858497917652,0.9742636680603027
0.0,0.768,0.232,0.7875,0.004437430761754513,0.015078683383762836,0.9804838299751282
0.0,0.862,0.138,0.8042,0.013264994136989117,0.13039566576480865,0.8563393950462341
0.0,0.926,0.074,0.4019,0.006532944273203611,0.04284625127911568,0.9506208300590515
0.0,0.632,0.368,0.7906,0.004522564820945263,0.012971410527825356,0.9825060367584229
0.042,0.835,0.123,0.7245,0.010620241984724998,0.14478205144405365,0.8445977568626404
0.0,0.592,0.408,0.9199,0.0032374279107898474,0.009272785857319832,0.9874897599220276
0.0,0.817,0.183,0.7579,0.016458459198474884,0.05399046465754509,0.9295510649681091
0.172,0.583,0.245,0.5423,0.07576102763414383,0.11431429535150528,0.8099247217178345
0.0,0.715,0.285,0.7501,0.004493460990488529,0.01713995449244976,0.9783665537834167
0.1,0.836,0.064,-0.5979,0.01803513616323471,0.1048024371266365,0.8771624565124512
0.035,0.86,0.105,0.7611,0.8436965346336365,0.1374790072441101,0.01882447861135006
0.013,0.765,0.222,0.9889,0.012009618803858757,0.04014994949102402,0.9478404521942139
0.039,0.961,0.0,-0.2732,0.4810439944267273,0.4711509346961975,0.04780496284365654
0.166,0.834,0.0,-0.5233,0.9411662220954895,0.050369009375572205,0.008464725688099861
0.017,0.909,0.074,0.7501,0.008739681914448738,0.20630475878715515,0.7849555611610413
0.061,0.85,0.089,-0.2225,0.8579892516136169,0.11844872683286667,0.023561974987387657
0.0,0.911,0.089,0.2382,0.035822004079818726,0.1784093827009201,0.7857686281204224
0.253,0.747,0.0,-0.8689,0.9565531015396118,0.0382579043507576,0.005188996437937021
0.047,0.711,0.242,0.891,0.025773927569389343,0.07358889281749725,0.9006372094154358
0.049,0.951,0.0,-0.1025,0.917005717754364,0.07413186132907867,0.008862392976880074
0.0,0.815,0.185,0.7283,0.5780147314071655,0.28120192885398865,0.14078328013420105
0.016,0.773,0.211,0.958,0.7747974991798401,0.20808224380016327,0.017120225355029106
0.018,0.844,0.138,0.8858,0.005838300567120314,0.09526205062866211,0.8988996744155884
0.047,0.896,0.057,0.09,0.7200970649719238,0.26044100522994995,0.01946190558373928
0.216,0.784,0.0,-0.5553,0.004064722452312708,0.01363162137567997,0.9823036789894104
0.032,0.83,0.138,0.9619,0.024340029805898666,0.08246131241321564,0.8931986093521118
0.021,0.749,0.23,0.964,0.05253516510128975,0.19653241336345673,0.7509324550628662
0.043,0.809,0.149,0.9201,0.6624481678009033,0.293142706155777,0.044409140944480896
0.049,0.667,0.284,0.8625,0.017213433980941772,0.15126758813858032,0.8315190076828003
0.038,0.756,0.206,0.9544,0.8975870609283447,0.08546160906553268,0.016951365396380424
0.08,0.758,0.161,0.6954,0.8918798565864563,0.09317202121019363,0.014948089607059956
0.0,0.818,0.182,0.9923,0.0029039536602795124,0.10506358742713928,0.8920324444770813
0.02,0.835,0.145,0.9001,0.08815087378025055,0.35907039046287537,0.5527787804603577
0.0,0.77,0.23,0.9176,0.0057969847694039345,0.00960234273225069,0.9846007227897644
0.0,0.708,0.292,0.9213,0.014804266393184662,0.033846527338027954,0.9513491988182068
0.052,0.778,0.17,0.7811,0.944046676158905,0.049447525292634964,0.006505741737782955
0.0,0.787,0.213,0.9562,0.019374558702111244,0.050949856638908386,0.9296755790710449
0.051,0.909,0.04,0.1601,0.8631970286369324,0.12079540640115738,0.01600763201713562
0.105,0.726,0.169,0.3018,0.8824159502983093,0.1031993180513382,0.014384699054062366
0.0,1.0,0.0,0.0,0.3236291706562042,0.3998495638370514,0.2765212655067444
0.0,0.793,0.207,0.9153,0.006955367978662252,0.02311589941382408,0.9699287414550781
0.107,0.751,0.142,0.7083,0.02887020818889141,0.08902222663164139,0.8821075558662415
0.0,0.851,0.149,0.6976,0.0068793040700256824,0.04535474255681038,0.9477659463882446
0.115,0.767,0.117,0.2918,0.9192019701004028,0.07258337736129761,0.008214585483074188
0.087,0.893,0.02,-0.7579,0.8811619281768799,0.11059276759624481,0.008245336823165417
0.045,0.884,0.071,0.3662,0.6767623424530029,0.27335232496261597,0.0498853400349617
0.068,0.742,0.191,0.8384,0.009993288666009903,0.020574063062667847,0.9694325923919678
0.046,0.796,0.158,0.8777,0.13551771640777588,0.2757444381713867,0.5887378454208374
0.081,0.733,0.186,0.9621,0.41534432768821716,0.26997366547584534,0.3146819770336151
0.014,0.88,0.106,0.8902,0.38731256127357483,0.42012378573417664,0.19256366789340973
0.165,0.761,0.074,-0.5042,0.7825668454170227,0.16761937737464905,0.04981372877955437
0.0,0.843,0.157,0.9349,0.013205928727984428,0.17926925420761108,0.8075248003005981
0.168,0.633,0.199,0.4514,0.9008430242538452,0.08148911595344543,0.017667876556515694
0.0,0.665,0.335,0.7931,0.00852141622453928,0.0483417734503746,0.9431368112564087
0.0,0.601,0.399,0.9358,0.002816262887790799,0.010157927870750427,0.987025797367096
0.13,0.561,0.309,0.9033,0.043764591217041016,0.08429687470197678,0.8719384670257568
0.081,0.744,0.175,0.9791,0.2733893096446991,0.5025484561920166,0.22406218945980072
0.095,0.652,0.253,0.9562,0.29634344577789307,0.27138522267341614,0.432271271944046
0.0,0.717,0.283,0.8074,0.005845859181135893,0.05932796001434326,0.934826135635376
0.0,0.881,0.119,0.884,0.4652305841445923,0.4376339614391327,0.0971355140209198
0.053,0.905,0.042,0.0717,0.8020533919334412,0.18443630635738373,0.013510283082723618
0.0,0.882,0.118,0.6467,0.006600447930395603,0.06200914829969406,0.9313904643058777
0.0,0.622,0.378,0.9245,0.004326801747083664,0.018381904810667038,0.9772912859916687
0.0,0.73,0.27,0.9424,0.0036835724022239447,0.014660675078630447,0.9816557765007019
0.0,0.766,0.234,0.9042,0.009770823642611504,0.03155900910496712,0.9586701393127441
0.0,1.0,0.0,0.0,0.7236052751541138,0.2545144259929657,0.021880298852920532
0.071,0.805,0.124,0.9259,0.05202272906899452,0.637101948261261,0.3108753263950348
0.058,0.843,0.099,0.6165,0.5847992897033691,0.23892199993133545,0.1762787401676178
0.0,0.856,0.144,0.9444,0.003165940521284938,0.02266831509768963,0.974165678024292
0.039,0.759,0.203,0.9447,0.0024706197436898947,0.021131910383701324,0.9763975143432617
0.01,0.845,0.145,0.9583,0.011526851914823055,0.05561947450041771,0.932853639125824
0.0,0.583,0.417,0.9114,0.01177958957850933,0.08041404187679291,0.9078063368797302
0.0,0.712,0.288,0.8519,0.008904380723834038,0.030016189441084862,0.9610794186592102
0.05,0.737,0.213,0.935,0.005149580538272858,0.02444266341626644,0.9704077243804932
0.036,0.723,0.241,0.8313,0.03665601462125778,0.11974779516458511,0.8435962200164795
0.018,0.787,0.195,0.9875,0.0042314594611525536,0.033090412616729736,0.9626781344413757
0.048,0.753,0.199,0.7821,0.0028591472655534744,0.012613104656338692,0.9845277667045593
0.0,0.864,0.136,0.5017,0.2822631597518921,0.31748560070991516,0.40025126934051514
0.0,0.698,0.302,0.913,0.0038882947992533445,0.02217038720846176,0.9739412665367126
0.144,0.591,0.264,0.8522,0.874620258808136,0.11526912450790405,0.01011060830205679
0.0,0.785,0.215,0.9339,0.0021538459695875645,0.010626117698848248,0.987220048904419
0.05,0.908,0.042,-0.1531,0.10490461438894272,0.32030269503593445,0.5747926831245422
0.105,0.817,0.078,-0.25,0.05957955867052078,0.24522331357002258,0.6951971054077148
0.0,0.849,0.151,0.5346,0.0059172119945287704,0.029553499072790146,0.9645293354988098
0.087,0.709,0.205,0.4576,0.005821556784212589,0.02351495251059532,0.9706634879112244
0.035,0.675,0.29,0.9295,0.005084469448775053,0.011272527277469635,0.9836429953575134
0.0,0.771,0.229,0.8074,0.0034446485806256533,0.009385782293975353,0.987169623374939
0.037,0.634,0.33,0.9657,0.004919866565614939,0.018371623009443283,0.9767085909843445
0.0,0.923,0.077,0.2732,0.0016261900309473276,0.028657468035817146,0.9697163701057434
0.144,0.73,0.125,-0.3692,0.8544552326202393,0.1292014718055725,0.01634339801967144
0.0,0.743,0.257,0.8062,0.0024594133719801903,0.01756937801837921,0.979971170425415
0.015,0.717,0.268,0.9875,0.010458797216415405,0.045383572578430176,0.944157600402832
0.0,0.879,0.121,0.8338,0.0049971723929047585,0.031120019033551216,0.9638827443122864
0.0,0.919,0.081,0.2382,0.03569519519805908,0.1484052985906601,0.8158994913101196
0.029,0.883,0.087,0.8047,0.015290634706616402,0.09556945413351059,0.8891398906707764
0.092,0.642,0.266,0.9461,0.056243978440761566,0.08611409366130829,0.8576419353485107
0.0,0.687,0.313,0.8442,0.00335258012637496,0.011296541430056095,0.9853508472442627
0.082,0.705,0.213,0.8048,0.5252038240432739,0.3743857443332672,0.10041046887636185
0.054,0.62,0.326,0.9795,0.004034736659377813,0.01625693589448929,0.9797083735466003
0.0,0.857,0.143,0.8968,0.02073640190064907,0.35734647512435913,0.6219170689582825
0.0,0.726,0.274,0.8802,0.0042069340124726295,0.018268778920173645,0.9775242805480957
0.0,0.726,0.274,0.8271,0.0026053879410028458,0.021728817373514175,0.975665807723999
0.0,0.727,0.273,0.9434,0.005266095511615276,0.026162613183259964,0.9685713052749634
0.0,0.745,0.255,0.8481,0.0030282572843134403,0.033779121935367584,0.9631925821304321
0.031,0.969,0.0,-0.1531,0.12650156021118164,0.75150066614151,0.12199775129556656
0.0,0.503,0.497,0.9571,0.003200776409357786,0.008351655676960945,0.9884476065635681
0.0,0.751,0.249,0.9169,0.009374023415148258,0.032323796302080154,0.9583021402359009
0.014,0.721,0.265,0.9815,0.0033768443390727043,0.029566142708063126,0.9670569896697998
0.027,0.927,0.046,0.2617,0.6343299746513367,0.35097599029541016,0.014694057404994965
0.244,0.715,0.041,-0.8983,0.9233842492103577,0.061542317271232605,0.01507343165576458
0.0,0.884,0.116,0.5673,0.0037386580370366573,0.013057159259915352,0.9832042455673218
0.123,0.775,0.102,-0.3847,0.8646082878112793,0.12456826865673065,0.010823369957506657
0.05,0.795,0.154,0.9098,0.45215147733688354,0.3589482307434082,0.18890026211738586
0.0,0.943,0.057,0.2617,0.547740638256073,0.4321382939815521,0.020121095702052116
0.079,0.894,0.027,-0.8805,0.17902560532093048,0.7181850075721741,0.10278932005167007
0.0,0.69,0.31,0.978,0.6225089430809021,0.3059103488922119,0.0715806782245636
0.0,0.786,0.214,0.8908,0.006623020861297846,0.032142333686351776,0.9612346291542053
0.0,0.684,0.316,0.9409,0.00649580592289567,0.025091664865612984,0.9684125185012817
0.026,0.839,0.136,0.9243,0.41889888048171997,0.5162110924720764,0.06489000469446182
0.0,0.777,0.223,0.8843,0.020689042285084724,0.06384516507387161,0.915465772151947
0.084,0.795,0.121,0.5526,0.3644171953201294,0.5894106030464172,0.04617210850119591
0.039,0.773,0.189,0.8658,0.010156226344406605,0.18479600548744202,0.8050477504730225
0.073,0.748,0.179,0.6846,0.3881654143333435,0.23081956803798676,0.38101503252983093
0.063,0.886,0.051,0.4291,0.22923167049884796,0.5023012757301331,0.2684670686721802
0.0,0.885,0.115,0.9136,0.005629530642181635,0.07677994668483734,0.9175904989242554
0.0,0.581,0.419,0.9285,0.0032310239039361477,0.008495158515870571,0.9882738590240479
0.0,0.791,0.209,0.6696,0.0028168996796011925,0.007204234134405851,0.9899789094924927
0.056,0.885,0.06,0.0534,0.1453484743833542,0.30157503485679626,0.553076446056366
0.0,0.892,0.108,0.6249,0.009702237322926521,0.08097271621227264,0.9093250036239624
0.038,0.864,0.097,0.7865,0.08070032298564911,0.43300312757492065,0.48629650473594666
0.031,0.57,0.399,0.9719,0.0033638011664152145,0.026090014725923538,0.9705461263656616
0.0,0.525,0.475,0.926,0.0030604316852986813,0.009535185061395168,0.9874043464660645
0.05,0.774,0.176,0.8253,0.17168155312538147,0.43500614166259766,0.39331233501434326
0.0,0.906,0.094,0.6369,0.16292883455753326,0.6847118735313416,0.15235930681228638
0.048,0.645,0.306,0.945,0.08370455354452133,0.1476401388645172,0.7686553001403809
0.0,0.83,0.17,0.6249,0.006460288539528847,0.030540725216269493,0.9629989862442017
0.056,0.712,0.232,0.802,0.37285035848617554,0.3862675130367279,0.24088215827941895
0.023,0.744,0.233,0.982,0.04436143860220909,0.12303140759468079,0.8326071500778198
0.032,0.839,0.129,0.8137,0.004972296766936779,0.06038956344127655,0.9346381425857544
0.024,0.933,0.043,0.0957,0.009900526143610477,0.059385981410741806,0.9307134747505188
0.03,0.748,0.222,0.924,0.0039178598672151566,0.01286096777766943,0.983221173286438
0.0,0.679,0.321,0.9153,0.005492617376148701,0.026813657954335213,0.9676937460899353
0.0,0.876,0.124,0.9876,0.006297762971371412,0.09670563787221909,0.8969965577125549
0.0,0.626,0.374,0.9296,0.002962408121675253,0.010020981542766094,0.9870166182518005
0.0,0.887,0.113,0.6369,0.6226209998130798,0.2829671800136566,0.09441185742616653
0.0,0.932,0.068,0.3612,0.005948937032371759,0.03471791371703148,0.9593331813812256
0.047,0.843,0.111,0.6428,0.5659711956977844,0.37778425216674805,0.05624452233314514
0.0,0.573,0.427,0.8658,0.002912501571699977,0.01401158981025219,0.9830758571624756
0.0,0.385,0.615,0.9672,0.005842842627316713,0.014434369280934334,0.979722797870636
0.067,0.837,0.096,0.7274,0.512274444103241,0.39491310715675354,0.0928124412894249
0.107,0.752,0.141,0.4767,0.6097869277000427,0.3045247793197632,0.0856882631778717
0.16,0.535,0.305,0.7579,0.9221009016036987,0.06824955344200134,0.00964953564107418
0.0,0.579,0.421,0.9127,0.011055649258196354,0.042413461953401566,0.9465308785438538
0.095,0.905,0.0,-0.4973,0.12515227496623993,0.4378509521484375,0.4369967579841614
0.108,0.53,0.362,0.9097,0.0173766128718853,0.033829592168331146,0.9487938284873962
0.0,0.805,0.195,0.7003,0.004184506367892027,0.059850215911865234,0.9359652400016785
0.0,0.695,0.305,0.9078,0.0032154254149645567,0.014867621473968029,0.9819169640541077
0.162,0.718,0.12,-0.5376,0.6776683330535889,0.25719282031059265,0.06513887643814087
0.02,0.757,0.224,0.963,0.008940231055021286,0.06270384043455124,0.9283559918403625
0.054,0.703,0.242,0.8542,0.006573462393134832,0.041089147329330444,0.9523374438285828
0.0,0.8,0.2,0.9669,0.011170457117259502,0.05855617672204971,0.9302733540534973
0.0,0.827,0.173,0.7845,0.004991092719137669,0.03488088771700859,0.9601280689239502
0.0,0.649,0.351,0.7146,0.004729463718831539,0.11633622646331787,0.8789343237876892
0.091,0.909,0.0,-0.296,0.9363159537315369,0.057242751121520996,0.006441335193812847
0.0,0.594,0.406,0.8356,0.0052705323323607445,0.022644517943263054,0.9720849394798279
0.0,0.726,0.274,0.8271,0.004709368105977774,0.029648344963788986,0.9656422734260559
0.0,0.707,0.293,0.9117,0.002733241766691208,0.02419215813279152,0.9730746746063232
0.061,0.775,0.164,0.7856,0.015660561621189117,0.05494127795100212,0.9293981194496155
0.042,0.761,0.197,0.9573,0.04642457515001297,0.13906826078891754,0.8145071864128113
0.066,0.838,0.095,0.7274,0.4681883752346039,0.4199449121952057,0.11186667531728745
0.039,0.654,0.307,0.9618,0.02391151338815689,0.0656798705458641,0.910408616065979
0.023,0.859,0.118,0.8803,0.002966472879052162,0.03204013779759407,0.9649933576583862
0.127,0.738,0.135,0.2845,0.7527377009391785,0.20378446578979492,0.043477825820446014
0.076,0.762,0.162,0.9075,0.005212891846895218,0.03358163312077522,0.9612054228782654
0.145,0.517,0.338,0.6908,0.13827559351921082,0.23245778679847717,0.6292665600776672
0.036,0.792,0.172,0.8355,0.7025593519210815,0.23770421743392944,0.05973639711737633
0.0,0.747,0.253,0.9509,0.03339077904820442,0.24013778567314148,0.7264714241027832
0.048,0.914,0.038,-0.1007,0.8361830711364746,0.14709998667240143,0.016716955229640007
0.025,0.906,0.068,0.5129,0.05351898446679115,0.4076092839241028,0.5388717651367188
0.0,0.888,0.112,0.6478,0.0021952991373836994,0.019309066236019135,0.9784956574440002
0.025,0.948,0.027,0.0258,0.26291564106941223,0.6624884605407715,0.0745958536863327
0.0,0.786,0.214,0.7184,0.005189893301576376,0.5651013255119324,0.4297087490558624
0.045,0.841,0.114,0.8625,0.006807723082602024,0.03775369003415108,0.9554385542869568
0.049,0.794,0.158,0.8748,0.08969966322183609,0.3203449547290802,0.5899554491043091
0.01,0.821,0.17,0.9833,0.2908261716365814,0.49254876375198364,0.21662510931491852
0.0,0.83,0.17,0.7901,0.02146962843835354,0.11729302257299423,0.8612372875213623
0.126,0.699,0.175,0.8641,0.6385258436203003,0.2641352713108063,0.09733884781599045
0.0,0.829,0.171,0.5719,0.0038584345020353794,0.01837548241019249,0.9777660369873047
0.092,0.692,0.217,0.9366,0.731454610824585,0.21451501548290253,0.0540303997695446
0.13,0.847,0.023,-0.8286,0.9201338291168213,0.0716169998049736,0.008249103091657162
0.079,0.845,0.076,0.2277,0.6372954845428467,0.3263947665691376,0.03630974888801575
0.039,0.873,0.088,0.3095,0.21735620498657227,0.5170019268989563,0.26564180850982666
0.019,0.682,0.299,0.9837,0.0029024251271039248,0.018771078437566757,0.9783265590667725
0.0,0.662,0.338,0.8934,0.029603878036141396,0.15902188420295715,0.8113741874694824
0.097,0.619,0.285,0.7946,0.005711455829441547,0.01734117977321148,0.9769473075866699
0.031,0.723,0.246,0.9733,0.007753533776849508,0.0478469654917717,0.9443995356559753
0.042,0.831,0.127,0.9489,0.02925088070333004,0.30264413356781006,0.6681050658226013
0.0,0.689,0.311,0.7774,0.004051608499139547,0.014054064638912678,0.981894314289093
0.125,0.875,0.0,-0.6941,0.4084119200706482,0.5261024236679077,0.06548570841550827
0.0,0.819,0.181,0.9062,0.003706728108227253,0.020956095308065414,0.9753372073173523
0.0,0.882,0.118,0.886,0.005750210955739021,0.060440242290496826,0.9338095188140869
0.0,0.726,0.274,0.7784,0.003693139413371682,0.01212304923683405,0.9841837882995605
0.088,0.765,0.147,0.6124,0.009430663660168648,0.19067418575286865,0.7998951077461243
0.0,0.713,0.287,0.9167,0.0035921914968639612,0.008946367539465427,0.9874613881111145
0.084,0.75,0.166,0.9648,0.014218643307685852,0.047334637492895126,0.9384467005729675
0.133,0.766,0.101,-0.5565,0.7934278249740601,0.15938137471675873,0.04719080403447151
0.0,0.631,0.369,0.9846,0.0027421845588833094,0.011841929517686367,0.9854158759117126
0.041,0.86,0.099,0.7251,0.5041728019714355,0.3742530047893524,0.12157419323921204
0.0,0.862,0.138,0.8585,0.005386108532547951,0.0397975854575634,0.9548162817955017
0.091,0.794,0.115,0.2006,0.842025876045227,0.14283792674541473,0.015136213041841984
0.0,0.902,0.098,0.6022,0.011505702510476112,0.03282516077160835,0.9556691646575928
0.0,0.712,0.288,0.8979,0.0031971202697604895,0.05196065455675125,0.9448422193527222
0.0,0.84,0.16,0.6573,0.003263262566179037,0.02031962387263775,0.976417064666748
0.0,0.808,0.192,0.9318,0.01666606031358242,0.05691736191511154,0.9264166355133057
0.0,0.932,0.068,0.4939,0.1191331297159195,0.26338815689086914,0.6174786686897278
0.0,0.738,0.262,0.9489,0.0023319264873862267,0.018343983218073845,0.9793241024017334
0.052,0.86,0.088,0.3041,0.28169894218444824,0.4637281596660614,0.25457286834716797
0.088,0.753,0.159,0.7182,0.5121520161628723,0.3244530260562897,0.16339491307735443
0.161,0.839,0.0,-0.5574,0.9182762503623962,0.07521867752075195,0.006505094934254885
0.0,0.682,0.318,0.959,0.0035864664241671562,0.02543650195002556,0.9709769487380981
0.0,0.849,0.151,0.5065,0.007631167769432068,0.060329824686050415,0.9320389628410339
0.0,0.717,0.283,0.9484,0.003844440681859851,0.030876407399773598,0.9652791619300842
0.118,0.747,0.135,0.5007,0.07779323309659958,0.3480679392814636,0.5741388201713562
0.04,0.835,0.124,0.9003,0.0696151852607727,0.42804253101348877,0.5023422837257385
0.0,0.894,0.106,0.7959,0.002793909516185522,0.019593756645917892,0.977612316608429
0.0,0.854,0.146,0.7184,0.7272483110427856,0.19541695713996887,0.07733475416898727
0.009,0.664,0.327,0.9933,0.003298248164355755,0.014266584999859333,0.9824351668357849
0.0,0.819,0.181,0.8689,0.0035220463760197163,0.030938612297177315,0.9655393958091736
0.0,0.691,0.309,0.8172,0.0024427524767816067,0.015491899102926254,0.9820653796195984
0.0,0.766,0.234,0.9212,0.004932968411594629,0.0186446700245142,0.9764224290847778
0.0,0.51,0.49,0.9096,0.0029285855125635862,0.006516001187264919,0.990555465221405
0.013,0.789,0.198,0.9949,0.0074525512754917145,0.18592719733715057,0.8066202402114868
0.025,0.843,0.131,0.7215,0.017993001267313957,0.07122021913528442,0.9107868075370789
0.0,0.757,0.243,0.8102,0.004719480872154236,0.0327129065990448,0.9625675678253174
0.0,0.72,0.28,0.9371,0.0021681662183254957,0.016071263700723648,0.981760561466217
0.0,0.854,0.146,0.8126,0.003175984136760235,0.04254688322544098,0.9542772173881531
0.0,0.726,0.274,0.8009,0.019564637914299965,0.21739622950553894,0.7630391120910645
0.104,0.767,0.129,0.6764,0.05156875029206276,0.5595691204071045,0.38886210322380066
0.0,0.849,0.151,0.6705,0.015801992267370224,0.09219171851873398,0.8920062780380249
0.231,0.769,0.0,-0.961,0.9100078344345093,0.07959600538015366,0.010396044701337814
0.035,0.81,0.155,0.8655,0.0053853061981499195,0.08486475795507431,0.9097499847412109
0.03,0.88,0.091,0.7724,0.474529504776001,0.40738537907600403,0.1180850937962532
0.0,0.939,0.061,0.2724,0.016352014616131783,0.059176571667194366,0.924471378326416
0.0,0.765,0.235,0.8062,0.004102478735148907,0.02203778363764286,0.9738597869873047
0.052,0.482,0.466,0.954,0.004484882578253746,0.015570215880870819,0.9799449443817139
0.0,0.691,0.309,0.8588,0.007302746642380953,0.014483998529613018,0.9782132506370544
0.0,0.557,0.443,0.9361,0.0024747971910983324,0.006753838621079922,0.9907714128494263
0.0,0.817,0.183,0.7402,0.0023882619570940733,0.020498832687735558,0.977112889289856
0.126,0.692,0.181,0.4948,0.08750209957361221,0.2150508165359497,0.6974470615386963
0.076,0.8,0.124,0.2714,0.009446359239518642,0.09672873467206955,0.8938249349594116
0.039,0.814,0.147,0.9529,0.011187626980245113,0.042621925473213196,0.9461904168128967
0.0,0.925,0.075,0.4102,0.011018206365406513,0.05375250428915024,0.9352292418479919
0.042,0.625,0.333,0.8689,0.2038450390100479,0.537821352481842,0.25833356380462646
0.078,0.859,0.063,-0.2479,0.14555345475673676,0.25533056259155273,0.5991159081459045
0.045,0.838,0.117,0.9213,0.012347624637186527,0.18324828147888184,0.804404079914093
0.047,0.871,0.082,0.9062,0.007134079933166504,0.06033482030034065,0.9325311183929443
0.041,0.815,0.144,0.6808,0.02939608506858349,0.2531721293926239,0.7174317836761475
0.049,0.756,0.195,0.9354,0.40435078740119934,0.3439096510410309,0.25173962116241455
0.099,0.775,0.126,0.77,0.018195070326328278,0.1391906440258026,0.8426142930984497
0.047,0.807,0.146,0.6588,0.0037633120082318783,0.03205393999814987,0.9641827940940857
0.0,0.745,0.255,0.836,0.667364776134491,0.2870326340198517,0.045602571219205856
0.0,0.767,0.233,0.836,0.006803444121032953,0.018654683604836464,0.9745419025421143
0.074,0.634,0.292,0.7351,0.0044997213408350945,0.0762290209531784,0.9192712903022766
0.015,0.838,0.147,0.9153,0.00362842227332294,0.032933011651039124,0.9634386301040649
0.012,0.735,0.253,0.9962,0.008274075575172901,0.041771192103624344,0.9499548077583313
0.065,0.858,0.077,0.1222,0.2371908277273178,0.4774516522884369,0.2853575050830841
0.0,0.718,0.282,0.9493,0.008031760342419147,0.056112080812454224,0.9358561038970947
0.0,0.926,0.074,0.5777,0.3004123866558075,0.5807123184204102,0.11887525767087936
0.0,0.745,0.255,0.8721,0.019838420674204826,0.12163445353507996,0.8585270643234253
0.0,0.885,0.115,0.7463,0.004426954314112663,0.02302265353500843,0.9725503921508789
0.0,0.843,0.157,0.7796,0.08560768514871597,0.35598012804985046,0.5584121942520142
0.067,0.609,0.324,0.8517,0.005751057527959347,0.01794954389333725,0.9762994647026062
0.037,0.786,0.176,0.9899,0.013021542690694332,0.0605025477707386,0.9264759421348572
0.041,0.7,0.259,0.9938,0.006713176611810923,0.054512809962034225,0.938774049282074
0.011,0.812,0.177,0.9526,0.012007190845906734,0.07397357374429703,0.9140192270278931
0.15,0.772,0.078,-0.8655,0.7886207103729248,0.1494736671447754,0.061905600130558014
0.076,0.794,0.13,0.9612,0.6239351630210876,0.30018049478530884,0.07588435709476471
0.021,0.86,0.118,0.962,0.08790310472249985,0.5567771792411804,0.3553197383880615
0.07,0.868,0.062,0.3903,0.8503215909004211,0.13202984631061554,0.01764856092631817
0.075,0.877,0.049,-0.3933,0.9288654327392578,0.06391185522079468,0.007222665008157492
0.073,0.579,0.347,0.8748,0.00264310953207314,0.013305049389600754,0.9840518236160278
0.0,0.548,0.452,0.9538,0.0041904873214662075,0.010986607521772385,0.9848228693008423
0.0,0.756,0.244,0.9167,0.00339342188090086,0.014156211167573929,0.9824503660202026
0.18,0.782,0.038,-0.9803,0.40757209062576294,0.3382487893104553,0.25417912006378174
0.0,0.784,0.216,0.9647,0.0041252365335822105,0.015167787671089172,0.980707049369812
0.0,0.79,0.21,0.7269,0.0031805080361664295,0.00897352583706379,0.9878459572792053
0.037,0.739,0.224,0.966,0.512885570526123,0.31665462255477905,0.1704597771167755
0.0,0.903,0.097,0.4404,0.004114058800041676,0.029662735760211945,0.9662232398986816
0.0,0.849,0.151,0.9118,0.08740381896495819,0.34998655319213867,0.5626096725463867
0.0,0.701,0.299,0.893,0.0060229431837797165,0.022713176906108856,0.9712638854980469
0.028,0.811,0.161,0.964,0.003755099605768919,0.0888654962182045,0.9073793888092041
0.025,0.86,0.115,0.9037,0.0037316088564693928,0.04236197471618652,0.9539064168930054
0.014,0.786,0.2,0.9507,0.0023466346319764853,0.017119191586971283,0.9805341362953186
0.0,0.717,0.283,0.7964,0.003079053945839405,0.01115647703409195,0.9857644438743591
0.0,0.826,0.174,0.6197,0.01024110522121191,0.0871296301484108,0.9026293158531189
0.0,0.847,0.153,0.9854,0.01330602541565895,0.0726092979311943,0.9140846729278564
0.054,0.715,0.231,0.8475,0.007484870031476021,0.014884122647345066,0.9776310324668884
0.0,0.757,0.243,0.9517,0.004788053687661886,0.025195898488163948,0.9700161218643188
0.231,0.721,0.048,-0.8346,0.950377881526947,0.04247570410370827,0.007146432530134916
0.093,0.709,0.198,0.5505,0.009183978661894798,0.027188777923583984,0.9636272192001343
0.065,0.761,0.174,0.9075,0.4561536908149719,0.2944427728652954,0.24940355122089386
0.0,0.767,0.233,0.9493,0.0030837184749543667,0.023095883429050446,0.9738204479217529
0.026,0.853,0.12,0.8626,0.004370721988379955,0.04595281183719635,0.9496764540672302
0.0,0.795,0.205,0.9127,0.035515718162059784,0.16572600603103638,0.7987582683563232
0.017,0.757,0.226,0.939,0.0063842362724244595,0.05339576303958893,0.9402199983596802
0.03,0.705,0.265,0.9965,0.007546276785433292,0.03583744168281555,0.956616222858429
0.06,0.695,0.245,0.8699,0.006730891764163971,0.09097030758857727,0.9022988080978394
0.069,0.758,0.173,0.981,0.03684066981077194,0.17032405734062195,0.7928352952003479
0.116,0.775,0.11,-0.0779,0.011605942621827126,0.06843813508749008,0.9199559092521667
0.037,0.739,0.224,0.9321,0.0057495939545333385,0.02385236695408821,0.9703980684280396
0.0,0.786,0.214,0.9041,0.004648542497307062,0.021089797839522362,0.9742616415023804
0.053,0.706,0.24,0.9746,0.14557316899299622,0.36285659670829773,0.49157020449638367
0.07,0.577,0.353,0.9407,0.07583402842283249,0.12783165276050568,0.7963343262672424
0.076,0.67,0.254,0.8926,0.05643995478749275,0.11547128856182098,0.8280887603759766
0.054,0.819,0.128,0.9187,0.013412369415163994,0.07220155745744705,0.9143860936164856
0.052,0.887,0.062,0.1027,0.006763012148439884,0.1474423110485077,0.8457946181297302
0.0,0.802,0.198,0.8454,0.08997264504432678,0.21141083538532257,0.6986165046691895
0.0,0.92,0.08,0.6808,0.3401809334754944,0.46908870339393616,0.19073033332824707
0.0,0.731,0.269,0.7906,0.0036549021024256945,0.016971299424767494,0.9793738126754761
0.0,0.691,0.309,0.9246,0.0024380225222557783,0.02389836311340332,0.9736636281013489
0.078,0.837,0.085,-0.1738,0.572307825088501,0.3741338551044464,0.05355831980705261
0.152,0.734,0.114,-0.3754,0.7446306943893433,0.20222502946853638,0.053144268691539764
0.0,0.871,0.129,0.6369,0.007489043287932873,0.11275124549865723,0.879759669303894
0.0,0.696,0.304,0.762,0.003177977167069912,0.014099144376814365,0.9827228784561157
0.0,0.699,0.301,0.8585,0.003503962652757764,0.011795608326792717,0.9847004413604736
0.065,0.881,0.054,-0.1007,0.004803897347301245,0.04649557173252106,0.948700487613678
0.0,0.639,0.361,0.9062,0.006998968776315451,0.018746014684438705,0.9742549657821655
0.0,0.502,0.498,0.8979,0.0031460279133170843,0.010407707653939724,0.9864462614059448
0.0,0.744,0.256,0.8655,0.002805085852742195,0.031033268198370934,0.9661616683006287
0.027,0.57,0.403,0.9916,0.01640092208981514,0.0430726557970047,0.9405264258384705
0.025,0.796,0.179,0.9483,0.006942769978195429,0.13121524453163147,0.8618419766426086
0.0,0.756,0.244,0.9582,0.00414093816652894,0.02770603820681572,0.9681529998779297
0.065,0.648,0.287,0.9646,0.019296705722808838,0.05476532503962517,0.9259379506111145
0.094,0.635,0.272,0.8925,0.028598612174391747,0.0648484081029892,0.9065529108047485
0.136,0.81,0.055,-0.7719,0.8652706146240234,0.12305377423763275,0.011675634421408176
0.034,0.815,0.151,0.6486,0.005004314240068197,0.01873593032360077,0.9762598276138306
0.0,0.857,0.143,0.8584,0.0034857471473515034,0.019577639177441597,0.9769366383552551
0.046,0.648,0.306,0.9477,0.006218347232788801,0.024965651333332062,0.9688160419464111
0.0,0.65,0.35,0.8832,0.0019106847466900945,0.013886814005672932,0.98420250415802
0.102,0.772,0.126,0.5989,0.08070419728755951,0.14640791714191437,0.7728878855705261
0.022,0.791,0.186,0.8723,0.10580721497535706,0.39508509635925293,0.4991076588630676
0.082,0.843,0.075,-0.1184,0.13941898941993713,0.32472023367881775,0.5358607769012451
0.086,0.784,0.13,0.2003,0.8798326849937439,0.11050054430961609,0.0096668042242527
0.0,0.781,0.219,0.9761,0.004680793732404709,0.08950839936733246,0.9058108329772949
0.053,0.66,0.287,0.8438,0.023832112550735474,0.062489379197359085,0.9136784672737122
0.015,0.838,0.147,0.9168,0.004249222110956907,0.04047788679599762,0.955272912979126
0.0,0.795,0.205,0.7717,0.0027247718535363674,0.03280741721391678,0.9644677639007568
0.0,0.813,0.187,0.9414,0.0101729491725564,0.06979842483997345,0.9200286865234375
0.043,0.719,0.238,0.9265,0.1539759337902069,0.118653804063797,0.7273702621459961
0.092,0.721,0.187,0.8624,0.005781566258519888,0.024088861420750618,0.9701296091079712
0.062,0.77,0.168,0.8299,0.021216213703155518,0.06010967493057251,0.918674111366272
0.094,0.841,0.066,-0.0964,0.008921204134821892,0.05370238423347473,0.9373764395713806
0.147,0.684,0.169,0.4588,0.00604243902489543,0.01406896859407425,0.9798886179924011
0.061,0.611,0.328,0.8463,0.0037308107130229473,0.027055736631155014,0.9692134261131287
0.05,0.788,0.162,0.9273,0.2771318256855011,0.3884935677051544,0.33437466621398926
0.109,0.891,0.0,-0.4168,0.27199679613113403,0.5024706721305847,0.22553256154060364
0.084,0.812,0.104,0.4462,0.022439200431108475,0.0716823861002922,0.9058784246444702
0.066,0.842,0.092,0.8316,0.5001408457756042,0.4222492277622223,0.07760996371507645
0.047,0.631,0.322,0.9885,0.05281135067343712,0.10524195432662964,0.8419467210769653
0.033,0.666,0.301,0.9507,0.006396904122084379,0.016471954062581062,0.9771311283111572
0.037,0.851,0.112,0.5574,0.6538344621658325,0.29494473338127136,0.05122077092528343
0.326,0.579,0.095,-0.8388,0.9556551575660706,0.03761348873376846,0.006731315981596708
0.16,0.84,0.0,-0.743,0.8272293210029602,0.15500935912132263,0.017761340364813805
0.19,0.709,0.1,-0.8928,0.9263402819633484,0.06334763765335083,0.01031200960278511
0.0,0.785,0.215,0.9504,0.005826661363244057,0.06796327233314514,0.9262101054191589
0.0,0.832,0.168,0.9655,0.005263670813292265,0.03720908239483833,0.957527220249176
0.056,0.789,0.154,0.8656,0.005632298532873392,0.024581799283623695,0.9697858691215515
0.033,0.846,0.121,0.8995,0.008052359335124493,0.043040163815021515,0.9489074945449829
0.0,0.859,0.141,0.9391,0.008551731705665588,0.0909171923995018,0.9005310535430908
0.0,0.833,0.167,0.6808,0.004966978449374437,0.03168409317731857,0.9633488655090332
0.0,0.883,0.117,0.8745,0.002813857514411211,0.013760698959231377,0.9834254384040833
0.038,0.739,0.224,0.9924,0.005454948637634516,0.024442458525300026,0.9701026082038879
0.009,0.927,0.064,0.8555,0.0036408742889761925,0.08686359226703644,0.90949547290802
0.046,0.864,0.091,0.4749,0.04254036396741867,0.07642175257205963,0.8810378313064575
0.0,0.5,0.5,0.8996,0.005268181674182415,0.008437274023890495,0.9862945675849915
0.0,0.959,0.041,0.296,0.5807715654373169,0.3650047779083252,0.05422365665435791
0.0,0.751,0.249,0.9616,0.004841775167733431,0.019825570285320282,0.9753326773643494
0.075,0.822,0.103,0.6822,0.07674647122621536,0.1469331681728363,0.7763203382492065
0.0,0.674,0.326,0.9842,0.0031807764898985624,0.01592906564474106,0.980890154838562
0.127,0.602,0.271,0.8225,0.01860024593770504,0.04147539287805557,0.9399243593215942
0.0,0.725,0.275,0.8172,0.0028513288125395775,0.012751755304634571,0.9843968749046326
0.046,0.793,0.161,0.5367,0.007119607646018267,0.02924560196697712,0.9636348485946655
0.068,0.658,0.274,0.9012,0.008905802853405476,0.028073789551854134,0.9630204439163208
0.0,0.734,0.266,0.9348,0.003627912374213338,0.01718680001795292,0.9791852831840515
0.0,0.855,0.145,0.9041,0.005585508421063423,0.03689390420913696,0.957520604133606
0.0,0.646,0.354,0.8519,0.0030566821806132793,0.014565465040504932,0.982377827167511
0.0,0.822,0.178,0.8748,0.004994129296392202,0.019913488999009132,0.9750924110412598
0.0,0.871,0.129,0.4588,0.7869278192520142,0.16995617747306824,0.0431160032749176
0.025,0.775,0.2,0.9338,0.005124661605805159,0.03155221417546272,0.9633231163024902
0.177,0.823,0.0,-0.7781,0.7972225546836853,0.1866331845521927,0.01614423468708992
0.237,0.763,0.0,-0.4767,0.9246110916137695,0.06817665696144104,0.007212307769805193
0.0,0.661,0.339,0.9371,0.003318148199468851,0.016198614612221718,0.9804832935333252
0.0,0.851,0.149,0.9446,0.2704296410083771,0.42104366421699524,0.3085266351699829
0.07,0.754,0.175,0.7964,0.08880781382322311,0.1208624541759491,0.7903297543525696
0.042,0.828,0.131,0.9671,0.023384718224406242,0.07489578425884247,0.9017195105552673
0.013,0.788,0.2,0.966,0.06757374852895737,0.5428084135055542,0.38961783051490784
0.0,0.746,0.254,0.8,0.0039274380542337894,0.010322919115424156,0.9857496023178101
0.037,0.73,0.233,0.9701,0.024695171043276787,0.11970952153205872,0.8555952906608582
0.0,0.85,0.15,0.9793,0.006764220539480448,0.042833540588617325,0.9504022002220154
0.0,0.872,0.128,0.6124,0.4854973554611206,0.4718506634235382,0.0426519550383091
0.0,0.791,0.209,0.9557,0.004234042018651962,0.0193244107067585,0.976441502571106
0.036,0.759,0.205,0.9515,0.011586268432438374,0.03461805358529091,0.9537956714630127
0.035,0.734,0.231,0.9647,0.00918401125818491,0.024470413103699684,0.9663455486297607
0.044,0.683,0.272,0.9237,0.006990040186792612,0.016752969473600388,0.9762569665908813
0.039,0.935,0.026,-0.2263,0.8644328117370605,0.12385471910238266,0.011712512001395226
0.0,0.764,0.236,0.8104,0.019427014514803886,0.0685589388012886,0.9120140671730042
0.092,0.708,0.2,0.9621,0.04727928712964058,0.14266864955425262,0.8100520968437195
0.063,0.81,0.127,0.9128,0.34469571709632874,0.3837423026561737,0.27156203985214233
0.0,0.896,0.104,0.4995,0.5762538313865662,0.3889959454536438,0.03475024551153183
0.103,0.781,0.116,-0.6859,0.7113810181617737,0.2560051381587982,0.032613836228847504
0.019,0.831,0.15,0.8381,0.021265273913741112,0.07197174429893494,0.9067630171775818
0.0,0.772,0.228,0.9517,0.005186265800148249,0.015725085511803627,0.9790886044502258
0.043,0.957,0.0,-0.25,0.7915668487548828,0.1929009109735489,0.015532298013567924
0.0,0.665,0.335,0.8777,0.002542658941820264,0.014725756831467152,0.9827316403388977
0.029,0.755,0.216,0.8807,0.0040563917718827724,0.027163097634911537,0.9687804579734802
0.065,0.855,0.08,0.1857,0.007567582651972771,0.022424284368753433,0.970008134841919
0.049,0.803,0.148,0.8289,0.18209142982959747,0.3983478248119354,0.4195607900619507
0.131,0.529,0.34,0.915,0.008839107118546963,0.038343168795108795,0.9528176784515381
0.0,0.754,0.246,0.9663,0.006939979735761881,0.022582190111279488,0.9704778790473938
0.095,0.729,0.175,0.684,0.011400033719837666,0.018325122073292732,0.970274806022644
0.027,0.846,0.128,0.9667,0.2960895895957947,0.5072061419487,0.19670428335666656
0.015,0.841,0.143,0.9931,0.05028921365737915,0.1731318235397339,0.7765790224075317
0.091,0.677,0.232,0.7865,0.004360767547041178,0.02102912962436676,0.9746101498603821
0.057,0.586,0.357,0.9809,0.008582523092627525,0.04669322073459625,0.9447242617607117
0.036,0.752,0.211,0.93,0.007622470613569021,0.028160763904452324,0.9642167687416077
0.117,0.666,0.217,0.8216,0.03856021165847778,0.1956966519355774,0.7657431364059448
0.071,0.833,0.096,0.0,0.7171502113342285,0.2457551807165146,0.037094615399837494
0.087,0.699,0.215,0.7764,0.008502228185534477,0.054869990795850754,0.9366278052330017
0.0,0.601,0.399,0.9487,0.002661974634975195,0.0074192131869494915,0.9899188280105591
0.062,0.72,0.218,0.9138,0.005308471620082855,0.03927036374807358,0.9554211497306824
0.0,0.894,0.106,0.7574,0.004600586369633675,0.02979874610900879,0.9656007289886475
0.0,0.725,0.275,0.9448,0.005201368127018213,0.011088533326983452,0.9837101697921753
0.048,0.745,0.207,0.9555,0.007923001423478127,0.07152509689331055,0.9205518364906311
0.025,0.725,0.25,0.972,0.0044747828505933285,0.011281285434961319,0.9842439889907837
0.069,0.875,0.055,-0.4165,0.7750836610794067,0.19565382599830627,0.029262525960803032
0.163,0.731,0.106,-0.8658,0.8297330141067505,0.13722312450408936,0.03304393216967583
0.0,0.806,0.194,0.7717,0.018765443935990334,0.15110577642917633,0.8301287293434143
0.097,0.8,0.103,0.3291,0.15797951817512512,0.2844569683074951,0.5575634837150574
0.023,0.827,0.15,0.9539,0.11936259269714355,0.5863096117973328,0.2943277955055237
0.0,0.861,0.139,0.9336,0.0186925008893013,0.3300231695175171,0.6512842774391174
0.0,0.901,0.099,0.6187,0.009508918039500713,0.09880925714969635,0.8916817903518677
0.0,0.641,0.359,0.9916,0.004445383790880442,0.012765325605869293,0.9827893376350403
0.0,0.61,0.39,0.9764,0.008823112584650517,0.034134626388549805,0.9570423364639282
0.0,0.862,0.138,0.5927,0.003889617044478655,0.04606639966368675,0.9500439763069153
0.0,0.705,0.295,0.9558,0.005427082069218159,0.010929726995527744,0.983643114566803
0.065,0.758,0.177,0.7243,0.015293075703084469,0.05295824259519577,0.9317486882209778
0.0,0.84,0.16,0.6369,0.003344904165714979,0.01485877763479948,0.9817963242530823
0.0,0.584,0.416,0.9201,0.003482857719063759,0.016983762383461,0.9795333743095398
0.155,0.808,0.038,-0.7251,0.6760208606719971,0.2907009720802307,0.03327816352248192
0.0,0.651,0.349,0.8805,0.00241557857953012,0.01065180916339159,0.9869325757026672
0.0,0.662,0.338,0.9359,0.003073197090998292,0.012923899106681347,0.9840028882026672
0.116,0.689,0.195,0.5859,0.938154399394989,0.05313042923808098,0.008715245872735977
0.0,0.817,0.183,0.8994,0.0035657810512930155,0.0205904059112072,0.9758437871932983
0.0,0.707,0.293,0.8445,0.0063178762793540955,0.05999961122870445,0.9336825013160706
0.0,0.684,0.316,0.9249,0.005691044498234987,0.016378317028284073,0.9779306650161743
0.067,0.786,0.147,0.4846,0.01542813889682293,0.07584160566329956,0.9087302684783936
0.0,0.739,0.261,0.7717,0.0035185040906071663,0.009737677872180939,0.9867438077926636
0.055,0.616,0.329,0.7698,0.33336779475212097,0.3912234306335449,0.2754088342189789
0.0,0.816,0.184,0.8412,0.8996008634567261,0.0897747278213501,0.010624419897794724
0.0,0.815,0.185,0.7584,0.01463983952999115,0.08764953911304474,0.8977105617523193
0.059,0.663,0.278,0.9924,0.5181438326835632,0.36044052243232727,0.12141568213701248
0.0,0.881,0.119,0.6369,0.023092729970812798,0.0890154093503952,0.8878918886184692
0.032,0.867,0.1,0.8399,0.006887657567858696,0.05013194680213928,0.9429803490638733
0.0,0.821,0.179,0.6858,0.03286384791135788,0.23082107305526733,0.7363150715827942
0.0,0.808,0.192,0.921,0.00501127727329731,0.028661824762821198,0.9663268327713013
0.072,0.685,0.244,0.7412,0.005580436903983355,0.012064996175467968,0.9823546409606934
0.0,0.688,0.312,0.97,0.006026023533195257,0.08040916919708252,0.9135648012161255
0.0,0.624,0.376,0.9729,0.0043525779619812965,0.010077791288495064,0.9855696558952332
0.065,0.703,0.232,0.7521,0.008820533752441406,0.06674955785274506,0.9244298934936523
0.0,0.473,0.527,0.9392,0.002426091581583023,0.007962202653288841,0.9896117448806763
0.0,0.755,0.245,0.8439,0.0032242799643427134,0.01648377999663353,0.9802919030189514
0.0,0.785,0.215,0.8856,0.003826459404081106,0.02508275955915451,0.9710907340049744
0.069,0.681,0.25,0.9105,0.586652934551239,0.29095539450645447,0.12239167094230652
0.089,0.649,0.262,0.8692,0.005955659784376621,0.014946755953133106,0.9790975451469421
0.0,0.828,0.172,0.6988,0.0025177025236189365,0.012401456013321877,0.985080897808075
0.064,0.666,0.27,0.9358,0.004305143374949694,0.025177953764796257,0.9705168604850769
0.0,0.744,0.256,0.8519,0.003978430759161711,0.020632166415452957,0.9753893613815308
0.0,0.866,0.134,0.6696,0.0034618901554495096,0.022211642935872078,0.974326491355896
0.0,0.834,0.166,0.6953,0.002633018186315894,0.014413399621844292,0.9829535484313965
0.0,0.821,0.179,0.7747,0.004589620977640152,0.031257741153240204,0.9641526341438293
0.0,0.751,0.249,0.7425,0.004413130693137646,0.03492092713713646,0.9606659412384033
0.058,0.845,0.096,0.5542,0.7365418672561646,0.22368735074996948,0.03977075591683388
0.212,0.733,0.056,-0.6169,0.8372564315795898,0.1513727307319641,0.011370789259672165
0.0,0.833,0.167,0.9393,0.0044020432978868484,0.02564135193824768,0.969956636428833
0.036,0.904,0.06,0.6027,0.13842888176441193,0.6234853863716125,0.2380857765674591
0.077,0.654,0.269,0.836,0.009484658017754555,0.022372780367732048,0.968142569065094
0.039,0.783,0.178,0.8316,0.008623138070106506,0.039340611547231674,0.9520362019538879
0.0,0.614,0.386,0.8834,0.002532501006498933,0.022112945094704628,0.9753545522689819
0.047,0.777,0.176,0.6674,0.004790635779500008,0.024750541895627975,0.9704588055610657
0.0,0.838,0.162,0.6597,0.005038351286202669,0.018725670874118805,0.9762359261512756
0.0,0.874,0.126,0.3818,0.023027004674077034,0.0691245049238205,0.9078484773635864
0.0,0.826,0.174,0.8264,0.023243123665452003,0.13047190010547638,0.8462849259376526
0.0,0.73,0.27,0.8341,0.0030233075376600027,0.008882156573235989,0.9880945086479187
0.022,0.676,0.302,0.9559,0.017051128670573235,0.04682494327425957,0.9361239075660706
0.051,0.829,0.121,0.484,0.5459548234939575,0.3513760566711426,0.10266915708780289
0.0,0.7,0.3,0.8934,0.0024301118683069944,0.01342183817178011,0.9841480255126953
0.069,0.662,0.27,0.802,0.6377134323120117,0.28831422328948975,0.07397239655256271
0.0,0.723,0.277,0.807,0.003946155775338411,0.023679843172430992,0.9723739624023438
0.036,0.854,0.11,0.8462,0.1770799458026886,0.6220892667770386,0.20083077251911163
0.0,0.783,0.217,0.882,0.3398970663547516,0.4542914628982544,0.2058114856481552
0.036,0.773,0.191,0.8316,0.005154229700565338,0.01593899168074131,0.9789068102836609
0.014,0.865,0.121,0.8516,0.03339036926627159,0.15633632242679596,0.810273289680481
0.054,0.71,0.236,0.75,0.013212214224040508,0.031395282596349716,0.9553924798965454
0.0,0.733,0.267,0.8402,0.003333410480991006,0.012122428975999355,0.9845442175865173
0.085,0.762,0.154,0.8888,0.3828853666782379,0.29879969358444214,0.31831496953964233
0.0,0.847,0.153,0.967,0.013250810094177723,0.04971664771437645,0.9370325803756714
0.059,0.59,0.351,0.836,0.004384736530482769,0.016913654282689095,0.9787015914916992
0.0,0.742,0.258,0.8268,0.010402888059616089,0.024579256772994995,0.9650178551673889
0.0,0.629,0.371,0.8807,0.002386593958362937,0.020045340061187744,0.9775680303573608
0.024,0.793,0.184,0.8778,0.0033706200774759054,0.038708191365003586,0.9579212069511414
0.0,0.729,0.271,0.9573,0.0069695147685706615,0.02712215483188629,0.9659083485603333
0.03,0.846,0.124,0.743,0.27676326036453247,0.3678881824016571,0.3553485572338104
0.0,0.653,0.347,0.8417,0.005773994140326977,0.0398845374584198,0.954341471195221
0.097,0.792,0.111,0.1922,0.9304013848304749,0.059640564024448395,0.00995801854878664
0.0,0.614,0.386,0.9377,0.003081933129578829,0.015800900757312775,0.9811171889305115
0.054,0.795,0.151,0.7178,0.010520905256271362,0.04022729769349098,0.9492517709732056
0.063,0.726,0.211,0.7588,0.012476681731641293,0.04100256413221359,0.9465207457542419
0.18,0.82,0.0,-0.6705,0.9438369870185852,0.05036807805299759,0.00579494284465909
0.0,0.803,0.197,0.7477,0.6069836616516113,0.3373297154903412,0.05568663403391838
0.137,0.733,0.13,-0.0451,0.9122708439826965,0.0798371210694313,0.007891963236033916
0.0,0.794,0.206,0.8573,0.0036848050076514482,0.015765570104122162,0.9805496335029602
0.0,0.765,0.235,0.8122,0.006670830305665731,0.018776826560497284,0.9745522737503052
0.0,0.636,0.364,0.9625,0.003933105617761612,0.007744758855551481,0.9883220791816711
0.131,0.697,0.171,0.4304,0.028932033106684685,0.0651915967464447,0.9058763384819031
0.0,0.752,0.248,0.872,0.6757616400718689,0.2059096097946167,0.11832872033119202
0.018,0.666,0.316,0.9818,0.01157135795801878,0.03249920904636383,0.9559294581413269
0.0,0.896,0.104,0.743,0.11644244194030762,0.4596342444419861,0.4239232838153839
0.0,0.92,0.08,0.1901,0.004169761668890715,0.015808461233973503,0.9800217747688293
0.0,0.582,0.418,0.9041,0.01524443831294775,0.04496900364756584,0.9397865533828735
0.0,0.892,0.108,0.6542,0.022401733323931694,0.20846951007843018,0.7691287994384766
0.101,0.741,0.158,0.2392,0.03877975046634674,0.12437566369771957,0.8368445634841919
0.044,0.863,0.093,0.4888,0.01271069049835205,0.06501221656799316,0.9222770929336548
0.107,0.685,0.208,0.397,0.6883766651153564,0.26922154426574707,0.042401764541864395
0.015,0.913,0.073,0.7903,0.13706161081790924,0.7643938660621643,0.09854457527399063
0.0,0.777,0.223,0.765,0.003440537955611944,0.032464951276779175,0.9640945792198181
0.0,0.69,0.31,0.9118,0.002177847782149911,0.019617518410086632,0.9782046675682068
0.0,0.684,0.316,0.9022,0.007273572497069836,0.01961515098810196,0.9731112122535706
0.0,0.917,0.083,0.2255,0.0038801913615316153,0.021505486220121384,0.9746143221855164
0.0,0.762,0.238,0.9041,0.0036137376446276903,0.014141716994345188,0.9822445511817932
0.16,0.681,0.159,0.2453,0.042848460376262665,0.14483706653118134,0.812314510345459
0.0,0.927,0.073,0.2263,0.43460118770599365,0.36938294768333435,0.1960158795118332
0.05,0.759,0.191,0.9512,0.034417737275362015,0.0982212945818901,0.8673610091209412
0.0,0.717,0.283,0.7717,0.00519554503262043,0.013170050457119942,0.9816344380378723
0.071,0.807,0.123,0.7794,0.6091738343238831,0.24405992031097412,0.1467662751674652
0.0,0.81,0.19,0.9534,0.002585903275758028,0.017634188756346703,0.9797798991203308
0.061,0.75,0.189,0.5562,0.00434859050437808,0.03770523890852928,0.9579461812973022
0.036,0.768,0.196,0.9942,0.029450612142682076,0.18272574245929718,0.7878236770629883
0.019,0.802,0.179,0.9783,0.04566025733947754,0.2569764256477356,0.6973632574081421
0.046,0.732,0.222,0.9639,0.017918342724442482,0.09435684978961945,0.8877248167991638
0.007,0.717,0.276,0.9942,0.004812902305275202,0.03140561655163765,0.9637814164161682
0.046,0.617,0.337,0.9882,0.005734041798859835,0.03400738909840584,0.9602586030960083
0.107,0.709,0.183,0.6798,0.00752770621329546,0.029290132224559784,0.9631822109222412
0.07,0.854,0.076,0.342,0.9211189150810242,0.07062603533267975,0.00825497880578041
0.147,0.708,0.145,-0.0339,0.02799704670906067,0.13423755764961243,0.8377653360366821
0.052,0.735,0.213,0.865,0.02555607445538044,0.06348985433578491,0.9109540581703186
0.056,0.738,0.206,0.8201,0.027072997763752937,0.24178332090377808,0.7311436533927917
0.05,0.807,0.143,0.6246,0.3865584135055542,0.47813189029693604,0.13530978560447693
0.052,0.823,0.124,0.8307,0.016565760597586632,0.0610404871404171,0.9223936796188354
0.0,0.862,0.138,0.4927,0.0045921350829303265,0.01983737014234066,0.9755704998970032
0.027,0.774,0.199,0.922,0.025654181838035583,0.11788991838693619,0.85645592212677
0.0,0.87,0.13,0.6369,0.004693764261901379,0.02042805776000023,0.9748781323432922
0.021,0.759,0.22,0.9451,0.006043829955160618,0.016648661345243454,0.9773075580596924
0.0,0.815,0.185,0.7755,0.004503118339926004,0.036588169634342194,0.9589086771011353
0.068,0.679,0.253,0.8323,0.002833552425727248,0.029341476038098335,0.9678249359130859
0.088,0.878,0.034,-0.6037,0.788390576839447,0.17101788520812988,0.0405915342271328
0.145,0.744,0.112,0.0616,0.9098379611968994,0.07987178862094879,0.01029021292924881
0.0,0.804,0.196,0.8761,0.0036256008315831423,0.017793472856283188,0.978580892086029
0.0,0.789,0.211,0.7717,0.004166482016444206,0.021134063601493835,0.9746994972229004
0.0,0.86,0.14,0.5994,0.0048775761388242245,0.019236426800489426,0.9758860468864441
0.052,0.762,0.186,0.7184,0.6454527974128723,0.3035983741283417,0.0509488619863987
0.0,0.65,0.35,0.8834,0.004176431801170111,0.01599435694515705,0.9798292517662048
0.352,0.56,0.088,-0.821,0.9525845050811768,0.040025025606155396,0.007390407845377922
0.14,0.773,0.087,-0.3737,0.024538084864616394,0.056239258497953415,0.9192226529121399
0.124,0.76,0.116,-0.0516,0.8967734575271606,0.0930001437664032,0.010226428508758545
0.066,0.804,0.13,0.8526,0.0038787848316133022,0.04489211365580559,0.9512290954589844
0.087,0.63,0.283,0.7663,0.0036060737911611795,0.01279111672192812,0.98360276222229
0.0,0.77,0.23,0.93,0.006826499477028847,0.02233514003455639,0.9708383083343506
0.052,0.777,0.171,0.7076,0.9421041011810303,0.05092143267393112,0.006974426563829184
0.0,0.541,0.459,0.9459,0.0036926832981407642,0.01411459594964981,0.9821926951408386
0.0,0.935,0.065,0.5859,0.013112802058458328,0.052218712866306305,0.9346685409545898
0.06,0.851,0.089,0.3461,0.024880118668079376,0.0748664066195488,0.9002534747123718
0.0,0.783,0.217,0.9014,0.008514486253261566,0.02167706936597824,0.9698083996772766
0.083,0.514,0.403,0.904,0.0033845598809421062,0.007730698678642511,0.988884687423706
0.049,0.797,0.154,0.8481,0.0038042934611439705,0.02791392244398594,0.9682818055152893
0.163,0.725,0.113,-0.4588,0.9365184903144836,0.054906681180000305,0.008574762381613255
0.0,0.746,0.254,0.7003,0.014518224634230137,0.07920997589826584,0.9062718152999878
0.319,0.579,0.101,-0.9329,0.9210547804832458,0.0640118271112442,0.014933294616639614
0.239,0.607,0.155,-0.4127,0.8787233829498291,0.10864056646823883,0.012636027298867702
0.0,0.772,0.228,0.9646,0.005415501073002815,0.029437145218253136,0.9651473164558411
0.0,0.777,0.223,0.8908,0.004532934166491032,0.016196297481656075,0.9792708158493042
0.0,0.917,0.083,0.4404,0.8705244064331055,0.11904052644968033,0.010435030795633793
0.181,0.819,0.0,-0.7351,0.8759911060333252,0.10673226416110992,0.017276747152209282
0.0,0.763,0.237,0.9039,0.003080708207562566,0.022264648228883743,0.9746546745300293
0.0,0.838,0.162,0.7615,0.004203055985271931,0.023120416328310966,0.9726764559745789
0.094,0.813,0.093,-0.0024,0.011206724680960178,0.08148161321878433,0.9073116779327393
0.0,0.496,0.504,0.9732,0.004726233426481485,0.012319661676883698,0.9829540848731995
0.0,0.819,0.181,0.9166,0.02455323562026024,0.06982455402612686,0.9056221842765808
0.0,1.0,0.0,0.0,0.009712391532957554,0.18119247257709503,0.8090951442718506
0.037,0.777,0.186,0.8293,0.0047546993009746075,0.014915784820914268,0.9803295135498047
0.0,0.787,0.213,0.5574,0.017199618741869926,0.1902266889810562,0.7925736904144287
0.0,0.86,0.14,0.6183,0.017606817185878754,0.04377737641334534,0.9386157393455505
0.0,0.768,0.232,0.9861,0.003433964215219021,0.03569380193948746,0.9608722925186157
0.099,0.565,0.336,0.9618,0.0036303710658103228,0.011232542805373669,0.9851371049880981
0.0,0.757,0.243,0.9538,0.005331081338226795,0.036223821341991425,0.958445131778717
0.0,0.617,0.383,0.9516,0.006280075758695602,0.015455971471965313,0.9782640337944031
0.0,0.825,0.175,0.6792,0.007289694622159004,0.026926351711153984,0.965783953666687
0.0,0.75,0.25,0.7906,0.0024421706330031157,0.017206115648150444,0.9803517460823059
0.0,0.608,0.392,0.9503,0.0028499215841293335,0.014395315200090408,0.9827547669410706
0.031,0.854,0.115,0.9712,0.7905941009521484,0.17885980010032654,0.030546151101589203
0.0,1.0,0.0,0.0,0.040384646505117416,0.3546377718448639,0.6049776077270508
0.0,0.659,0.341,0.807,0.0022757381666451693,0.008659490384161472,0.9890646934509277
0.0,0.802,0.198,0.9022,0.01268219854682684,0.050945207476615906,0.9363725781440735
0.03,0.77,0.201,0.835,0.004772404674440622,0.0189784187823534,0.976249098777771
0.052,0.632,0.316,0.963,0.008603946305811405,0.04392155259847641,0.9474745392799377
0.0,0.7,0.3,0.975,0.0044625080190598965,0.009948247112333775,0.9855892062187195
0.092,0.796,0.113,0.6068,0.8506520390510559,0.12735825777053833,0.02198970317840576
0.096,0.591,0.313,0.7734,0.03927796334028244,0.11301147192716599,0.8477105498313904
0.0,0.89,0.11,0.3818,0.023650405928492546,0.05601764842867851,0.9203318953514099
0.0,0.738,0.262,0.8739,0.0028141343500465155,0.012244409881532192,0.9849414229393005
0.0,0.753,0.247,0.9403,0.0029516133945435286,0.034646376967430115,0.9624020457267761
0.0,0.795,0.205,0.9375,0.010531405918300152,0.02862103469669819,0.9608474969863892
0.0,1.0,0.0,0.0,0.5926999449729919,0.37727195024490356,0.030028097331523895
0.029,0.711,0.26,0.9689,0.1268976479768753,0.19514383375644684,0.6779584884643555
0.0,0.883,0.117,0.4926,0.0057122232392430305,0.04047335311770439,0.9538144469261169
0.0,0.746,0.254,0.9703,0.017622798681259155,0.04197503253817558,0.9404021501541138
0.031,0.872,0.098,0.9301,0.02038539946079254,0.06839460879564285,0.9112199544906616
0.0,0.742,0.258,0.9168,0.0025697501841932535,0.012131539173424244,0.985298752784729
0.0,0.811,0.189,0.765,0.0021152477711439133,0.010978654958307743,0.986906111240387
0.054,0.715,0.231,0.9082,0.022779734805226326,0.06426592171192169,0.9129543304443359
0.0,0.65,0.35,0.8655,0.0031880734022706747,0.013022812083363533,0.9837890863418579
0.021,0.788,0.191,0.9672,0.002588116331025958,0.026180680841207504,0.9712311625480652
0.047,0.828,0.125,0.852,0.8350790739059448,0.14855292439460754,0.016368001699447632
0.0,0.788,0.212,0.7893,0.009189729578793049,0.019678568467497826,0.9711316227912903
0.0,0.577,0.423,0.9466,0.002811271231621504,0.009840198792517185,0.9873485565185547
0.0,0.688,0.312,0.922,0.010293814353644848,0.05596231669187546,0.9337438344955444
0.0,0.684,0.316,0.8126,0.00302895181812346,0.009881658479571342,0.9870893359184265
0.0,0.683,0.317,0.8908,0.004807791206985712,0.03288542479276657,0.9623067378997803
0.0,0.68,0.32,0.8553,0.004850247409194708,0.017150841653347015,0.9779989719390869
0.0,0.709,0.291,0.8932,0.007627431303262711,0.014109281823039055,0.9782633185386658
0.101,0.621,0.278,0.8516,0.00569689366966486,0.05052579939365387,0.943777322769165
0.081,0.71,0.209,0.7235,0.5323965549468994,0.37521541118621826,0.09238801896572113
0.019,0.824,0.157,0.8749,0.020517319440841675,0.09155908972024918,0.887923538684845
0.016,0.723,0.261,0.9812,0.016568034887313843,0.07350248098373413,0.9099294543266296
0.0,0.731,0.269,0.8333,0.00304146995767951,0.009229319170117378,0.9877291917800903
0.035,0.852,0.114,0.5876,0.9321682453155518,0.06008271127939224,0.007749111391603947
0.0,0.577,0.423,0.9217,0.00313853588886559,0.012935120612382889,0.9839263558387756
0.015,0.796,0.189,0.9889,0.015207796357572079,0.2851744592189789,0.6996176838874817
0.101,0.828,0.071,-0.5528,0.826256275177002,0.15811263024806976,0.01563115045428276
0.0,0.7,0.3,0.807,0.0024628976825624704,0.009749420918524265,0.987787663936615
0.0,0.833,0.167,0.7003,0.06303905695676804,0.25576716661453247,0.6811937689781189
0.0,0.576,0.424,0.9186,0.005112441256642342,0.012520608492195606,0.9823669195175171
0.017,0.862,0.121,0.8655,0.11588103324174881,0.4520852267742157,0.4320336878299713
0.036,0.865,0.098,0.9618,0.15928073227405548,0.6961608529090881,0.1445583999156952
0.0,0.927,0.073,0.4933,0.11109696328639984,0.17741669714450836,0.7114863991737366
0.0,0.828,0.172,0.9609,0.0025899731554090977,0.019327856600284576,0.9780821800231934
0.04,0.675,0.285,0.8689,0.9307113885879517,0.05949351191520691,0.009795112535357475
0.129,0.715,0.155,0.1191,0.7475847601890564,0.2229020893573761,0.02951320819556713
0.129,0.758,0.114,-0.101,0.9411101341247559,0.049807507544755936,0.009082399308681488
0.088,0.738,0.174,0.794,0.6048329472541809,0.3571304976940155,0.038036517798900604
0.0,0.898,0.102,0.8043,0.005490388721227646,0.047487955540418625,0.9470216631889343
0.0,0.635,0.365,0.9872,0.005583547055721283,0.025330593809485435,0.9690858721733093
0.0,0.776,0.224,0.9531,0.005447507835924625,0.027881044894456863,0.9666714668273926
0.122,0.735,0.143,0.1285,0.018887391313910484,0.09118198603391647,0.8899306058883667
0.0,0.603,0.397,0.9589,0.0034081728663295507,0.010774302296340466,0.9858174920082092
0.0,0.776,0.224,0.8597,0.007877912372350693,0.020183365792036057,0.9719387292861938
0.0,0.658,0.342,0.9184,0.0030488288030028343,0.009578290395438671,0.9873728156089783
0.0,0.581,0.419,0.9612,0.0024406632874161005,0.008701237849891186,0.9888581037521362
0.107,0.893,0.0,-0.5927,0.8945707082748413,0.09753704816102982,0.007892165333032608
0.123,0.858,0.019,-0.8479,0.8022040128707886,0.18391598761081696,0.013880020938813686
0.059,0.798,0.143,0.9816,0.027865756303071976,0.17145772278308868,0.8006765246391296
0.37,0.581,0.049,-0.8327,0.9416294693946838,0.05136750638484955,0.007002996280789375
0.044,0.873,0.083,0.8325,0.021383946761488914,0.0859728679060936,0.89264315366745
0.146,0.753,0.101,-0.5222,0.7032047510147095,0.20313982665538788,0.09365542232990265
0.021,0.707,0.272,0.9628,0.9346811175346375,0.05168012157082558,0.013638858683407307
0.0,0.816,0.184,0.7096,0.015418347902595997,0.08156616985797882,0.9030154347419739
0.0,0.748,0.252,0.7506,0.028668181970715523,0.11794629693031311,0.8533855080604553
0.029,0.855,0.116,0.8845,0.011605489999055862,0.12011131644248962,0.868283212184906
0.0,0.897,0.103,0.904,0.002809538971632719,0.05978202074766159,0.9374085068702698
0.0,0.654,0.346,0.9363,0.004325259476900101,0.01447309646755457,0.9812016487121582
0.06,0.64,0.3,0.9128,0.08738788217306137,0.115872323513031,0.7967398166656494
0.041,0.7,0.258,0.9048,0.012867827899754047,0.025531981140375137,0.9616002440452576
0.08,0.849,0.071,-0.4822,0.2729659676551819,0.4420967102050781,0.2849372923374176
0.052,0.67,0.279,0.8883,0.003971382509917021,0.012253308668732643,0.9837753176689148
0.104,0.896,0.0,-0.6808,0.7892785668373108,0.20061556994915009,0.010105856694281101
0.0,0.905,0.095,0.3182,0.7206364274024963,0.263057142496109,0.016306430101394653
0.134,0.705,0.161,0.2942,0.5152057409286499,0.2242814153432846,0.2605128586292267
0.095,0.816,0.089,0.287,0.8223413825035095,0.16053444147109985,0.017124172300100327
0.089,0.911,0.0,-0.7364,0.8992505073547363,0.09127280861139297,0.009476765990257263
0.085,0.805,0.111,-0.1989,0.5394073724746704,0.38285204768180847,0.07774058729410172
0.096,0.84,0.063,-0.2127,0.7625381350517273,0.22007326781749725,0.01738858036696911
0.0,0.703,0.297,0.8221,0.0031849967781454325,0.02233147993683815,0.9744835495948792
0.038,0.794,0.169,0.8209,0.028405655175447464,0.0970035269856453,0.8745908141136169
0.04,0.809,0.151,0.8237,0.25011885166168213,0.3133375644683838,0.4365435540676117
0.063,0.838,0.099,0.2937,0.9482101798057556,0.04540140926837921,0.006388386711478233
0.093,0.837,0.07,-0.1531,0.9086729884147644,0.08168528974056244,0.009641782380640507
0.174,0.769,0.057,-0.5994,0.7985680103302002,0.1867985874414444,0.01463338453322649
0.0,0.544,0.456,0.9738,0.004705499857664108,0.009214111603796482,0.9860804677009583
0.094,0.672,0.234,0.8074,0.024864785373210907,0.08884473145008087,0.886290431022644
0.061,0.78,0.159,0.9535,0.020901154726743698,0.18519358336925507,0.7939052581787109
0.027,0.688,0.285,0.9638,0.15454979240894318,0.42402368783950806,0.42142653465270996
0.046,0.81,0.144,0.8652,0.03549948334693909,0.16007277369499207,0.8044277429580688
0.0,0.829,0.171,0.8173,0.0024305819533765316,0.014424375258386135,0.983144998550415
0.028,0.857,0.116,0.926,0.015169722028076649,0.17902596294879913,0.8058043122291565
0.0,0.846,0.154,0.8287,0.003318535629659891,0.011894053779542446,0.9847874045372009
0.145,0.855,0.0,-0.4731,0.5027115941047668,0.36159560084342957,0.13569283485412598
0.083,0.643,0.274,0.7906,0.08923270553350449,0.20966023206710815,0.7011070251464844
0.092,0.813,0.095,0.2862,0.260876327753067,0.40116655826568604,0.33795714378356934
0.058,0.84,0.102,0.7333,0.16062574088573456,0.21945278346538544,0.6199215054512024
0.0,0.627,0.373,0.944,0.0022704503498971462,0.011075855232775211,0.986653745174408
0.025,0.704,0.27,0.9584,0.016550328582525253,0.06799592822790146,0.9154536724090576
0.032,0.674,0.294,0.9521,0.0040541961789131165,0.009998248890042305,0.9859474897384644
0.0,0.814,0.186,0.8206,0.003102298593148589,0.02409844659268856,0.9727993011474609
0.116,0.592,0.291,0.8392,0.12975306808948517,0.11622875928878784,0.7540181279182434
0.0,0.704,0.296,0.9612,0.0049863047897815704,0.020303668454289436,0.9747100472450256
0.0,0.679,0.321,0.8176,0.005492767784744501,0.056894320994615555,0.9376128911972046
0.0,0.645,0.355,0.9359,0.002787559060379863,0.00923080649226904,0.9879816174507141
0.0,0.904,0.096,0.63,0.005777159705758095,0.036607272922992706,0.9576155543327332
0.0,0.722,0.278,0.9757,0.004630029667168856,0.01204756647348404,0.9833223819732666
0.056,0.803,0.141,0.9431,0.08556326478719711,0.26645103096961975,0.6479856967926025
0.071,0.76,0.169,0.836,0.005532412324100733,0.04035716503858566,0.9541105031967163
0.0,0.759,0.241,0.807,0.0027379414532333612,0.011625947430729866,0.9856361150741577
0.0,0.574,0.426,0.9538,0.0031540344934910536,0.008468620479106903,0.9883773922920227
0.014,0.882,0.104,0.9072,0.01750481314957142,0.17360933125019073,0.8088858127593994
0.0,0.717,0.283,0.7964,0.005927629303187132,0.016833504661917686,0.9772388935089111
0.0,0.741,0.259,0.8417,0.0035716465208679438,0.011115305125713348,0.9853129982948303
0.034,0.642,0.325,0.9539,0.8026164770126343,0.17167483270168304,0.025708695873618126
0.035,0.635,0.33,0.9829,0.007341516669839621,0.028402477502822876,0.9642560482025146
0.0,0.759,0.241,0.9363,0.008772560395300388,0.03892959654331207,0.9522978663444519
0.0,0.756,0.244,0.9371,0.0091102859005332,0.056478798389434814,0.9344109296798706
0.188,0.758,0.054,-0.8051,0.9493471384048462,0.04390398785471916,0.0067488523200154305
0.0,0.949,0.051,0.128,0.8176404237747192,0.16226765513420105,0.02009197138249874
0.05,0.767,0.183,0.8357,0.5359026789665222,0.33618229627609253,0.12791502475738525
0.083,0.893,0.024,-0.4615,0.8001090288162231,0.18159136176109314,0.018299633637070656
0.224,0.635,0.141,-0.4619,0.8825013041496277,0.08675795793533325,0.030740750953555107
0.161,0.747,0.091,-0.8153,0.06962268054485321,0.1868065595626831,0.7435708045959473
0.0,0.84,0.16,0.6369,0.006520501803606749,0.03745971620082855,0.9560197591781616
0.112,0.768,0.12,0.3937,0.8933408260345459,0.09352094680070877,0.013138217851519585
0.087,0.763,0.15,0.6996,0.7553691267967224,0.2058686763048172,0.038762167096138
0.0,0.722,0.278,0.8957,0.004483774304389954,0.017777763307094574,0.9777384996414185
0.134,0.652,0.214,0.4922,0.9249637126922607,0.06568466126918793,0.009351656772196293
0.023,0.732,0.246,0.9421,0.0038071987219154835,0.016067756339907646,0.9801250696182251
0.064,0.798,0.138,0.8979,0.4185914993286133,0.48195478320121765,0.09945371001958847
0.0,0.685,0.315,0.9601,0.0028541097417473793,0.023911673575639725,0.9732341766357422
0.03,0.815,0.154,0.7603,0.00435425853356719,0.03148103877902031,0.9641647338867188
0.0,0.633,0.367,0.8507,0.0038110055029392242,0.010477562434971333,0.985711395740509
0.074,0.842,0.084,0.1158,0.41805240511894226,0.45410120487213135,0.1278463900089264
0.0,0.794,0.206,0.6901,0.002624942921102047,0.015790920704603195,0.9815841317176819
0.133,0.761,0.106,-0.316,0.1789085865020752,0.33975517749786377,0.4813363254070282
0.0,1.0,0.0,0.0,0.06533700227737427,0.45425906777381897,0.48040392994880676
0.083,0.73,0.187,0.6086,0.0196694266051054,0.053252726793289185,0.9270778298377991
0.047,0.733,0.22,0.8308,0.0031955395825207233,0.04611751064658165,0.9506869912147522
0.049,0.696,0.255,0.9221,0.01917756162583828,0.038408312946558,0.9424141049385071
0.0,0.912,0.088,0.6739,0.10748789459466934,0.7496122717857361,0.14289984107017517
0.061,0.881,0.059,0.2263,0.8001651167869568,0.18536165356636047,0.01447315327823162
0.072,0.815,0.113,0.45,0.5312575697898865,0.3856685757637024,0.08307384699583054
0.041,0.872,0.086,0.743,0.25476059317588806,0.32827073335647583,0.4169686734676361
0.02,0.796,0.185,0.955,0.365274578332901,0.34576186537742615,0.2889636158943176
0.079,0.882,0.039,-0.3632,0.9050771594047546,0.0858181044459343,0.009104701690375805
0.224,0.627,0.149,-0.2261,0.015623477287590504,0.026232153177261353,0.9581444263458252
0.0,0.651,0.349,0.8442,0.010702096857130527,0.05302795395255089,0.9362699389457703
0.026,0.779,0.195,0.886,0.0034626333508640528,0.020518731325864792,0.9760186672210693
0.0,0.813,0.187,0.8296,0.01178203895688057,0.08608279377222061,0.9021351933479309
0.07,0.635,0.295,0.8433,0.012630702927708626,0.022076033055782318,0.965293288230896
0.063,0.937,0.0,-0.357,0.00992597732692957,0.11749415099620819,0.8725799322128296
0.0,0.833,0.167,0.6369,0.00659389141947031,0.024669986218214035,0.9687361717224121
0.091,0.779,0.13,0.224,0.9169789552688599,0.07521364837884903,0.007807469926774502
0.026,0.816,0.159,0.9104,0.00470961257815361,0.03180193528532982,0.9634883999824524
0.017,0.768,0.215,0.98,0.003970332909375429,0.03443208336830139,0.9615975618362427
0.0,0.565,0.435,0.9551,0.0026328929234296083,0.0121610714122653,0.9852060675621033
0.0,0.843,0.157,0.8932,0.00433794129639864,0.021354014053940773,0.9743080139160156
0.171,0.774,0.054,-0.8405,0.6920887231826782,0.213678777217865,0.09423251450061798
0.029,0.578,0.394,0.9794,0.002895787125453353,0.010610250756144524,0.9864939451217651
0.189,0.559,0.252,0.4458,0.9551110863685608,0.03852127864956856,0.006367607042193413
0.0,0.778,0.222,0.8213,0.3783745765686035,0.41494354605674744,0.20668190717697144
0.136,0.864,0.0,-0.6705,0.8407188653945923,0.14691053330898285,0.012370684184134007
0.031,0.828,0.141,0.8879,0.02494330331683159,0.31398308277130127,0.661073625087738
0.0,0.684,0.316,0.8271,0.001984152477234602,0.024093879386782646,0.9739219546318054
0.0,1.0,0.0,0.0,0.41252294182777405,0.5140693187713623,0.07340772449970245
0.042,0.839,0.119,0.9239,0.8210815191268921,0.14732836186885834,0.03159018233418465
0.136,0.864,0.0,-0.4588,0.9489809274673462,0.04482312500476837,0.006195989437401295
0.0,0.657,0.343,0.9632,0.002495315158739686,0.02092554233968258,0.9765791893005371
0.0,0.599,0.401,0.9468,0.0047740573063492775,0.015797261148691177,0.9794287085533142
0.097,0.681,0.222,0.8759,0.5294275879859924,0.2956971228122711,0.17487528920173645
0.102,0.898,0.0,-0.5927,0.8605697751045227,0.12948188185691833,0.009948378428816795
0.0,0.726,0.274,0.9153,0.007592679467052221,0.03467452898621559,0.9577327966690063
0.0,0.725,0.275,0.9618,0.02550235576927662,0.06184232234954834,0.9126553535461426
0.025,0.896,0.078,0.9233,0.005739784799516201,0.02157157100737095,0.9726886749267578
0.0,1.0,0.0,0.0,0.6564511656761169,0.306840181350708,0.03670867905020714
0.089,0.654,0.256,0.7974,0.0032170831691473722,0.009075341746211052,0.9877075552940369
0.0,0.647,0.353,0.8478,0.004552912898361683,0.018260128796100616,0.9771869778633118
0.082,0.775,0.142,0.8062,0.009328949265182018,0.0462104007601738,0.9444606900215149
0.044,0.647,0.308,0.9776,0.05644766613841057,0.05871784687042236,0.8848345279693604
0.066,0.6,0.334,0.9426,0.13046371936798096,0.22246354818344116,0.6470727324485779
0.0,0.874,0.126,0.7367,0.6798407435417175,0.28857818245887756,0.031581055372953415
0.0,0.819,0.181,0.9828,0.006287459749728441,0.03703894093632698,0.9566736221313477
0.017,0.814,0.169,0.9585,0.11319892853498459,0.17910178005695343,0.7076993584632874
0.0,0.736,0.264,0.8047,0.011666710488498211,0.11130938678979874,0.8770238757133484
0.0,0.623,0.377,0.9341,0.08171731233596802,0.3641124367713928,0.5541702508926392
0.031,0.827,0.142,0.7061,0.8626270294189453,0.12633366882801056,0.011039318516850471
0.077,0.775,0.148,0.3369,0.8575566411018372,0.12913396954536438,0.013309326022863388
0.0,0.747,0.253,0.9485,0.004666334018111229,0.08773580938577652,0.9075978994369507
0.0,0.836,0.164,0.7922,0.008318806998431683,0.02851100079715252,0.9631702303886414
0.0,0.652,0.348,0.9842,0.026958880946040154,0.0840785801410675,0.8889625668525696
0.097,0.531,0.372,0.9245,0.004123065620660782,0.014442883431911469,0.9814339876174927
0.14,0.667,0.193,0.3816,0.4912450313568115,0.33077120780944824,0.17798380553722382
0.0,0.746,0.254,0.8016,0.002972640795633197,0.010995578020811081,0.9860317707061768
0.081,0.711,0.207,0.6625,0.0074367765337228775,0.02569311298429966,0.966870129108429
0.0,0.889,0.111,0.6114,0.0019399640150368214,0.04456804320216179,0.9534919857978821
0.059,0.822,0.119,0.817,0.16445600986480713,0.5504253506660461,0.28511860966682434
0.0,0.943,0.057,0.4648,0.8614480495452881,0.12856937944889069,0.009982545860111713
0.0,0.944,0.056,0.6369,0.009984388016164303,0.19131937623023987,0.7986962795257568
0.0,0.895,0.105,0.6249,0.005729946307837963,0.04879993572831154,0.9454700946807861
0.0,0.873,0.127,0.7264,0.31116700172424316,0.47402602434158325,0.21480700373649597
0.019,0.871,0.11,0.9267,0.011340576224029064,0.11888308823108673,0.8697763085365295
0.04,0.508,0.453,0.9396,0.005690484773367643,0.028353199362754822,0.9659563302993774
0.0,0.67,0.33,0.9408,0.002919931663200259,0.01718001812696457,0.979900062084198
0.201,0.494,0.305,0.4875,0.3556354343891144,0.3209894597530365,0.3233751058578491
0.0,0.748,0.252,0.9098,0.006798205431550741,0.028386995196342468,0.9648147821426392
0.0,0.763,0.237,0.855,0.00639699399471283,0.02309836633503437,0.9705045819282532
0.062,0.844,0.094,0.25,0.009022546000778675,0.07969815284013748,0.9112792611122131
0.0,0.763,0.237,0.8813,0.008855822496116161,0.09809669852256775,0.8930474519729614
0.0,0.723,0.277,0.9896,0.0047662826254963875,0.010534977540373802,0.9846987128257751
0.051,0.864,0.086,0.5984,0.03945731371641159,0.1674673706293106,0.7930753231048584
0.033,0.768,0.199,0.9329,0.008963746950030327,0.08246225118637085,0.9085740447044373
0.049,0.7,0.251,0.7772,0.005535042844712734,0.014552498236298561,0.9799124598503113
0.033,0.819,0.148,0.9706,0.08486521989107132,0.4764328896999359,0.4387018382549286
0.085,0.764,0.151,0.7876,0.008163077756762505,0.11011306941509247,0.8817238807678223
0.142,0.667,0.191,0.4408,0.5078005790710449,0.4153663218021393,0.0768330916762352
0.017,0.908,0.074,0.5255,0.059226036071777344,0.6376932859420776,0.303080677986145
0.107,0.893,0.0,-0.6908,0.6188511848449707,0.3499166965484619,0.031232114881277084
0.0,0.88,0.12,0.5994,0.36773681640625,0.43457329273223877,0.19768987596035004
0.023,0.813,0.163,0.9545,0.007807089481502771,0.04261630401015282,0.9495766162872314
0.017,0.791,0.192,0.9237,0.01404685527086258,0.10197815299034119,0.8839749693870544
0.08,0.779,0.141,0.4228,0.7972241044044495,0.15314418077468872,0.04963177442550659
0.0,1.0,0.0,0.0,0.02830825001001358,0.2104790210723877,0.7612127065658569
0.0,0.743,0.257,0.9895,0.2921825647354126,0.377011775970459,0.3308056592941284
0.044,0.806,0.15,0.9886,0.007788310758769512,0.034821297973394394,0.9573904275894165
0.0,0.7,0.3,0.9538,0.004656061064451933,0.03250465169548988,0.9628392457962036
0.089,0.859,0.053,-0.3262,0.11149702221155167,0.6280501484870911,0.2604528069496155
0.034,0.844,0.122,0.7096,0.02614043653011322,0.15114235877990723,0.8227171897888184
0.108,0.807,0.085,-0.4215,0.005058920476585627,0.08112610876560211,0.9138150215148926
0.0,0.839,0.161,0.9244,0.00926401000469923,0.09368722140789032,0.8970487713813782
0.0,0.935,0.065,0.6124,0.017820704728364944,0.050100356340408325,0.9320789575576782
0.036,0.834,0.129,0.7845,0.01155337505042553,0.05850514769554138,0.9299414753913879
0.0,0.788,0.212,0.6784,0.002595228608697653,0.0080056581646204,0.9893991947174072
0.051,0.786,0.162,0.9595,0.017471767961978912,0.058715496212244034,0.923812747001648
0.0,0.762,0.238,0.9256,0.0028213353361934423,0.013837900012731552,0.9833407998085022
0.0,0.819,0.181,0.9644,0.0320553220808506,0.11748804152011871,0.8504565954208374
0.131,0.869,0.0,-0.7556,0.8722098469734192,0.11950568854808807,0.00828450359404087
0.043,0.854,0.103,0.4767,0.04831152781844139,0.15794403851032257,0.7937444448471069
0.0,0.823,0.177,0.9531,0.0046185702085494995,0.051944226026535034,0.9434372186660767
0.035,0.674,0.291,0.9313,0.008236921392381191,0.033512528985738754,0.9582505822181702
0.0,1.0,0.0,0.0,0.008901545777916908,0.2077765166759491,0.7833219170570374
0.0,0.846,0.154,0.7684,0.009957745671272278,0.10106644779443741,0.8889758586883545
0.149,0.713,0.138,0.0516,0.054257869720458984,0.13011327385902405,0.8156288862228394
0.067,0.807,0.126,0.6106,0.06240024045109749,0.18243950605392456,0.7551602125167847
0.0,0.796,0.204,0.8747,0.023655405268073082,0.1661287248134613,0.8102158904075623
0.0,0.559,0.441,0.9483,0.003362142015248537,0.008038178086280823,0.9885996580123901
0.0,0.802,0.198,0.7845,0.0023454963229596615,0.020728066563606262,0.9769263863563538
0.0,0.478,0.522,0.9475,0.003581589786335826,0.008040597662329674,0.9883778691291809
0.017,0.765,0.218,0.9519,0.008724812418222427,0.09854982048273087,0.8927253484725952
0.103,0.737,0.159,0.3483,0.009208601899445057,0.0402178093791008,0.9505736231803894
0.032,0.909,0.058,0.6412,0.16501404345035553,0.5964969396591187,0.2384890615940094
0.0,0.625,0.375,0.8126,0.00622415728867054,0.03460153564810753,0.9591743350028992
0.035,0.883,0.083,0.7269,0.48994699120521545,0.4829957187175751,0.027057325467467308
0.0,0.797,0.203,0.95,0.004141736309975386,0.017792468890547752,0.9780657887458801
0.0,0.538,0.462,0.8572,0.005089187528938055,0.023103898391127586,0.9718068838119507
0.027,0.939,0.033,0.1531,0.05052753910422325,0.8622185587882996,0.08725395798683167
0.0,0.764,0.236,0.9632,0.004217199515551329,0.01608406752347946,0.9796987771987915
0.0,0.698,0.302,0.8546,0.007315849419683218,0.03307667747139931,0.9596074223518372
0.0,0.728,0.272,0.8881,0.0030823745764791965,0.012728244997560978,0.9841893315315247
0.0,0.849,0.151,0.4927,0.0036422675475478172,0.025229929015040398,0.9711278080940247
0.0,0.625,0.375,0.9186,0.002638753969222307,0.008757466450333595,0.9886038303375244
0.0,0.899,0.101,0.748,0.046052586287260056,0.3601747751235962,0.5937726497650146
0.115,0.885,0.0,-0.4588,0.9108922481536865,0.08232996612787247,0.006777747999876738
0.0,0.927,0.073,0.5355,0.008957586251199245,0.10873124748468399,0.8823111653327942
0.113,0.756,0.131,0.128,0.010166125372052193,0.05591946095228195,0.9339144229888916
0.011,0.818,0.171,0.9538,0.3033464848995209,0.41073039174079895,0.2859230935573578
0.0,0.882,0.118,0.9363,0.004547332413494587,0.026271337643265724,0.9691812992095947
0.0,0.909,0.091,0.5719,0.01238173246383667,0.050849877297878265,0.9367683529853821
0.129,0.736,0.135,0.0521,0.038254402577877045,0.12574024498462677,0.8360053300857544
0.035,0.672,0.294,0.886,0.014144007116556168,0.06877031177282333,0.9170856475830078
0.093,0.583,0.324,0.9879,0.012272506952285767,0.042761579155921936,0.9449658989906311
0.0,0.788,0.212,0.9234,0.006721897050738335,0.052250802516937256,0.9410272836685181
0.049,0.667,0.285,0.926,0.03386736661195755,0.06583599001169205,0.900296688079834
0.024,0.703,0.273,0.9834,0.03780531883239746,0.1792690008878708,0.7829256057739258
0.18,0.82,0.0,-0.7109,0.9415827989578247,0.05230092629790306,0.006116201169788837
0.04,0.87,0.09,0.4118,0.6686151623725891,0.24065594375133514,0.09072883427143097
0.048,0.632,0.32,0.8765,0.01094924844801426,0.049802593886852264,0.9392482042312622
0.098,0.679,0.223,0.68,0.001682710601016879,0.011146333068609238,0.9871709942817688
0.035,0.85,0.115,0.8333,0.3644590377807617,0.5191367864608765,0.1164042204618454
0.0,0.915,0.085,0.476,0.03869491070508957,0.2113117128610611,0.7499933242797852
0.06,0.811,0.129,0.3758,0.005180384963750839,0.015338475815951824,0.9794812202453613
0.021,0.699,0.28,0.9539,0.005607979372143745,0.034623272716999054,0.9597687125205994
0.061,0.611,0.328,0.8979,0.03697390481829643,0.09913822263479233,0.8638879060745239
0.044,0.751,0.205,0.7899,0.0029166266322135925,0.010586654767394066,0.9864967465400696
0.0,0.684,0.316,0.9531,0.00258448114618659,0.009772219695150852,0.9876433610916138
0.067,0.787,0.146,0.34,0.007534505799412727,0.032516639679670334,0.9599488377571106
0.09,0.696,0.214,0.9049,0.8141066431999207,0.1541185826063156,0.03177472949028015
0.017,0.743,0.24,0.9888,0.004306974355131388,0.04039405286312103,0.9552989602088928
0.126,0.66,0.214,0.8355,0.7377033233642578,0.184088796377182,0.07820785790681839
0.036,0.769,0.195,0.8714,0.027853112667798996,0.11030121892690659,0.8618457317352295
0.049,0.806,0.145,0.6359,0.10859152674674988,0.35393357276916504,0.5374748706817627
0.01,0.79,0.201,0.9874,0.2795667052268982,0.36260396242141724,0.35782939195632935
0.058,0.632,0.31,0.973,0.8355844616889954,0.14357680082321167,0.020838651806116104
0.077,0.735,0.188,0.7865,0.015622143633663654,0.08800944685935974,0.8963683843612671
0.058,0.73,0.212,0.9554,0.7042548656463623,0.17797333002090454,0.11777181178331375
0.09,0.724,0.186,0.8684,0.4437410235404968,0.3492681384086609,0.20699086785316467
0.05,0.785,0.165,0.9703,0.38300976157188416,0.397667795419693,0.21932244300842285
0.027,0.761,0.213,0.9284,0.009894725866615772,0.08743084967136383,0.9026743769645691
0.023,0.825,0.153,0.9201,0.06825365126132965,0.3357798755168915,0.5959665179252625
0.04,0.759,0.201,0.9921,0.038900189101696014,0.1101728230714798,0.85092693567276
0.151,0.716,0.133,-0.2167,0.9089474678039551,0.07808227092027664,0.01297029945999384
0.0,0.733,0.267,0.9712,0.004228492733091116,0.02109825424849987,0.9746732115745544
0.094,0.836,0.07,-0.4576,0.7533960342407227,0.2072358876466751,0.03936809301376343
0.119,0.827,0.054,-0.7267,0.8279905915260315,0.15335877239704132,0.018650639802217484
0.018,0.798,0.184,0.9923,0.007900446653366089,0.04036763310432434,0.9517319202423096
0.078,0.797,0.125,0.7406,0.005792445503175259,0.0768425464630127,0.9173650741577148
0.0,0.544,0.456,0.925,0.003915471490472555,0.01253492385149002,0.9835495948791504
0.0,0.459,0.541,0.9476,0.003656068118289113,0.007350562140345573,0.9889933466911316
0.042,0.842,0.116,0.5705,0.008305187337100506,0.0264244694262743,0.9652704000473022
0.055,0.679,0.266,0.8883,0.006135390140116215,0.022615939378738403,0.9712486863136292
0.048,0.952,0.0,-0.1779,0.41159531474113464,0.4727906286716461,0.11561404168605804
0.0,1.0,0.0,0.0,0.014573820866644382,0.16536954045295715,0.820056676864624
0.0,0.665,0.335,0.9904,0.005613826680928469,0.017093511298298836,0.9772926568984985
0.085,0.695,0.22,0.5411,0.008392437361180782,0.07486236840486526,0.9167451858520508
0.0,0.681,0.319,0.9575,0.006299275904893875,0.01947399601340294,0.9742266535758972
0.0,0.701,0.299,0.9408,0.008278519846498966,0.031948357820510864,0.9597731232643127
0.11,0.651,0.239,0.7172,0.14067091047763824,0.373869925737381,0.4854591488838196
0.0,0.674,0.326,0.9274,0.004904464818537235,0.015812477096915245,0.9792830348014832
0.034,0.725,0.241,0.9915,0.1912470906972885,0.39539340138435364,0.41335955262184143
0.0,0.518,0.482,0.9323,0.0021256341133266687,0.012160769663751125,0.9857136011123657
0.0,0.711,0.289,0.9147,0.003236812073737383,0.013017132878303528,0.9837460517883301
0.0,0.559,0.441,0.9817,0.002518320456147194,0.009089985862374306,0.9883916974067688
0.0,0.67,0.33,0.8842,0.0032316253054887056,0.01418476365506649,0.9825835824012756
0.0,0.618,0.382,0.9025,0.004942507948726416,0.014007959514856339,0.9810494780540466
0.125,0.812,0.063,-0.4162,0.6526732444763184,0.3165363371372223,0.03079044446349144
0.048,0.878,0.073,0.6273,0.7065082788467407,0.23664221167564392,0.05684952810406685
0.041,0.757,0.202,0.9833,0.10458741337060928,0.43125489354133606,0.46415776014328003
0.063,0.857,0.08,0.3828,0.04395192861557007,0.16982120275497437,0.7862268686294556
0.091,0.788,0.121,0.6004,0.041428882628679276,0.2535025477409363,0.7050685286521912
0.018,0.782,0.2,0.9517,0.014678139239549637,0.13334810733795166,0.8519737124443054
0.023,0.891,0.086,0.8765,0.014089124277234077,0.260329008102417,0.7255818843841553
0.048,0.88,0.072,0.5078,0.021697966381907463,0.08431309461593628,0.8939889669418335
0.014,0.779,0.207,0.9738,0.009960140101611614,0.08821706473827362,0.9018228054046631
0.0,0.781,0.219,0.7645,0.003098671091720462,0.01885899528861046,0.9780423045158386
0.184,0.675,0.141,-0.8088,0.5366641283035278,0.28083500266075134,0.18250082433223724
0.0,0.945,0.055,0.4019,0.9023508429527283,0.08775756508111954,0.00989154726266861
0.0,0.87,0.13,0.7304,0.012688121758401394,0.5321969985961914,0.4551149010658264
0.122,0.607,0.271,0.7829,0.004666183143854141,0.023828990757465363,0.971504807472229
0.024,0.934,0.042,0.1901,0.8466176986694336,0.1309400200843811,0.022442322224378586
0.105,0.895,0.0,-0.4023,0.9243706464767456,0.06811407208442688,0.007515337318181992
0.0,0.895,0.105,0.3257,0.9465899467468262,0.04728517308831215,0.006124870851635933
0.052,0.677,0.272,0.7961,0.006716555450111628,0.021660959348082542,0.9716225266456604
0.0,0.844,0.156,0.6341,0.01195133849978447,0.029630061239004135,0.958418607711792
0.046,0.927,0.027,-0.3421,0.27877864241600037,0.6809223294258118,0.04029896855354309
0.084,0.833,0.083,-0.0018,0.9153900742530823,0.07724867761135101,0.007361253257840872
0.0,0.859,0.141,0.6597,0.31531822681427,0.4605666399002075,0.22411507368087769
0.033,0.703,0.263,0.9371,0.009060464799404144,0.027782589197158813,0.9631569981575012
0.057,0.851,0.092,0.7277,0.019883431494235992,0.2317255139350891,0.7483910918235779
0.202,0.697,0.101,-0.4367,0.9303867816925049,0.061292313039302826,0.008320917375385761
0.0,0.816,0.184,0.9932,0.05822332948446274,0.140861377120018,0.8009153008460999
0.126,0.821,0.053,-0.7241,0.8741565942764282,0.11336766928434372,0.012475699186325073
0.089,0.699,0.213,0.9804,0.17827898263931274,0.3357086777687073,0.48601233959198
0.186,0.768,0.047,-0.7517,0.9436621069908142,0.049672480672597885,0.006665357388556004
0.0,0.751,0.249,0.7879,0.0028885570354759693,0.010660987347364426,0.9864504337310791
0.024,0.826,0.151,0.9583,0.16195650398731232,0.2798100411891937,0.5582334399223328
0.116,0.699,0.186,0.527,0.018811127170920372,0.07810486853122711,0.9030839800834656
0.0,0.769,0.231,0.9508,0.005055323708802462,0.03397004306316376,0.9609746336936951
0.0,0.725,0.275,0.9594,0.0062017678283154964,0.018562152981758118,0.9752360582351685
0.0,0.816,0.184,0.6474,0.005759330466389656,0.035960692912340164,0.9582800269126892
0.0,0.676,0.324,0.9096,0.008320363238453865,0.037789713591337204,0.9538899064064026
0.074,0.479,0.447,0.9631,0.00681292824447155,0.033864088356494904,0.959322988986969
0.03,0.832,0.138,0.7339,0.28872328996658325,0.4002399742603302,0.31103670597076416
0.066,0.846,0.088,0.1779,0.007625982630997896,0.03038543276488781,0.961988627910614
0.138,0.729,0.133,0.1754,0.6425046324729919,0.2629081904888153,0.09458713978528976
0.043,0.787,0.169,0.9616,0.0415303111076355,0.1471686065196991,0.811301052570343
0.038,0.696,0.266,0.9465,0.006876169238239527,0.018332557752728462,0.9747912287712097
0.068,0.629,0.303,0.9554,0.008416496217250824,0.056026116013526917,0.9355573654174805
0.046,0.764,0.19,0.9091,0.01860121451318264,0.03761069104075432,0.9437881708145142
0.0,0.797,0.203,0.9703,0.00327159627340734,0.026655349880456924,0.9700731039047241
0.0,0.699,0.301,0.8844,0.0035585276782512665,0.012411680072546005,0.9840297698974609
0.0,0.943,0.057,0.2382,0.607954740524292,0.33142343163490295,0.06062185391783714
0.0,0.908,0.092,0.8834,0.01045955065637827,0.24299541115760803,0.7465450763702393
0.034,0.801,0.164,0.8945,0.6216850876808167,0.30931827425956726,0.06899665296077728
0.0,0.685,0.315,0.9529,0.0039549050852656364,0.027474375441670418,0.9685707092285156
0.0,0.833,0.167,0.5859,0.002917460398748517,0.011910681612789631,0.9851717948913574
0.0,0.832,0.168,0.7391,0.006291924510151148,0.02045234479010105,0.9732557535171509
0.0,0.905,0.095,0.5413,0.0035605982411652803,0.027137506753206253,0.9693018794059753
0.012,0.867,0.121,0.9258,0.00764138950034976,0.23790138959884644,0.7544572353363037
0.0,0.826,0.174,0.7264,0.00367506081238389,0.02011551335453987,0.9762094616889954
0.0,0.825,0.175,0.7901,0.00452724052593112,0.012763842940330505,0.9827089309692383
0.029,0.702,0.268,0.9756,0.003787283319979906,0.011478552594780922,0.9847341775894165
0.0,0.883,0.117,0.5994,0.004555556457489729,0.11396154761314392,0.8814828991889954
0.025,0.795,0.181,0.9691,0.0034354173112660646,0.06837275624275208,0.9281918406486511
0.07,0.816,0.115,0.444,0.01422187965363264,0.13435561954975128,0.8514224886894226
0.032,0.834,0.133,0.8481,0.0060387952253222466,0.04104334115982056,0.9529178142547607
0.035,0.856,0.11,0.5859,0.003732087556272745,0.03371806442737579,0.9625498056411743
0.0,0.668,0.332,0.9578,0.006584842223674059,0.015386014245450497,0.978029191493988
0.0,0.734,0.266,0.7839,0.003954299725592136,0.01590207777917385,0.9801436066627502
0.0,0.886,0.114,0.6157,0.008049237541854382,0.03451729193329811,0.9574334621429443
0.0,0.751,0.249,0.927,0.005367920733988285,0.019783640280365944,0.9748484492301941
0.0,0.64,0.36,0.9915,0.009037893265485764,0.023152880370616913,0.9678092002868652
0.047,0.763,0.19,0.8964,0.0058481753803789616,0.024392198771238327,0.9697596430778503
0.0,0.755,0.245,0.8772,0.003406410338357091,0.0317518375813961,0.9648417234420776
0.0,1.0,0.0,0.0,0.00400332547724247,0.04185372218489647,0.9541429281234741
0.056,0.7,0.244,0.8425,0.004951622802764177,0.01972902938723564,0.9753193855285645
0.0,0.799,0.201,0.944,0.003128707641735673,0.023212172091007233,0.9736591577529907
0.0,0.706,0.294,0.9131,0.010230131447315216,0.020148366689682007,0.9696215391159058
0.069,0.741,0.19,0.8445,0.0039171939715743065,0.02963448129594326,0.9664483070373535
0.0,0.822,0.178,0.8356,0.004595005884766579,0.026175307109951973,0.9692296385765076
0.0,0.816,0.184,0.9771,0.004221988841891289,0.020791705697774887,0.9749863743782043
0.0,0.878,0.122,0.9015,0.00439924793317914,0.01428365521132946,0.9813171625137329
0.0,0.647,0.353,0.8481,0.0025243100244551897,0.020336231216788292,0.977139413356781
0.0,0.673,0.327,0.9041,0.003722678404301405,0.012798667885363102,0.9834786653518677
0.0,0.753,0.247,0.802,0.005268200300633907,0.018091371282935143,0.9766404628753662
0.0,0.546,0.454,0.8957,0.0029682153835892677,0.012916133739054203,0.9841156601905823
0.0,0.625,0.375,0.9429,0.0021600418258458376,0.008718062192201614,0.9891218543052673
0.0,0.727,0.273,0.8173,0.006212966982275248,0.011908060871064663,0.981878936290741
0.079,0.777,0.144,0.9784,0.012010698206722736,0.045017778873443604,0.9429715275764465
0.0,0.88,0.12,0.7424,0.0038349246606230736,0.03809145838022232,0.958073616027832
0.034,0.742,0.224,0.9442,0.6534647941589355,0.2614328861236572,0.08510234951972961
0.0,0.805,0.195,0.4404,0.00395558075979352,0.04570185765624046,0.9503425359725952
0.112,0.628,0.26,0.8763,0.8463746309280396,0.13080769777297974,0.022817661985754967
0.0,0.828,0.172,0.8519,0.007289599161595106,0.026358220726251602,0.9663522243499756
0.0,0.769,0.231,0.802,0.0026414182502776384,0.014442699030041695,0.9829158782958984
0.016,0.939,0.045,0.5296,0.006989148911088705,0.07505849748849869,0.917952299118042
0.0,0.735,0.265,0.8893,0.005275041796267033,0.018056729808449745,0.9766681790351868
0.0,0.844,0.156,0.6124,0.09575378894805908,0.348065584897995,0.5561805963516235
0.052,0.829,0.119,0.4685,0.04117811843752861,0.27191630005836487,0.6869056224822998
0.035,0.77,0.194,0.836,0.08323436975479126,0.2163093090057373,0.7004563808441162
0.0,0.675,0.325,0.9101,0.004626845475286245,0.015004638582468033,0.9803685545921326
0.0,0.839,0.161,0.3612,0.012928633950650692,0.3569461405277252,0.6301252841949463
0.0,0.609,0.391,0.9712,0.002354799536988139,0.012416640296578407,0.9852285385131836
0.039,0.699,0.262,0.9287,0.003682805923745036,0.018234550952911377,0.9780826568603516
0.046,0.759,0.194,0.7184,0.003919847309589386,0.042407505214214325,0.9536727070808411
0.0,0.858,0.142,0.5848,0.003048607846722007,0.014325663447380066,0.9826257228851318
0.03,0.672,0.298,0.9567,0.01304044108837843,0.025910789147019386,0.9610487222671509
0.0,0.811,0.189,0.6369,0.005491817835718393,0.02799667976796627,0.9665115475654602
0.0,0.697,0.303,0.7602,0.016768110916018486,0.029834352433681488,0.9533975124359131
0.081,0.746,0.173,0.497,0.779379665851593,0.19003283977508545,0.030587533488869667
0.182,0.759,0.059,-0.687,0.005882729776203632,0.04586949571967125,0.9482478499412537
0.058,0.818,0.124,0.5411,0.13686899840831757,0.1140342578291893,0.7490967512130737
0.0,0.523,0.477,0.9163,0.004276405554264784,0.007962086237967014,0.9877614974975586
0.025,0.797,0.178,0.8126,0.014013783074915409,0.07802899926900864,0.9079572558403015
0.044,0.591,0.365,0.9725,0.011655718088150024,0.03512556105852127,0.9532187581062317
0.136,0.644,0.22,0.7177,0.014040286652743816,0.02895720675587654,0.9570024609565735
0.0,0.895,0.105,0.6115,0.0025790135841816664,0.029760776087641716,0.9676602482795715
0.0,0.674,0.326,0.9548,0.005079672671854496,0.009611504152417183,0.985308825969696
0.014,0.716,0.27,0.9726,0.016056818887591362,0.053159188479185104,0.9307839870452881
0.026,0.858,0.116,0.8299,0.008609121665358543,0.02987697161734104,0.9615139365196228
0.029,0.576,0.395,0.9795,0.01111800316721201,0.03581820800900459,0.9530637860298157
0.0,0.623,0.377,0.9231,0.00251887203194201,0.011288624256849289,0.986192524433136
0.077,0.503,0.42,0.8905,0.004764302168041468,0.01946287602186203,0.9757728576660156
0.0,0.838,0.162,0.7345,0.014194353483617306,0.0376453697681427,0.9481602311134338
0.02,0.81,0.169,0.9401,0.11476468294858932,0.3350291848182678,0.5502061247825623
0.091,0.659,0.251,0.831,0.003775198943912983,0.013314083218574524,0.982910692691803
0.015,0.823,0.162,0.9186,0.005043712444603443,0.028278201818466187,0.9666780829429626
0.0,0.896,0.104,0.6288,0.01273806020617485,0.07196905463933945,0.9152928590774536
0.0,0.78,0.22,0.765,0.012464141473174095,0.05412961542606354,0.9334062933921814
0.0,0.699,0.301,0.7845,0.008786664344370365,0.02510727569460869,0.9661060571670532
0.0,0.742,0.258,0.8805,0.04360123351216316,0.11935386061668396,0.837044894695282
0.014,0.809,0.177,0.9877,0.01422661729156971,0.11022339761257172,0.8755500316619873
0.0,0.817,0.183,0.9354,0.00481155700981617,0.019066527485847473,0.9761219024658203
0.0,0.88,0.12,0.4588,0.0027238980401307344,0.012601484544575214,0.9846746921539307
0.05,0.766,0.184,0.7575,0.003908577840775251,0.01404192391782999,0.9820495247840881
0.204,0.655,0.141,-0.2306,0.0034340329002588987,0.015696140006184578,0.9808698892593384
0.0,0.897,0.103,0.9197,0.018663562834262848,0.33342695236206055,0.6479095220565796
0.0,0.595,0.405,0.8173,0.004809243604540825,0.011797798797488213,0.9833928942680359
0.0,1.0,0.0,0.0,0.008378344587981701,0.09185675531625748,0.899764895439148
0.0,0.694,0.306,0.765,0.0052635748870670795,0.012840432114899158,0.981895923614502
0.0,0.735,0.265,0.8779,0.002549834083765745,0.020219720900058746,0.9772304892539978
0.0,0.744,0.256,0.9199,0.004169645719230175,0.0212387815117836,0.9745916128158569
0.021,0.885,0.093,0.5499,0.006162787321954966,0.054908186197280884,0.93892902135849
0.0,0.662,0.338,0.8475,0.0027742215897887945,0.0068320538848638535,0.9903936982154846
0.074,0.664,0.262,0.8909,0.7294098734855652,0.21813665330410004,0.05245345085859299
0.17,0.572,0.259,0.7853,0.1074608638882637,0.18353748321533203,0.7090016007423401
0.0,1.0,0.0,0.0,0.29792821407318115,0.44321396946907043,0.2588578164577484
0.043,0.659,0.297,0.9039,0.10886471718549728,0.18746317923069,0.7036721706390381
0.104,0.445,0.451,0.9502,0.0104219950735569,0.020813558250665665,0.9687644839286804
0.08,0.624,0.295,0.9379,0.3737567961215973,0.28067001700401306,0.34557318687438965
0.043,0.821,0.136,0.9818,0.09701212495565414,0.6184386014938354,0.2845492959022522
0.031,0.644,0.325,0.9709,0.03750329092144966,0.20403602719306946,0.7584606409072876
0.101,0.539,0.36,0.9462,0.027443664148449898,0.05661918967962265,0.9159371852874756
0.0,0.643,0.357,0.9313,0.007326859515160322,0.024894213303923607,0.9677789211273193
0.033,0.888,0.079,0.4536,0.00844781193882227,0.0890151709318161,0.9025370478630066
0.073,0.662,0.265,0.7717,0.010364459827542305,0.06226740777492523,0.9273681640625
0.0,0.699,0.301,0.926,0.00628938851878047,0.009651461616158485,0.9840590953826904
0.0,0.907,0.093,0.4898,0.012076346203684807,0.05087171494960785,0.9370519518852234
0.021,0.889,0.09,0.7935,0.06372285634279251,0.7448390126228333,0.19143810868263245
0.094,0.847,0.059,-0.2732,0.6497494578361511,0.28866830468177795,0.06158222258090973
0.0,0.731,0.269,0.8338,0.5622363686561584,0.31761103868484497,0.1201525405049324
0.035,0.68,0.285,0.9212,0.003951404243707657,0.02404019981622696,0.9720083475112915
0.0,0.579,0.421,0.9549,0.01052764430642128,0.08518403768539429,0.9042882919311523
0.276,0.724,0.0,-0.6517,0.8948268294334412,0.09498637169599533,0.010186782106757164
0.0,0.64,0.36,0.9537,0.002947942353785038,0.008063715882599354,0.9889883399009705
0.111,0.644,0.246,0.5118,0.035791005939245224,0.09473644942045212,0.8694725632667542
0.0,0.676,0.324,0.8625,0.005313688423484564,0.013574733398854733,0.9811115860939026
0.096,0.812,0.092,-0.0772,0.16158299148082733,0.4477134048938751,0.39070358872413635
0.059,0.912,0.029,-0.3668,0.8935083746910095,0.09930034726858139,0.007191220764070749
0.044,0.766,0.19,0.7954,0.752997636795044,0.2031514197587967,0.04385094717144966
0.034,0.799,0.166,0.9329,0.14736823737621307,0.3787972331047058,0.47383445501327515
0.0,0.891,0.109,0.5106,0.33129972219467163,0.535878598690033,0.13282166421413422
0.0,0.698,0.302,0.8316,0.010323502123355865,0.03490005061030388,0.9547764658927917
0.0,0.597,0.403,0.9257,0.004461748991161585,0.018706144765019417,0.9768320918083191
0.065,0.795,0.139,0.7964,0.6610499620437622,0.2863353490829468,0.052614711225032806
0.0,0.833,0.167,0.7906,0.009474197402596474,0.1421351581811905,0.8483905792236328
0.161,0.762,0.077,-0.8344,0.7962258458137512,0.18191562592983246,0.02185860089957714
0.0,0.866,0.134,0.4201,0.002906374866142869,0.04707714915275574,0.950016438961029
0.0,0.699,0.301,0.9262,0.006598383188247681,0.017458872869610786,0.9759426712989807
0.0,0.739,0.261,0.6486,0.012499398551881313,0.2230089008808136,0.7644916772842407
0.142,0.858,0.0,-0.357,0.4749319851398468,0.4755328595638275,0.049535203725099564
0.049,0.833,0.118,0.8238,0.13877815008163452,0.2983250617980957,0.5628967881202698
0.057,0.646,0.297,0.7699,0.19245055317878723,0.286810964345932,0.520738422870636
0.0,1.0,0.0,0.0,0.24627625942230225,0.6346689462661743,0.11905484646558762
0.0,0.738,0.262,0.8313,0.0025767290499061346,0.010843060910701752,0.9865801930427551
0.061,0.874,0.065,0.128,0.009145070798695087,0.28105705976486206,0.7097978591918945
0.0,0.801,0.199,0.8155,0.003302031196653843,0.0214218832552433,0.9752760529518127
0.063,0.725,0.212,0.8394,0.017962008714675903,0.12511523067951202,0.8569227457046509
0.042,0.763,0.195,0.7777,0.010845666751265526,0.03410967066884041,0.9550446271896362
0.102,0.746,0.152,0.8359,0.20675626397132874,0.2770744264125824,0.5161693096160889
0.0,0.838,0.162,0.8757,0.03340725600719452,0.13696357607841492,0.8296291828155518
0.0,0.725,0.275,0.9618,0.02550235576927662,0.06184232234954834,0.9126553535461426
0.025,0.896,0.078,0.9233,0.005739784799516201,0.02157157100737095,0.9726886749267578
0.112,0.826,0.062,-0.7959,0.8447860479354858,0.13499414920806885,0.020219851285219193
0.0,0.689,0.311,0.8858,0.0045539746060967445,0.028394266963005066,0.9670517444610596
0.0,0.647,0.353,0.8979,0.006372349336743355,0.012966071255505085,0.9806616306304932
0.023,0.866,0.11,0.9375,0.04987701028585434,0.5122368335723877,0.4378860890865326
0.042,0.842,0.116,0.8741,0.058805570006370544,0.3666682839393616,0.5745261311531067
0.042,0.797,0.161,0.9576,0.8362679481506348,0.14487893879413605,0.01885312795639038
0.025,0.849,0.126,0.9117,0.14781290292739868,0.3403036594390869,0.5118834376335144
0.0,0.806,0.194,0.8883,0.01224997453391552,0.18929678201675415,0.7984532117843628
0.0,0.774,0.226,0.807,0.0026982424315065145,0.016954660415649414,0.9803471565246582
0.0,0.929,0.071,0.3818,0.005902437958866358,0.02948666177690029,0.9646108746528625
0.0,0.71,0.29,0.9862,0.01827879250049591,0.0879657194018364,0.8937554359436035
0.0,0.777,0.223,0.8684,0.003058990463614464,0.018048124387860298,0.9788929224014282
0.209,0.724,0.068,-0.9432,0.8012667894363403,0.1631779670715332,0.03555520996451378
0.0,0.826,0.174,0.8802,0.015903595834970474,0.03770757466554642,0.946388840675354
0.0,0.777,0.223,0.9476,0.023536521941423416,0.08060955256223679,0.8958539366722107
0.0,0.678,0.322,0.9221,0.23561835289001465,0.3157208561897278,0.4486607313156128
0.055,0.824,0.121,0.6817,0.004101158119738102,0.1222066655755043,0.8736922144889832
0.05,0.792,0.158,0.7964,0.010485627688467503,0.04592030122876167,0.9435940980911255
0.0,0.383,0.617,0.9834,0.0025170769076794386,0.00920693576335907,0.988275945186615
0.125,0.743,0.132,0.0516,0.0506054051220417,0.13204587996006012,0.8173486590385437
0.1,0.78,0.12,-0.3425,0.01990361511707306,0.15080250799655914,0.8292939066886902
0.0,0.663,0.337,0.7974,0.004090635571628809,0.014502549543976784,0.9814068078994751
0.143,0.751,0.106,-0.6449,0.3249422609806061,0.39861753582954407,0.2764401435852051
0.055,0.803,0.142,0.8603,0.20590363442897797,0.23935557901859283,0.5547407865524292
0.085,0.738,0.178,0.5267,0.5901024341583252,0.19878272712230682,0.21111488342285156
0.104,0.784,0.112,-0.1163,0.016363000497221947,0.04190221428871155,0.941734790802002
0.0,0.765,0.235,0.9374,0.004364928230643272,0.007252267561852932,0.9883827567100525
0.0,0.776,0.224,0.8928,0.005706716328859329,0.015030230395495892,0.9792630076408386
0.0,0.675,0.325,0.8798,0.0034314042422920465,0.008715243078768253,0.9878534078598022
0.029,0.845,0.126,0.9464,0.12319156527519226,0.29773762822151184,0.5790708065032959
0.077,0.812,0.111,0.6897,0.6662197709083557,0.25595149397850037,0.07782869786024094
0.039,0.869,0.092,0.4404,0.8533294200897217,0.13120697438716888,0.015463621355593204
0.041,0.959,0.0,-0.2498,0.42143064737319946,0.520552396774292,0.05801698938012123
0.1,0.68,0.22,0.4588,0.7851939797401428,0.20116184651851654,0.013644176535308361
0.05,0.83,0.12,0.856,0.06697991490364075,0.28278276324272156,0.6502373218536377
0.103,0.637,0.261,0.9545,0.041859593242406845,0.0785389319062233,0.8796014785766602
0.024,0.786,0.19,0.977,0.005658858921378851,0.0620075948536396,0.9323335886001587
0.0,0.715,0.285,0.9568,0.029512008652091026,0.068423792719841,0.9020642042160034
0.0,0.556,0.444,0.9412,0.004229833371937275,0.01293726172298193,0.9828329682350159
0.0,0.855,0.145,0.6975,0.004507342353463173,0.04002445563673973,0.9554682374000549
0.0,0.775,0.225,0.8331,0.01034042052924633,0.05029973015189171,0.9393597841262817
0.0,0.683,0.317,0.9825,0.012275435030460358,0.049116168171167374,0.9386084079742432
0.019,0.843,0.138,0.873,0.2328210175037384,0.655887246131897,0.11129172146320343
0.091,0.816,0.093,0.024,0.004924966022372246,0.025846371427178383,0.9692286252975464
0.0,0.869,0.131,0.6116,0.015097778290510178,0.1277080625295639,0.8571941256523132
0.031,0.638,0.331,0.9448,0.012704966589808464,0.03498345613479614,0.9523115754127502
0.0,0.765,0.235,0.8775,0.0028166205156594515,0.011277048848569393,0.9859063625335693
0.0,0.894,0.106,0.69,0.36354902386665344,0.33608773350715637,0.3003632426261902
0.108,0.681,0.211,0.8843,0.01551929023116827,0.03152455762028694,0.9529561400413513
0.024,0.794,0.181,0.8441,0.0520578995347023,0.10038724541664124,0.8475548624992371
0.0,0.837,0.163,0.8126,0.022711923345923424,0.16928425431251526,0.8080037832260132
0.147,0.601,0.252,0.5411,0.007809443864971399,0.09529419243335724,0.8968963623046875
0.0,0.809,0.191,0.8555,0.0024433578364551067,0.02216331474483013,0.9753933548927307
0.0,0.804,0.196,0.9393,0.0037254297640174627,0.016730375587940216,0.9795442223548889
0.104,0.841,0.055,-0.3276,0.8129922747612,0.1466675102710724,0.04034019634127617
0.0,0.582,0.418,0.9099,0.010350335389375687,0.014741485938429832,0.974908173084259
0.0,0.676,0.324,0.8872,0.004864560440182686,0.010923430323600769,0.9842119812965393
0.0,0.835,0.165,0.927,0.003980839625000954,0.10499720275402069,0.8910219073295593
0.067,0.768,0.166,0.8334,0.003888132283464074,0.015953561291098595,0.980158269405365
0.094,0.738,0.168,0.2023,0.022934649139642715,0.178768590092659,0.7982968091964722
0.027,0.834,0.139,0.7504,0.004666880238801241,0.015759877860546112,0.9795732498168945
0.0,0.677,0.323,0.9071,0.005098438356071711,0.02666887454688549,0.9682326316833496
0.026,0.871,0.104,0.9214,0.0075832549482584,0.21263395249843597,0.7797828316688538
0.023,0.863,0.114,0.7676,0.5566425323486328,0.40351176261901855,0.03984570875763893
0.0,0.751,0.249,0.8621,0.0968727171421051,0.24197585880756378,0.6611513495445251
0.057,0.643,0.299,0.8893,0.005260706879198551,0.012524486519396305,0.9822148680686951
0.0,0.701,0.299,0.7695,0.0031429643277078867,0.009557231329381466,0.9872998595237732
0.055,0.871,0.074,0.5133,0.3054383397102356,0.4488840699195862,0.24567760527133942
0.067,0.774,0.159,0.7164,0.020884551107883453,0.07101066410541534,0.9081047773361206
0.068,0.864,0.068,-0.2382,0.8493924140930176,0.13107924163341522,0.019528375938534737
0.02,0.839,0.142,0.9246,0.3817431628704071,0.38498398661613464,0.23327286541461945
0.046,0.635,0.319,0.9533,0.0033659671898931265,0.014897510409355164,0.9817365407943726
0.0,0.685,0.315,0.8481,0.005066372454166412,0.02096892148256302,0.9739646911621094
0.121,0.636,0.243,0.8159,0.025887316092848778,0.05557670071721077,0.9185360074043274
0.0,1.0,0.0,0.0,0.009860716760158539,0.0825890377163887,0.9075502753257751
0.0,0.876,0.124,0.9889,0.010252448730170727,0.0725441426038742,0.9172033667564392
0.059,0.74,0.201,0.6167,0.0110356779769063,0.021756527945399284,0.9672078490257263
0.041,0.714,0.246,0.8157,0.012071032077074051,0.038616303354501724,0.949312686920166
0.033,0.819,0.148,0.6988,0.01009593065828085,0.022817375138401985,0.9670867323875427
0.0,1.0,0.0,0.0,0.7239524126052856,0.23789922893047333,0.03814835473895073
0.0,0.488,0.512,0.9803,0.006429846864193678,0.009066279046237469,0.9845038652420044
0.036,0.858,0.105,0.6478,0.009293640963733196,0.09781035780906677,0.8928959965705872
0.0,0.629,0.371,0.9081,0.004247825592756271,0.025330407544970512,0.9704217314720154
0.031,0.82,0.149,0.8605,0.015031615272164345,0.030293986201286316,0.9546743631362915
0.031,0.778,0.191,0.8513,0.05976567044854164,0.5600724220275879,0.3801618218421936
0.0,0.854,0.146,0.8768,0.620167076587677,0.3128799498081207,0.06695294380187988
0.246,0.754,0.0,-0.7351,0.9373818635940552,0.05512122064828873,0.007496923673897982
0.0,0.884,0.116,0.6124,0.4258978068828583,0.47141343355178833,0.10268877446651459
0.14,0.698,0.163,0.1904,0.7190819978713989,0.24216853082180023,0.03874943032860756
0.0,0.655,0.345,0.8591,0.003939596936106682,0.015983087942004204,0.9800772666931152
0.0,0.801,0.199,0.9168,0.002870348282158375,0.01568908803164959,0.981440544128418
0.0,0.881,0.119,0.6369,0.00353135634213686,0.05555498227477074,0.940913736820221
0.0,0.707,0.293,0.8507,0.0026250050868839025,0.008928127586841583,0.9884468913078308
0.091,0.774,0.135,0.6772,0.05653850734233856,0.16317467391490936,0.7802868485450745
0.0,0.669,0.331,0.836,0.00539972772821784,0.010423754341900349,0.984176516532898
0.095,0.766,0.14,0.909,0.07322495430707932,0.5890002846717834,0.33777472376823425
0.103,0.767,0.13,0.3818,0.7363328337669373,0.21482479572296143,0.04884231835603714
0.0,0.847,0.153,0.4404,0.004713351838290691,0.016617823392152786,0.9786688089370728
0.0,0.95,0.05,0.3506,0.0512593537569046,0.4380248486995697,0.5107157826423645
0.053,0.785,0.162,0.7968,0.005595278460532427,0.034268926829099655,0.960135817527771
0.045,0.774,0.181,0.7506,0.271176278591156,0.3943975567817688,0.33442622423171997
0.027,0.84,0.133,0.8552,0.6313061714172363,0.3019692897796631,0.06672444939613342
0.0,0.662,0.338,0.8655,0.0026109216269105673,0.011866897344589233,0.9855221509933472
0.0,0.696,0.304,0.8066,0.0033874320797622204,0.01815989799797535,0.9784526228904724
0.045,0.612,0.343,0.948,0.003969377372413874,0.02962294965982437,0.9664076566696167
0.0,0.824,0.176,0.6892,0.005145925562828779,0.01627991907298565,0.9785741567611694
0.085,0.86,0.055,-0.5371,0.8227529525756836,0.16260655224323273,0.014640450477600098
0.0,0.677,0.323,0.8591,0.0022585741244256496,0.020848847925662994,0.9768925905227661
0.0,0.786,0.214,0.9366,0.0033372945617884398,0.021663963794708252,0.9749987125396729
0.08,0.728,0.192,0.8736,0.01549699530005455,0.10374702513217926,0.8807559609413147
0.0,0.699,0.301,0.8847,0.011487229727208614,0.0413055345416069,0.9472072124481201
0.0,0.851,0.149,0.6588,0.004878913518041372,0.025968896225094795,0.9691521525382996
0.108,0.705,0.187,0.6468,0.017083534970879555,0.05646410956978798,0.9264523386955261
0.045,0.718,0.237,0.976,0.058455690741539,0.3082772195339203,0.6332671046257019
0.176,0.824,0.0,-0.7351,0.9461676478385925,0.046296726912260056,0.007535628508776426
0.049,0.816,0.135,0.7579,0.7519355416297913,0.22597891092300415,0.022085539996623993
0.036,0.763,0.201,0.8866,0.7589505910873413,0.20886746048927307,0.03218192979693413
0.076,0.819,0.105,0.8667,0.5159740447998047,0.38223111629486084,0.10179483145475388
0.135,0.614,0.251,0.6533,0.7504351735115051,0.19944046437740326,0.0501244030892849
0.134,0.56,0.306,0.5574,0.913979172706604,0.07780282199382782,0.00821799784898758
0.087,0.713,0.2,0.676,0.8634594678878784,0.11819309741258621,0.01834735833108425
0.193,0.732,0.076,-0.8779,0.07085075229406357,0.13813406229019165,0.7910152077674866
0.082,0.849,0.068,-0.1275,0.9203195571899414,0.07068581134080887,0.008994591422379017
0.015,0.818,0.166,0.9616,0.013818195089697838,0.16602684557437897,0.8201549649238586
0.019,0.92,0.061,0.573,0.06252969801425934,0.25359097123146057,0.6838793158531189
0.0,1.0,0.0,0.0,0.09264730662107468,0.7113283276557922,0.19602441787719727
0.021,0.862,0.116,0.8658,0.007393448613584042,0.050519298762083054,0.9420872926712036
0.034,0.902,0.064,0.7447,0.011293363757431507,0.12715643644332886,0.8615501523017883
0.041,0.736,0.222,0.9659,0.007379062008112669,0.020912107080221176,0.9717088341712952
0.0,0.846,0.154,0.6369,0.011258145794272423,0.03787580877542496,0.9508660435676575
0.031,0.853,0.116,0.9133,0.5931626558303833,0.27369439601898193,0.13314296305179596
0.0,0.739,0.261,0.7469,0.04952457919716835,0.20764316618442535,0.7428321838378906
0.06,0.843,0.097,0.5574,0.014990154653787613,0.04521411657333374,0.939795732498169
0.068,0.722,0.21,0.9393,0.004257584922015667,0.028249260038137436,0.9674931764602661
0.046,0.701,0.253,0.9045,0.012876971624791622,0.0342092402279377,0.9529138207435608
0.0,0.838,0.162,0.9484,0.004356488585472107,0.04957951605319977,0.9460639357566833
0.0,0.674,0.326,0.8479,0.003749249503016472,0.015192913822829723,0.98105788230896
0.028,0.924,0.047,0.128,0.426537424325943,0.48408442735671997,0.08937811851501465
0.0,0.828,0.172,0.4404,0.00760377524420619,0.053409598767757416,0.9389866590499878
0.078,0.672,0.25,0.6808,0.004519657231867313,0.014097506180405617,0.9813827872276306
0.066,0.786,0.148,0.7175,0.006135805509984493,0.02477557212114334,0.9690886735916138
0.14,0.646,0.214,0.5432,0.006041525397449732,0.026792487129569054,0.967166006565094
0.043,0.772,0.185,0.6808,0.006878694985061884,0.03737644478678703,0.9557448625564575
0.093,0.75,0.157,0.5857,0.04176049306988716,0.045754894614219666,0.9124846458435059
0.035,0.742,0.223,0.9374,0.15978336334228516,0.19046083092689514,0.6497557759284973
0.046,0.796,0.158,0.922,0.01700465753674507,0.1341320425271988,0.8488633036613464
0.0,0.744,0.256,0.836,0.005462713073939085,0.013165020383894444,0.9813722372055054
0.03,0.691,0.279,0.9936,0.09117383509874344,0.3433015048503876,0.5655246376991272
0.089,0.773,0.139,0.947,0.1578163355588913,0.45209991931915283,0.39008376002311707
0.039,0.809,0.153,0.7351,0.005134981125593185,0.04262516647577286,0.9522398114204407
0.0,0.899,0.101,0.5719,0.00495327590033412,0.06767033785581589,0.927376389503479
0.0,0.793,0.207,0.9653,0.006210530176758766,0.020231742411851883,0.9735577702522278
0.0,0.628,0.372,0.9779,0.005015205591917038,0.01986682042479515,0.9751179218292236
0.0,0.582,0.418,0.9723,0.020657770335674286,0.07346194982528687,0.9058802723884583
0.031,0.723,0.245,0.9418,0.004247811622917652,0.01650230586528778,0.979249894618988
0.0,0.802,0.198,0.9583,0.01886020042002201,0.09667579084634781,0.8844640254974365
0.056,0.775,0.169,0.527,0.01352736260741949,0.07664818316698074,0.9098244905471802
0.0,0.759,0.241,0.7696,0.20927639305591583,0.3526836037635803,0.43804001808166504
0.019,0.767,0.214,0.9093,0.04686477780342102,0.06672009080648422,0.8864151239395142
0.016,0.734,0.25,0.9575,0.003995717968791723,0.02067127451300621,0.9753329753875732
0.081,0.767,0.152,0.7911,0.26308000087738037,0.3040166199207306,0.43290337920188904
0.127,0.733,0.14,0.323,0.365850567817688,0.2977589964866638,0.3363904654979706
0.096,0.828,0.076,-0.4595,0.01154609490185976,0.05029362067580223,0.9381603002548218
0.0,0.727,0.273,0.9588,0.0027853872161358595,0.014527467079460621,0.9826871752738953
0.071,0.714,0.214,0.6361,0.0034917774610221386,0.014270970597863197,0.9822372794151306
0.085,0.864,0.051,-0.4039,0.9361286759376526,0.05818697810173035,0.005684370640665293
0.102,0.85,0.048,-0.8558,0.2553286552429199,0.29588666558265686,0.44878464937210083
0.139,0.828,0.033,-0.8101,0.9136710166931152,0.07916416972875595,0.0071648238226771355
0.0,0.687,0.313,0.906,0.0026625737082213163,0.012335751205682755,0.9850016832351685
0.0,0.706,0.294,0.9761,0.00458891224116087,0.01226270105689764,0.9831483364105225
0.206,0.742,0.052,-0.7407,0.054657768458127975,0.12593567371368408,0.8194066286087036
0.11,0.78,0.111,0.0127,0.15168562531471252,0.17853468656539917,0.6697796583175659
0.07,0.637,0.293,0.8276,0.031021326780319214,0.09741652011871338,0.8715621829032898
0.0,0.615,0.385,0.926,0.0031014082487672567,0.00922644603997469,0.9876722097396851
0.0,0.761,0.239,0.8455,0.004632167983800173,0.017734304070472717,0.977633535861969
0.033,0.812,0.154,0.9907,0.3760046362876892,0.5367459654808044,0.08724941313266754
0.013,0.811,0.175,0.9869,0.008376266807317734,0.05232591927051544,0.9392978549003601
0.042,0.823,0.135,0.8378,0.010837896727025509,0.043133366852998734,0.9460287094116211
0.0,0.877,0.123,0.8949,0.009294694289565086,0.05215035378932953,0.9385549426078796
0.1,0.757,0.144,0.8346,0.05078669637441635,0.1490166038274765,0.800196647644043
0.11,0.701,0.189,0.8016,0.6385093331336975,0.27965518832206726,0.08183545619249344
0.033,0.847,0.12,0.9444,0.010203340090811253,0.11780737340450287,0.8719892501831055
0.041,0.809,0.15,0.9909,0.05540574714541435,0.36016419529914856,0.5844300389289856
0.069,0.832,0.099,0.2732,0.7696516513824463,0.18932847678661346,0.04101986810564995
0.131,0.746,0.123,0.1506,0.9314442873001099,0.05563889816403389,0.012916804291307926
0.042,0.856,0.102,0.9481,0.032363440841436386,0.5768288373947144,0.3908076882362366
0.0,0.786,0.214,0.7959,0.008248948492109776,0.043383415788412094,0.9483676552772522
0.112,0.641,0.247,0.9506,0.7607874870300293,0.1725161224603653,0.066696397960186
0.099,0.696,0.205,0.2905,0.9091461896896362,0.08318411558866501,0.0076697831973433495
0.041,0.878,0.081,0.8509,0.006460130680352449,0.04765106737613678,0.9458887577056885
0.0,0.886,0.114,0.7456,0.0033332144375890493,0.13320322334766388,0.8634635806083679
0.115,0.712,0.173,0.6193,0.5678954124450684,0.33417296409606934,0.09793160855770111
0.059,0.719,0.222,0.8678,0.04579053446650505,0.16209667921066284,0.7921128273010254
0.029,0.925,0.046,0.296,0.08787333965301514,0.6728042364120483,0.23932240903377533
0.087,0.626,0.287,0.9462,0.005392837338149548,0.046508487313985825,0.9480986595153809
0.107,0.759,0.134,0.0772,0.017886733636260033,0.08077695965766907,0.9013363122940063
0.154,0.78,0.066,-0.7708,0.8617649674415588,0.11326510459184647,0.02496998943388462
0.009,0.835,0.156,0.9793,0.3049080967903137,0.6014665365219116,0.09362539649009705
0.091,0.749,0.16,0.5697,0.025559505447745323,0.23838907480239868,0.7360514402389526
0.011,0.676,0.313,0.9938,0.028344837948679924,0.1301547735929489,0.8415004014968872
0.047,0.83,0.123,0.8943,0.011781117878854275,0.05171504244208336,0.9365038871765137
0.128,0.661,0.211,0.8735,0.010123086161911488,0.0370081290602684,0.9528687596321106
0.042,0.746,0.212,0.9506,0.024367498233914375,0.07091398537158966,0.9047185182571411
0.032,0.707,0.261,0.987,0.00951867364346981,0.03684209659695625,0.9536392092704773
0.062,0.888,0.05,-0.2489,0.5981540083885193,0.2895573675632477,0.11228862404823303
0.122,0.695,0.183,0.9526,0.03455173596739769,0.2483072578907013,0.7171410322189331
0.016,0.759,0.225,0.9663,0.004072597250342369,0.05001019313931465,0.9459172487258911
0.069,0.563,0.368,0.9829,0.02399577759206295,0.06085929274559021,0.9151449203491211
0.017,0.844,0.139,0.9598,0.04779600352048874,0.3582444190979004,0.5939595103263855
0.0,0.794,0.206,0.9336,0.0067840502597391605,0.16536496579647064,0.8278509378433228
0.0,0.759,0.241,0.6597,0.003421773901209235,0.15957403182983398,0.8370041847229004
0.174,0.826,0.0,-0.4201,0.849603533744812,0.14074459671974182,0.009651873260736465
0.0,0.737,0.263,0.8519,0.005615419242531061,0.036258265376091,0.9581263661384583
0.059,0.717,0.224,0.9789,0.02361726202070713,0.16716057062149048,0.8092222213745117
0.036,0.964,0.0,-0.2498,0.3011806011199951,0.6243312954902649,0.0744880735874176
0.066,0.849,0.085,0.4497,0.8514412045478821,0.13733331859111786,0.011225445196032524
0.0,0.852,0.148,0.9701,0.004939761012792587,0.040866538882255554,0.9541937112808228
0.037,0.928,0.035,-0.0516,0.3068084716796875,0.48375457525253296,0.20943689346313477
0.151,0.785,0.063,-0.4404,0.9295293092727661,0.06326016783714294,0.0072105457074940205
0.083,0.736,0.182,0.8605,0.008570446632802486,0.06109059602022171,0.930338978767395
0.068,0.876,0.056,-0.3044,0.7693265080451965,0.2177666276693344,0.0129068773239851
0.036,0.862,0.102,0.9184,0.0035641766153275967,0.029650317505002022,0.9667854905128479
0.036,0.842,0.121,0.9423,0.7453539371490479,0.22871027886867523,0.025935811921954155
0.0,0.711,0.289,0.9349,0.0034642296377569437,0.05367515608668327,0.9428606033325195
0.072,0.785,0.144,0.4926,0.0054143453016877174,0.02883184514939785,0.9657537937164307
0.055,0.921,0.024,-0.2111,0.03198249265551567,0.31376153230667114,0.6542559862136841
0.0,1.0,0.0,0.0,0.9219589829444885,0.07066681981086731,0.007374159526079893
0.0,0.708,0.292,0.8658,0.003846699371933937,0.025664588436484337,0.9704886674880981
0.04,0.812,0.148,0.7404,0.8818891644477844,0.10609705746173859,0.012013780884444714
0.072,0.844,0.084,0.396,0.07326729595661163,0.16324298083782196,0.7634897232055664
0.0,0.892,0.108,0.4404,0.004828557372093201,0.016318870708346367,0.9788525700569153
0.106,0.804,0.09,0.1302,0.0777859315276146,0.27040180563926697,0.6518123149871826
0.113,0.817,0.07,-0.6382,0.7832234501838684,0.17037992179393768,0.04639662057161331
0.0,0.807,0.193,0.9509,0.24161440134048462,0.40295904874801636,0.3554266393184662
0.055,0.945,0.0,-0.4997,0.027358615770936012,0.10551857203245163,0.8671228289604187
0.006,0.857,0.137,0.9819,0.04672463610768318,0.38475310802459717,0.5685222744941711
0.0,0.878,0.122,0.7462,0.008928924798965454,0.10541503131389618,0.8856560587882996
0.0,0.855,0.145,0.7964,0.003893702058121562,0.016126584261655807,0.9799797534942627
0.083,0.798,0.119,0.5774,0.019253812730312347,0.0670967698097229,0.9136493802070618
0.053,0.89,0.057,0.0352,0.009894534014165401,0.07843775302171707,0.9116676449775696
0.087,0.878,0.035,-0.5055,0.2483336478471756,0.2627309262752533,0.4889354705810547
0.05,0.742,0.209,0.6997,0.05541648715734482,0.33638936281204224,0.6081941723823547
0.024,0.863,0.113,0.7733,0.27989518642425537,0.4946224093437195,0.22548243403434753
0.0,0.856,0.144,0.6369,0.034204207360744476,0.3144819140434265,0.651313841342926
0.052,0.887,0.062,0.0093,0.011021447367966175,0.31362247467041016,0.6753561496734619
0.058,0.78,0.163,0.9485,0.017027579247951508,0.1276933252811432,0.8552790880203247
0.0,0.688,0.312,0.9499,0.007919100113213062,0.0330495722591877,0.959031343460083
0.029,0.931,0.041,0.614,0.33243876695632935,0.5473386645317078,0.12022263556718826
0.031,0.791,0.178,0.8419,0.017987610772252083,0.09428271651268005,0.8877297043800354
0.086,0.761,0.153,0.8478,0.00687907449901104,0.10447602719068527,0.8886449337005615
0.0,0.861,0.139,0.9282,0.009266471490263939,0.13851486146450043,0.8522186279296875
0.0,0.732,0.268,0.9631,0.012565474025905132,0.04031620919704437,0.94711834192276
0.0,0.68,0.32,0.765,0.0048973653465509415,0.02131044678390026,0.9737921953201294
0.047,0.881,0.072,0.3182,0.8894787430763245,0.09997186809778214,0.010549461469054222
0.0,0.884,0.116,0.4939,0.020162872970104218,0.17188411951065063,0.8079530596733093
0.031,0.969,0.0,-0.296,0.07615803927183151,0.818092942237854,0.1057489737868309
0.096,0.84,0.063,-0.5267,0.7806822061538696,0.17337225377559662,0.045945607125759125
0.028,0.889,0.084,0.4939,0.2415211796760559,0.6199141144752502,0.13856467604637146
0.122,0.781,0.097,-0.3086,0.29234394431114197,0.6441937685012817,0.06346231698989868
0.032,0.827,0.141,0.8713,0.11198517680168152,0.5872969627380371,0.30071786046028137
0.061,0.794,0.145,0.5719,0.05083708465099335,0.12127907574176788,0.8278838992118835
0.061,0.763,0.176,0.7088,0.03768635913729668,0.13495641946792603,0.8273572325706482
0.0,0.727,0.273,0.9689,0.0044418624602258205,0.014036918058991432,0.9815211892127991
0.0,0.783,0.217,0.9687,0.003595478367060423,0.017815222963690758,0.9785892367362976
0.0,0.764,0.236,0.9595,0.0038848358672112226,0.0348014198243618,0.9613137245178223
0.062,0.615,0.323,0.9875,0.44132205843925476,0.28179630637168884,0.2768816351890564
0.0,0.76,0.24,0.9274,0.05804586037993431,0.3048264980316162,0.637127697467804
0.0,0.657,0.343,0.91,0.005073608830571175,0.022451313212513924,0.9724751114845276
0.0,0.687,0.313,0.8966,0.005456504877656698,0.03807351365685463,0.9564699530601501
0.0,0.68,0.32,0.873,0.002327170455828309,0.0122581347823143,0.9854147434234619
0.0,0.776,0.224,0.8321,0.005477435886859894,0.022933267056941986,0.9715893268585205
0.0,0.655,0.345,0.9835,0.002097163815051317,0.018844710662961006,0.9790580868721008
0.037,0.727,0.236,0.9614,0.006054119672626257,0.07395364344120026,0.9199922680854797
0.028,0.852,0.12,0.8357,0.05071862414479256,0.21188585460186005,0.7373955249786377
0.056,0.791,0.152,0.8434,0.44981518387794495,0.23012129962444305,0.3200635313987732
0.179,0.735,0.086,-0.5526,0.005484978202730417,0.013324761763215065,0.9811903238296509
0.041,0.863,0.096,0.9107,0.7109395265579224,0.2519824802875519,0.03707799315452576
0.0,0.545,0.455,0.9491,0.004000354092568159,0.00902203656733036,0.9869776368141174
0.055,0.665,0.28,0.8685,0.004431114997714758,0.01622042804956436,0.9793484210968018
0.0,0.838,0.162,0.9201,0.004001612775027752,0.03061627596616745,0.9653821587562561
0.0,0.625,0.375,0.969,0.03339816629886627,0.14601440727710724,0.8205874562263489
0.045,0.72,0.235,0.9397,0.005255837459117174,0.016598490998148918,0.9781457185745239
0.0,0.908,0.092,0.7701,0.008908526040613651,0.06335701048374176,0.9277344346046448
0.022,0.751,0.228,0.9551,0.038247741758823395,0.11352206766605377,0.8482301831245422
0.0,0.796,0.204,0.8588,0.0039663854986429214,0.02171565406024456,0.9743179678916931
0.118,0.646,0.236,0.5063,0.006439657881855965,0.008525097742676735,0.9850351810455322
0.073,0.741,0.185,0.5951,0.06811980903148651,0.10693339258432388,0.8249468207359314
0.0,0.656,0.344,0.8126,0.0020580864511430264,0.011131891049444675,0.9868100881576538
0.069,0.809,0.122,0.8283,0.011447071097791195,0.09097406268119812,0.8975788950920105
0.08,0.714,0.206,0.8598,0.016690760850906372,0.03102603740990162,0.9522832632064819
0.0,0.709,0.291,0.8126,0.0017816292820498347,0.013293730095028877,0.9849246144294739
0.023,0.617,0.36,0.9736,0.006675625219941139,0.01471010036766529,0.9786142706871033
0.0,0.693,0.307,0.8679,0.0035084630362689495,0.011435126885771751,0.9850563406944275
0.0,0.661,0.339,0.9584,0.15231698751449585,0.1817360371351242,0.6659470200538635
0.026,0.886,0.087,0.6014,0.4986061155796051,0.34982216358184814,0.15157172083854675
0.131,0.792,0.077,-0.2617,0.8619150519371033,0.12423765659332275,0.01384731475263834
0.07,0.767,0.162,0.9515,0.13577748835086823,0.3094678223133087,0.5547547340393066
0.0,0.621,0.379,0.9042,0.0051518892869353294,0.026622101664543152,0.9682260751724243
0.037,0.607,0.356,0.9803,0.012338487431406975,0.042819734662771225,0.9448418021202087
0.0,0.609,0.391,0.9677,0.0026038452051579952,0.007445225957781076,0.989950954914093
0.0,0.833,0.167,0.7933,0.006239800248295069,0.022564487531781197,0.9711957573890686
0.0,0.462,0.538,0.963,0.004619878716766834,0.010432704351842403,0.9849473834037781
0.0,0.535,0.465,0.9413,0.0021405129227787256,0.00936701986938715,0.988492488861084
0.092,0.774,0.134,0.4754,0.8313370943069458,0.1497592329978943,0.018903611227869987
0.0,0.735,0.265,0.9387,0.004620244260877371,0.023945830762386322,0.9714339375495911
0.083,0.639,0.278,0.7351,0.004031018353998661,0.03082873858511448,0.9651402235031128
0.0,0.695,0.305,0.908,0.002665179315954447,0.011095503345131874,0.9862392544746399
0.025,0.882,0.093,0.944,0.04539379104971886,0.37178710103034973,0.5828191637992859
0.119,0.661,0.221,0.8284,0.3400636911392212,0.2808918356895447,0.37904444336891174
0.033,0.813,0.155,0.8513,0.006813765503466129,0.022703198716044426,0.9704830646514893
0.008,0.938,0.053,0.846,0.021798335015773773,0.11453896760940552,0.8636626601219177
0.109,0.631,0.26,0.6724,0.03850063309073448,0.09643498063087463,0.8650643825531006
0.028,0.663,0.309,0.9511,0.007192452438175678,0.02981935814023018,0.9629881381988525
0.088,0.836,0.076,-0.1615,0.0033747840207070112,0.042806241661310196,0.9538189768791199
0.029,0.831,0.14,0.9501,0.029666826128959656,0.202410027384758,0.76792311668396
0.035,0.843,0.122,0.8625,0.0034845375921577215,0.06333398818969727,0.9331814646720886
0.0,0.748,0.252,0.9381,0.00217150105163455,0.03929639235138893,0.9585320949554443
0.012,0.823,0.165,0.9603,0.006126341409981251,0.054837606847286224,0.9390360116958618
0.0,0.913,0.087,0.6369,0.004660287406295538,0.029444606974720955,0.9658951163291931
0.045,0.712,0.243,0.9671,0.04500574246048927,0.09562873840332031,0.8593655228614807
0.0,0.53,0.47,0.944,0.002683506114408374,0.008472433313727379,0.9888440370559692
0.0,0.773,0.227,0.8481,0.0022067574318498373,0.025650596246123314,0.9721426367759705
0.028,0.847,0.125,0.6998,0.009481805376708508,0.09218309074640274,0.8983350992202759
0.0,0.632,0.368,0.9459,0.003929592203348875,0.02198496088385582,0.9740855097770691
0.0,0.76,0.24,0.8779,0.006532031111419201,0.047812242060899734,0.9456557035446167
0.077,0.776,0.147,0.6588,0.21273191273212433,0.4737778902053833,0.3134901523590088
0.031,0.706,0.263,0.9346,0.010098638013005257,0.03877977654337883,0.9511215686798096
0.0,0.718,0.282,0.9577,0.002684489358216524,0.037372659891843796,0.9599428176879883
0.085,0.793,0.122,0.7508,0.5014154314994812,0.3192358911037445,0.1793486773967743
0.0,0.684,0.316,0.9949,0.00980782974511385,0.02828381396830082,0.9619082808494568
0.0,0.641,0.359,0.9809,0.011097433976829052,0.03552303835749626,0.9533795118331909
0.0,0.712,0.288,0.8658,0.0061676097102463245,0.035989899188280106,0.9578424692153931
0.021,0.897,0.082,0.8058,0.00749925896525383,0.04074531048536301,0.9517554640769958
0.0,0.724,0.276,0.8932,0.0037828413769602776,0.012849382124841213,0.9833678007125854
0.0,0.837,0.163,0.8932,0.015578311868011951,0.08044532686471939,0.9039763808250427
0.0,0.872,0.128,0.6588,0.0661226138472557,0.30516454577445984,0.6287127733230591
0.0,0.886,0.114,0.6597,0.23572830855846405,0.33056309819221497,0.4337085485458374
0.04,0.764,0.197,0.8933,0.007293157745152712,0.042660992592573166,0.9500458240509033
0.067,0.568,0.366,0.9458,0.004604460205882788,0.02096165530383587,0.9744338989257812
0.0,0.763,0.237,0.9546,0.3068559169769287,0.33118000626564026,0.36196404695510864
0.068,0.89,0.042,-0.1779,0.5737795233726501,0.3895134925842285,0.036707036197185516
0.01,0.774,0.216,0.9877,0.007576601579785347,0.09550336748361588,0.8969200253486633
0.0,0.642,0.358,0.9582,0.003736449871212244,0.011974179185926914,0.9842893481254578
0.0,0.799,0.201,0.9414,0.024418190121650696,0.2409975230693817,0.7345842719078064
0.072,0.829,0.099,0.25,0.02313559502363205,0.1481640785932541,0.8287002444267273
0.0,0.84,0.16,0.8922,0.008054104633629322,0.08088058978319168,0.9110652804374695
0.036,0.704,0.26,0.872,0.0026869969442486763,0.010399212129414082,0.9869137406349182
0.043,0.625,0.332,0.8915,0.007957620546221733,0.02634415589272976,0.9656981825828552
0.0,0.74,0.26,0.9184,0.0033048600889742374,0.010443121194839478,0.9862520098686218
0.031,0.695,0.274,0.8689,0.01679668202996254,0.07729027420282364,0.9059130549430847
0.041,0.763,0.197,0.9288,0.0064505403861403465,0.016674673184752464,0.9768747091293335
0.02,0.851,0.129,0.9514,0.006400739308446646,0.08424273878335953,0.9093564748764038
0.052,0.758,0.189,0.7383,0.12347463518381119,0.16446807980537415,0.71205735206604
0.0,0.845,0.155,0.8573,0.010810686275362968,0.06222113221883774,0.9269682168960571
0.0,0.751,0.249,0.8074,0.0035235239192843437,0.018736643716692924,0.9777398705482483
0.0,0.754,0.246,0.9635,0.0037392082158476114,0.01611206866800785,0.9801487326622009
0.0,0.831,0.169,0.8805,0.2118518203496933,0.38249436020851135,0.40565383434295654
0.0,0.735,0.265,0.802,0.0037442492321133614,0.011596150696277618,0.9846596717834473
0.075,0.681,0.244,0.8388,0.005474257282912731,0.01756661757826805,0.9769591689109802
0.037,0.92,0.043,0.0772,0.022444849833846092,0.21292881667613983,0.7646262645721436
0.0,0.744,0.256,0.9874,0.008722786791622639,0.056296370923519135,0.9349808692932129
0.045,0.646,0.31,0.9652,0.011283397674560547,0.038087859749794006,0.9506286978721619
0.0,0.89,0.11,0.837,0.003913501277565956,0.048564210534095764,0.9475222826004028
0.036,0.818,0.146,0.9924,0.03217698633670807,0.19593004882335663,0.7718929648399353
0.0,1.0,0.0,0.0,0.18054713308811188,0.7708081603050232,0.04864465817809105
0.023,0.769,0.208,0.957,0.007124575320631266,0.0385003462433815,0.954375147819519
0.027,0.753,0.22,0.9201,0.015035157091915607,0.022179627791047096,0.9627852439880371
0.02,0.753,0.227,0.969,0.006644930224865675,0.03985558822751045,0.9534994959831238
0.062,0.837,0.101,0.5615,0.6597905158996582,0.28459495306015015,0.05561450496315956
0.058,0.796,0.146,0.8963,0.7558383941650391,0.17903727293014526,0.06512434780597687
0.052,0.794,0.154,0.9392,0.005664135329425335,0.03732573613524437,0.9570100903511047
0.115,0.885,0.0,-0.7364,0.1355532854795456,0.25918346643447876,0.6052632331848145
0.0,0.793,0.207,0.9742,0.00760571239516139,0.036287572234869,0.9561067223548889
0.0,0.824,0.176,0.765,0.004526632372289896,0.030110487714409828,0.9653629064559937
0.014,0.813,0.173,0.9485,0.05247897654771805,0.12373192608356476,0.8237890601158142
0.0,0.731,0.269,0.8442,0.004215781111270189,0.019086705520749092,0.9766975045204163
0.0,0.731,0.269,0.9763,0.005992126185446978,0.017722586169838905,0.9762852787971497
0.016,0.785,0.199,0.9932,0.1048152893781662,0.15249109268188477,0.7426935434341431
0.0,0.787,0.213,0.8702,0.002734436420723796,0.009519621729850769,0.9877459406852722
0.0,0.597,0.403,0.9813,0.003200392471626401,0.00921761803328991,0.9875819683074951
0.0,0.795,0.205,0.9285,0.002897045109421015,0.030227815732359886,0.9668751955032349
0.044,0.777,0.179,0.7965,0.008965800516307354,0.0376344658434391,0.9533997774124146
0.0,0.883,0.117,0.807,0.0038588072638958693,0.07955297082662582,0.9165881872177124
0.0,0.73,0.27,0.902,0.004623825196176767,0.01599913090467453,0.979377031326294
0.093,0.686,0.221,0.8061,0.0037691304460167885,0.030644962564110756,0.9655859470367432
0.041,0.768,0.191,0.9406,0.09129417687654495,0.2819961607456207,0.6267096996307373
0.022,0.784,0.194,0.9345,0.0035580911207944155,0.01650203950703144,0.979939877986908
0.072,0.928,0.0,-0.2755,0.1064448282122612,0.7521771788597107,0.1413779854774475
0.0,0.638,0.362,0.8118,0.0025755588430911303,0.03438263759016991,0.9630417823791504
0.04,0.869,0.091,0.3576,0.9385214447975159,0.054259661585092545,0.007218870799988508
0.0,0.887,0.113,0.8689,0.7530261874198914,0.21934373676776886,0.02763005532324314
0.121,0.795,0.084,-0.6584,0.6694676876068115,0.3064718544483185,0.02406049706041813
0.038,0.891,0.071,0.3455,0.9262112379074097,0.06406451016664505,0.009724260307848454
0.177,0.593,0.23,0.6994,0.7368558049201965,0.16440622508525848,0.09873800724744797
0.066,0.841,0.093,0.6176,0.7573097944259644,0.20681455731391907,0.03587563335895538
0.052,0.916,0.031,-0.0589,0.25493231415748596,0.641545295715332,0.1035224050283432
0.066,0.817,0.117,0.499,0.869122326374054,0.11602424085140228,0.014853503555059433
0.043,0.957,0.0,-0.395,0.5679659843444824,0.3878563642501831,0.04417760670185089
0.055,0.723,0.222,0.7717,0.06591291725635529,0.14938117563724518,0.7847058773040771
0.031,0.817,0.152,0.8193,0.09177958220243454,0.2405727207660675,0.6676477193832397
0.0,0.619,0.381,0.87,0.0023105458822101355,0.012623853981494904,0.9850656390190125
0.066,0.903,0.031,0.1535,0.0849166065454483,0.4059814214706421,0.5091019868850708
0.0,0.725,0.275,0.94,0.0030628307722508907,0.007882904261350632,0.9890542030334473
0.0,0.758,0.242,0.7902,0.002392202615737915,0.022203847765922546,0.9754040241241455
0.0,0.777,0.223,0.9806,0.010171624831855297,0.10008798539638519,0.8897404074668884
0.096,0.667,0.238,0.8321,0.8149245381355286,0.1549401581287384,0.030135391280055046
0.052,0.816,0.132,0.9115,0.00533039728179574,0.0763336718082428,0.9183358550071716
0.097,0.836,0.067,0.4998,0.8622696995735168,0.11121883243322372,0.026511389762163162
0.143,0.762,0.095,-0.4118,0.9056587219238281,0.07896459847688675,0.015376592054963112
0.127,0.708,0.165,0.264,0.8750438690185547,0.10770036280155182,0.01725572906434536
0.048,0.886,0.066,0.2732,0.9126092195510864,0.07919696718454361,0.008193833753466606
0.04,0.826,0.133,0.7543,0.25369367003440857,0.19356800615787506,0.5527383685112
0.0,0.731,0.269,0.9933,0.005329955834895372,0.0336790531873703,0.9609910249710083
0.0,0.794,0.206,0.9802,0.005112858489155769,0.025105595588684082,0.9697815179824829
0.041,0.866,0.093,0.3716,0.030727265402674675,0.0753345638513565,0.8939381837844849
0.019,0.784,0.198,0.9614,0.011772084049880505,0.029941225424408913,0.958286702632904
0.015,0.794,0.192,0.9719,0.03437512740492821,0.26951056718826294,0.6961143612861633
0.0,0.757,0.243,0.9753,0.0729328915476799,0.3198399543762207,0.6072272062301636
0.0,0.728,0.272,0.994,0.007421892136335373,0.061182908713817596,0.9313951730728149
0.144,0.753,0.103,-0.7789,0.27799519896507263,0.232791468501091,0.48921334743499756
0.067,0.788,0.145,0.8641,0.8774285316467285,0.10507234930992126,0.017499132081866264
0.051,0.82,0.129,0.9756,0.4133088290691376,0.4062874913215637,0.1804036945104599
0.073,0.784,0.143,0.9445,0.014066704548895359,0.07641059905290604,0.9095227122306824
0.047,0.953,0.0,-0.0572,0.6322007179260254,0.3070216774940491,0.060777630656957626
0.032,0.679,0.289,0.9545,0.005618457216769457,0.027955448254942894,0.9664261341094971
0.0,0.89,0.11,0.4754,0.06935978680849075,0.14552687108516693,0.7851133346557617
0.018,0.526,0.455,0.9875,0.005491297692060471,0.01865764521062374,0.9758510589599609
0.074,0.835,0.091,0.2315,0.005217383615672588,0.07870657742023468,0.9160760045051575
0.061,0.917,0.022,-0.4178,0.014682614244520664,0.2982325255870819,0.6870848536491394
0.0,0.726,0.274,0.88,0.17550265789031982,0.4055057168006897,0.4189916253089905
0.065,0.609,0.326,0.908,0.04492192715406418,0.1278669536113739,0.8272110819816589
0.109,0.816,0.075,-0.4863,0.2910902500152588,0.3767262101173401,0.3321835398674011
0.011,0.852,0.137,0.9411,0.19236302375793457,0.3638814687728882,0.44375553727149963
0.0,0.706,0.294,0.8702,0.004696928430348635,0.010111621581017971,0.9851914644241333
0.052,0.788,0.16,0.765,0.02909739688038826,0.11735983192920685,0.8535427451133728
0.0,0.637,0.363,0.8658,0.002357702935114503,0.01328815333545208,0.9843541383743286
0.0,0.881,0.119,0.5113,0.009224195033311844,0.05065012723207474,0.9401257038116455
0.063,0.812,0.125,0.9401,0.03457241877913475,0.15191984176635742,0.8135077357292175
0.0,0.598,0.402,0.9413,0.0037332612555474043,0.017300717532634735,0.9789659976959229
0.031,0.731,0.238,0.9802,0.03895842656493187,0.1015123799443245,0.8595291972160339
0.0,0.803,0.197,0.8217,0.00939221028238535,0.035114601254463196,0.955493152141571
0.0,1.0,0.0,0.0,0.19799187779426575,0.6960463523864746,0.10596175491809845
0.0,0.798,0.202,0.7828,0.006976686418056488,0.03220527991652489,0.9608179926872253
0.019,0.861,0.12,0.9351,0.00982403289526701,0.04856881499290466,0.9416071772575378
0.107,0.798,0.096,-0.2192,0.9147390723228455,0.07620522379875183,0.009055622853338718
0.0,0.723,0.277,0.9296,0.010956994257867336,0.04822142422199249,0.9408215880393982
0.0,0.791,0.209,0.872,0.00806412473320961,0.3170655369758606,0.6748703718185425
0.042,0.538,0.42,0.9622,0.004711555317044258,0.012063024565577507,0.983225405216217
0.104,0.791,0.105,-0.2382,0.6804343461990356,0.28021910786628723,0.039346542209386826
0.0,0.772,0.228,0.9524,0.004098374396562576,0.04229094833135605,0.9536106586456299
0.0,0.831,0.169,0.886,0.00358413765206933,0.020189370959997177,0.9762265086174011
0.074,0.727,0.2,0.8883,0.6112154722213745,0.24360854923725128,0.1451759785413742
0.059,0.863,0.079,0.3913,0.21523608267307281,0.5223453640937805,0.2624185383319855
0.0,0.784,0.216,0.6884,0.0033043245784938335,0.010408724658191204,0.9862869381904602
0.0,0.884,0.116,0.3612,0.023686889559030533,0.4695872366428375,0.5067258477210999
0.049,0.775,0.177,0.7773,0.07557912915945053,0.14582115411758423,0.778599739074707
0.0,0.799,0.201,0.9733,0.011730976402759552,0.10556460171937943,0.8827043771743774
0.012,0.85,0.138,0.9048,0.005545868072658777,0.05294227600097656,0.941511869430542
0.0,0.724,0.276,0.8825,0.00675970921292901,0.022646188735961914,0.9705941081047058
0.212,0.627,0.161,-0.0783,0.0024558829609304667,0.017697490751743317,0.9798465967178345
0.016,0.563,0.42,0.9866,0.019505778327584267,0.05913800746202469,0.921356201171875
0.071,0.765,0.164,0.5219,0.006499888841062784,0.019625341519713402,0.9738748073577881
0.0,0.677,0.323,0.8622,0.0026073080953210592,0.012574023567140102,0.984818696975708
0.016,0.76,0.224,0.9833,0.042372699826955795,0.22488977015018463,0.7327375411987305
0.054,0.827,0.119,0.4019,0.147187277674675,0.3911736011505127,0.4616391360759735
0.0,0.884,0.116,0.4404,0.12771745026111603,0.6214471459388733,0.2508353590965271
0.0,0.74,0.26,0.8591,0.004083798732608557,0.14030325412750244,0.8556129336357117
0.0,0.681,0.319,0.9467,0.003615046152845025,0.00943651981651783,0.9869484901428223
0.028,0.732,0.24,0.8512,0.00849776342511177,0.029673505574464798,0.9618287682533264
0.049,0.809,0.142,0.9477,0.03383432701230049,0.09374038875102997,0.8724252581596375
0.0,1.0,0.0,0.0,0.006539164576679468,0.06244177371263504,0.9310190081596375
0.021,0.841,0.138,0.9464,0.005955573637038469,0.03515198081731796,0.9588924646377563
0.052,0.671,0.276,0.9684,0.005760009866207838,0.021249942481517792,0.9729899764060974
0.0,0.776,0.224,0.8539,0.005275296978652477,0.02038809284567833,0.9743366837501526
0.032,0.82,0.148,0.9297,0.003976120613515377,0.01662002131342888,0.9794039130210876
0.063,0.856,0.081,0.486,0.014833108521997929,0.07162211090326309,0.9135447144508362
0.022,0.815,0.163,0.9739,0.04136313870549202,0.1775267869234085,0.7811100482940674
0.034,0.73,0.237,0.9315,0.0035231204237788916,0.010730202309787273,0.9857467412948608
0.0,0.828,0.172,0.9595,0.0067797014489769936,0.0469977967441082,0.9462225437164307
0.0,0.744,0.256,0.977,0.004446887411177158,0.02816753275692463,0.9673856496810913
0.11,0.753,0.138,0.4173,0.02245989255607128,0.05404043570160866,0.9234996438026428
0.058,0.797,0.145,0.6784,0.01843131147325039,0.05893898755311966,0.9226296544075012
0.0,0.821,0.179,0.9731,0.012445488944649696,0.1040981337428093,0.8834563493728638
0.0,0.742,0.258,0.8395,0.0026530090253800154,0.010484721511602402,0.986862301826477
0.058,0.604,0.338,0.9749,0.013543786481022835,0.04986980929970741,0.9365863800048828
0.051,0.828,0.121,0.744,0.8344065546989441,0.1520586460828781,0.0135347880423069
0.128,0.741,0.131,0.024,0.5131977200508118,0.2517900764942169,0.2350122332572937
0.022,0.978,0.0,-0.0749,0.018916141241788864,0.1608726978302002,0.8202111721038818
0.0,0.799,0.201,0.7003,0.004090149886906147,0.014011320658028126,0.9818986058235168
0.022,0.848,0.13,0.8703,0.4976876974105835,0.3912244141101837,0.11108782887458801
0.0,0.847,0.153,0.7003,0.0040944283828139305,0.01957288198173046,0.9763327240943909
0.122,0.685,0.193,0.2725,0.4133206009864807,0.405398964881897,0.18128041923046112
0.0,0.887,0.113,0.5719,0.005265040788799524,0.026009434834122658,0.9687255024909973
0.018,0.86,0.122,0.9643,0.019667984917759895,0.21651677787303925,0.76381516456604
0.059,0.903,0.038,-0.0098,0.902927577495575,0.08847212046384811,0.008600344881415367
0.046,0.822,0.131,0.8695,0.7787611484527588,0.19890348613262177,0.02233533188700676
0.0,0.851,0.149,0.6369,0.005765427835285664,0.023706020787358284,0.9705285429954529
0.0,0.945,0.055,0.1027,0.05862534046173096,0.3284059166908264,0.6129687428474426
0.108,0.811,0.08,-0.737,0.4988879859447479,0.4025096595287323,0.09860235452651978
0.051,0.832,0.117,0.8473,0.015613993629813194,0.06556691974401474,0.9188191294670105
0.109,0.853,0.038,-0.4767,0.7176350951194763,0.2468351423740387,0.03552974388003349
0.0,0.792,0.208,0.875,0.00986223854124546,0.03469104319810867,0.955446720123291
0.107,0.787,0.107,0.0752,0.00931320060044527,0.02798592299222946,0.9627009034156799
0.08,0.894,0.026,-0.5632,0.8872398734092712,0.1032249704003334,0.009535175748169422
0.032,0.861,0.108,0.4019,0.011412549763917923,0.056602444499731064,0.9319850206375122
0.0,0.655,0.345,0.9211,0.002636977704241872,0.020514020696282387,0.9768490195274353
0.0,0.69,0.31,0.8392,0.006705419160425663,0.026499729603528976,0.9667948484420776
0.0,0.795,0.205,0.8515,0.004668872803449631,0.032888397574424744,0.9624427556991577
0.064,0.743,0.193,0.75,0.007471890654414892,0.03280612826347351,0.9597219228744507
0.059,0.749,0.193,0.6872,0.003478058148175478,0.02222638577222824,0.9742955565452576
0.054,0.865,0.081,0.2846,0.02349965088069439,0.11696389317512512,0.8595364093780518
0.128,0.843,0.029,-0.8507,0.6634157299995422,0.27864131331443787,0.05794297531247139
0.025,0.895,0.08,0.743,0.527629017829895,0.33594852685928345,0.13642245531082153
0.096,0.806,0.097,0.0202,0.8357410430908203,0.1454855501651764,0.01877339743077755
0.0,0.95,0.05,0.5106,0.031180106103420258,0.5331381559371948,0.4356817901134491
0.291,0.63,0.079,-0.7732,0.9467795491218567,0.046708181500434875,0.006512322463095188
0.0,0.769,0.231,0.7841,0.0030769475270062685,0.026342099532485008,0.9705809354782104
0.288,0.427,0.285,-0.2732,0.30702701210975647,0.34389638900756836,0.34907659888267517
0.073,0.758,0.169,0.9134,0.01782124675810337,0.1824069321155548,0.799771785736084
0.02,0.832,0.148,0.8669,0.0031360993161797523,0.018637269735336304,0.9782266020774841
0.011,0.691,0.298,0.9945,0.0042695458978414536,0.03458315134048462,0.9611473083496094
0.0,0.794,0.206,0.8074,0.015874452888965607,0.1272687166929245,0.8568568229675293
0.0,0.753,0.247,0.9748,0.015236994251608849,0.09059100598096848,0.894171953201294
0.0,0.853,0.147,0.9055,0.003566587343811989,0.0637115091085434,0.9327219128608704
0.0,1.0,0.0,0.0,0.009964107535779476,0.05404900386929512,0.9359868168830872
0.0,0.917,0.083,0.4404,0.004115057177841663,0.015673497691750526,0.9802113771438599
0.0,0.746,0.254,0.6633,0.009607622399926186,0.1291450560092926,0.8612473011016846
0.0,0.686,0.314,0.6705,0.012216957286000252,0.043475326150655746,0.9443076848983765
0.0,0.769,0.231,0.7177,0.004144190810620785,0.03140345588326454,0.9644523859024048
0.0,0.695,0.305,0.836,0.00393078476190567,0.022412724792957306,0.9736565351486206
0.035,0.812,0.153,0.7252,0.026460297405719757,0.10581949353218079,0.8677202463150024
0.062,0.673,0.264,0.8442,0.006691472139209509,0.020992912352085114,0.9723156094551086
0.021,0.865,0.114,0.7391,0.019900187849998474,0.060983940958976746,0.9191159009933472
0.022,0.772,0.206,0.9134,0.005895557813346386,0.028694912791252136,0.9654095768928528
0.0,0.827,0.173,0.5574,0.007408945821225643,0.051432687789201736,0.9411582946777344
0.06,0.638,0.302,0.9578,0.2008707970380783,0.24588842689990997,0.5532407760620117
0.057,0.786,0.157,0.5719,0.011216449551284313,0.14508113265037537,0.8437023758888245
0.017,0.821,0.162,0.8767,0.1311778426170349,0.2500719130039215,0.6187502145767212
0.0,0.916,0.084,0.4835,0.049295537173748016,0.2179533690214157,0.7327511310577393
0.162,0.673,0.165,0.2732,0.06687212735414505,0.19273367524147034,0.7403941750526428
0.154,0.746,0.1,-0.3919,0.8908309936523438,0.1005769893527031,0.008592025376856327
0.137,0.8,0.063,-0.7964,0.46793827414512634,0.5117465853691101,0.020315105095505714
0.0,1.0,0.0,0.0,0.7368212342262268,0.24192407727241516,0.02125469781458378
0.0,0.721,0.279,0.9186,0.006123682484030724,0.01801101490855217,0.9758652448654175
0.0,0.6,0.4,0.9324,0.002042659791186452,0.007634373381733894,0.9903229475021362
0.253,0.747,0.0,-0.8879,0.9599971771240234,0.03428750857710838,0.005715253297239542
0.0,0.674,0.326,0.9377,0.007456505671143532,0.02060338854789734,0.9719401001930237
0.035,0.682,0.283,0.9824,0.016103222966194153,0.052480947226285934,0.9314157962799072
0.025,0.931,0.044,0.3798,0.1446220427751541,0.7016317248344421,0.15374626219272614
0.047,0.82,0.133,0.9618,0.007899417541921139,0.042531371116638184,0.9495691657066345
0.0,0.834,0.166,0.873,0.005349171347916126,0.035204313695430756,0.9594465494155884
0.0,0.621,0.379,0.8858,0.004530593287199736,0.03263391554355621,0.9628354907035828
0.051,0.844,0.105,0.8526,0.0658923014998436,0.5637375116348267,0.3703702390193939
0.0,0.664,0.336,0.9531,0.002213394967839122,0.009972059167921543,0.9878145456314087
0.0,0.387,0.613,0.9797,0.003887998638674617,0.0068475352600216866,0.9892645478248596
0.0,0.68,0.32,0.9431,0.0028092984575778246,0.009326090104877949,0.9878645539283752
0.067,0.74,0.193,0.8775,0.002135003451257944,0.023466993123292923,0.9743980169296265
0.039,0.768,0.193,0.9816,0.005806207191199064,0.05960497632622719,0.9345888495445251
0.089,0.757,0.154,0.8099,0.008093220181763172,0.036965783685445786,0.954940915107727
0.061,0.631,0.309,0.9001,0.007891234010457993,0.01811513863503933,0.9739936590194702
0.0,0.851,0.149,0.8211,0.0020732786506414413,0.026361996307969093,0.9715647101402283
0.044,0.713,0.243,0.9595,0.005704342853277922,0.02972440980374813,0.9645712375640869
0.09,0.776,0.134,0.937,0.3945620656013489,0.5568878054618835,0.04855015501379967
0.0,0.755,0.245,0.9131,0.0028993934392929077,0.010542556643486023,0.9865580201148987
0.043,0.771,0.186,0.882,0.00735651608556509,0.062052980065345764,0.9305905103683472
0.248,0.752,0.0,-0.7635,0.9366814494132996,0.058030255138874054,0.00528827914968133
0.085,0.915,0.0,-0.2617,0.935784101486206,0.05904974043369293,0.005166131071746349
0.0,0.679,0.321,0.886,0.009977670386433601,0.02080797776579857,0.9692143201828003
0.0,0.849,0.151,0.8692,0.0054832869209349155,0.026241282001137733,0.9682754874229431
0.073,0.799,0.129,0.7464,0.33291536569595337,0.3961985111236572,0.2708861529827118
0.0,0.758,0.242,0.9507,0.005862129386514425,0.02147325873374939,0.9726646542549133
0.053,0.594,0.353,0.9026,0.011974004097282887,0.03165103867650032,0.956375002861023
0.015,0.782,0.203,0.982,0.0076980870217084885,0.043280646204948425,0.9490212798118591
0.034,0.752,0.214,0.9061,0.005239216610789299,0.05180678144097328,0.9429539442062378
0.061,0.749,0.19,0.6705,0.007850222289562225,0.044663071632385254,0.9474867582321167
0.058,0.788,0.154,0.5106,0.013945306651294231,0.07688113301992416,0.9091735482215881
0.0,0.796,0.204,0.6249,0.0033545924816280603,0.016101283952593803,0.9805441498756409
0.0,0.623,0.377,0.9407,0.0025043755304068327,0.015351382084190845,0.9821442365646362
0.069,0.429,0.502,0.9647,0.00402235658839345,0.013165063224732876,0.9828125834465027
0.073,0.836,0.091,0.1505,0.1276237666606903,0.2653568387031555,0.6070194244384766
0.0,0.71,0.29,0.8395,0.0020768707618117332,0.018624277785420418,0.9792988300323486
0.13,0.775,0.094,-0.296,0.33674827218055725,0.3643721044063568,0.2988796532154083
0.0,0.932,0.068,0.4019,0.7620511651039124,0.19202658534049988,0.04592224210500717
0.0,0.623,0.377,0.9097,0.004009544849395752,0.014321006834506989,0.9816694855690002
0.0,0.836,0.164,0.8316,0.005046539008617401,0.019876256585121155,0.975077211856842
0.048,0.782,0.169,0.7212,0.015452821739017963,0.057085227221250534,0.9274619817733765
0.0,0.833,0.167,0.56,0.8582258224487305,0.13400109112262726,0.00777313532307744
0.203,0.741,0.056,-0.8387,0.9627695083618164,0.03134910762310028,0.005881383083760738
0.156,0.805,0.039,-0.8268,0.9064674973487854,0.08621364086866379,0.0073188720270991325
0.0,0.694,0.306,0.765,0.0028107534162700176,0.020833676680922508,0.9763556122779846
0.036,0.846,0.118,0.5983,0.010754142887890339,0.04998523369431496,0.9392606019973755
0.085,0.805,0.11,0.288,0.5548757314682007,0.40817615389823914,0.03694816306233406
0.102,0.665,0.232,0.8999,0.015479697845876217,0.10357585549354553,0.8809444904327393
0.0,1.0,0.0,0.0,0.8968877196311951,0.09418147802352905,0.008930775336921215
0.087,0.815,0.098,0.1045,0.9075101017951965,0.08295206725597382,0.009537768550217152
0.0,0.583,0.417,0.9485,0.003450417425483465,0.01953527331352234,0.9770143628120422
0.169,0.739,0.092,-0.5432,0.7957091927528381,0.1771954596042633,0.027095435187220573
0.04,0.876,0.084,0.7966,0.011254156939685345,0.5404528379440308,0.4482930600643158
0.018,0.758,0.224,0.9885,0.04256940260529518,0.1238522008061409,0.8335784077644348
0.092,0.772,0.136,0.8754,0.04998186230659485,0.1592950075864792,0.7907231450080872
0.012,0.724,0.264,0.9871,0.003090781392529607,0.031470950692892075,0.9654382467269897
0.0,0.665,0.335,0.902,0.00406073359772563,0.020156515762209892,0.9757827520370483
0.077,0.818,0.105,0.7889,0.148399218916893,0.5129226446151733,0.33867818117141724
0.118,0.472,0.41,0.9244,0.010010976344347,0.022669708356261253,0.9673193693161011
0.095,0.658,0.247,0.8562,0.0033767393324524164,0.016968190670013428,0.9796550869941711
0.0,0.881,0.119,0.9686,0.009933042339980602,0.2161974310874939,0.773869514465332
0.018,0.849,0.133,0.975,0.6369102597236633,0.3184681534767151,0.04462158679962158
0.1,0.651,0.249,0.9636,0.8072136640548706,0.16476692259311676,0.02801942266523838
0.037,0.691,0.272,0.936,0.00526318559423089,0.0910380408167839,0.903698742389679
0.0,0.465,0.535,0.9547,0.005177212413400412,0.02932373434305191,0.9654990434646606
0.0,0.692,0.308,0.973,0.0047020441852509975,0.01784743182361126,0.9774504899978638
0.0,0.694,0.306,0.9207,0.026177560910582542,0.1184888407588005,0.8553335666656494
0.041,0.789,0.171,0.9471,0.004631956573575735,0.05649233236908913,0.938875675201416
0.0,0.771,0.229,0.8832,0.09933643043041229,0.40209758281707764,0.4985659718513489
0.0,0.698,0.302,0.8824,0.002551462734118104,0.011879348196089268,0.985569179058075
0.0,0.675,0.325,0.8475,0.005225764121860266,0.020885035395622253,0.973889172077179
0.017,0.691,0.292,0.9833,0.00798228569328785,0.03440374881029129,0.9576139450073242
0.02,0.881,0.098,0.8387,0.009626518934965134,0.09894528985023499,0.8914281129837036
0.123,0.748,0.129,0.1779,0.006774449720978737,0.07291387021541595,0.920311689376831
0.027,0.743,0.231,0.9694,0.00434923404827714,0.034151747822761536,0.961499035358429
0.03,0.843,0.127,0.7878,0.016909880563616753,0.05964018031954765,0.9234499335289001
0.04,0.71,0.249,0.9926,0.4930107295513153,0.4267863631248474,0.08020297437906265
0.007,0.69,0.303,0.9986,0.005735878832638264,0.028199542313814163,0.9660645723342896
0.043,0.801,0.156,0.9808,0.06505764275789261,0.462624728679657,0.472317636013031
0.017,0.841,0.143,0.8793,0.6793602108955383,0.2631736993789673,0.057466089725494385
0.047,0.832,0.121,0.539,0.15412405133247375,0.33583396673202515,0.5100420117378235
0.033,0.712,0.256,0.9249,0.005255477968603373,0.028801102191209793,0.9659433960914612
0.083,0.771,0.146,0.8485,0.41601285338401794,0.3749596178531647,0.2090275138616562
0.0,0.821,0.179,0.9902,0.25425222516059875,0.6055182218551636,0.14022953808307648
0.016,0.758,0.227,0.9921,0.19966638088226318,0.44019606709480286,0.36013755202293396
0.166,0.644,0.19,0.4367,0.04613471403717995,0.15201616287231445,0.8018491268157959
0.058,0.825,0.116,0.2423,0.00675514480099082,0.06067642942070961,0.9325684309005737
0.0,0.796,0.204,0.9788,0.004111556801944971,0.059204600751399994,0.9366838335990906
0.079,0.731,0.19,0.9578,0.2408214807510376,0.3770037591457367,0.3821747899055481
0.143,0.812,0.045,-0.498,0.014515646733343601,0.16705821454524994,0.8184261918067932
0.0,0.649,0.351,0.9798,0.006101273000240326,0.016272829845547676,0.9776259064674377
0.056,0.809,0.135,0.858,0.5162285566329956,0.3349507749080658,0.1488206386566162
0.0,0.888,0.112,0.6901,0.0207196194678545,0.08446118235588074,0.8948192000389099
0.0,0.764,0.236,0.9481,0.0033374230843037367,0.028014464303851128,0.9686481356620789
0.0,0.768,0.232,0.9691,0.02685936726629734,0.2279440015554428,0.7451966404914856
0.041,0.823,0.137,0.8562,0.014637594111263752,0.30550312995910645,0.6798592805862427
0.085,0.798,0.116,0.397,0.6482253074645996,0.3047740161418915,0.04700067639350891
0.112,0.822,0.066,-0.4486,0.027993038296699524,0.10226374119520187,0.8697432279586792
0.025,0.702,0.272,0.9694,0.005076931323856115,0.05048743635416031,0.9444356560707092
0.0,0.735,0.265,0.9595,0.006804781500250101,0.05738052353262901,0.9358146786689758
0.094,0.585,0.321,0.8,0.004364825785160065,0.01733420230448246,0.9783009886741638
0.05,0.861,0.089,0.6269,0.019307170063257217,0.06187373772263527,0.9188191294670105
0.053,0.719,0.228,0.9483,0.0074387602508068085,0.022353755310177803,0.9702075123786926
0.095,0.715,0.19,0.533,0.018398622050881386,0.04527714103460312,0.9363241791725159
0.045,0.743,0.213,0.8709,0.5248327851295471,0.3285090923309326,0.1466580480337143
0.092,0.759,0.149,0.5687,0.76165372133255,0.21286240220069885,0.02548389695584774
0.014,0.855,0.131,0.9052,0.13930487632751465,0.5530236959457397,0.3076714277267456
0.0,0.797,0.203,0.923,0.006001071538776159,0.044953592121601105,0.9490453600883484
0.0,0.823,0.177,0.7424,0.008305651135742664,0.04150594770908356,0.950188398361206
0.064,0.843,0.094,0.4033,0.08369778841733932,0.596167266368866,0.3201349079608917
0.03,0.784,0.186,0.8479,0.5731490254402161,0.27298158407211304,0.1538694053888321
0.05,0.708,0.242,0.9644,0.3007027804851532,0.4713551104068756,0.22794209420681
0.074,0.79,0.136,0.8442,0.029056305065751076,0.20791859924793243,0.7630251049995422
0.0,0.935,0.065,0.4404,0.009702496230602264,0.06365910172462463,0.9266383647918701
0.069,0.78,0.151,0.9615,0.0658382847905159,0.35180193185806274,0.582359790802002
0.06,0.755,0.185,0.9386,0.21882615983486176,0.5190472602844238,0.2621265947818756
0.035,0.87,0.095,0.2344,0.08987735211849213,0.3706669509410858,0.5394557118415833
0.011,0.884,0.105,0.8954,0.044996846467256546,0.16848236322402954,0.7865208387374878
0.043,0.719,0.239,0.9421,0.804675281047821,0.13848388195037842,0.056840814650058746
0.0,0.686,0.314,0.9929,0.003800969338044524,0.02749938704073429,0.9686996936798096
0.0,0.758,0.242,0.872,0.0032154335640370846,0.012538003735244274,0.9842464923858643
0.035,0.821,0.144,0.975,0.09986542910337448,0.3105359673500061,0.5895986557006836
0.11,0.749,0.141,0.5751,0.035267021507024765,0.16829609870910645,0.7964368462562561
0.014,0.814,0.172,0.9637,0.006710683926939964,0.033550579100847244,0.9597387313842773
0.144,0.723,0.133,0.2247,0.2545836269855499,0.3223777115345001,0.42303866147994995
0.136,0.697,0.166,0.3948,0.013436599634587765,0.054549798369407654,0.9320136308670044
0.018,0.711,0.271,0.9837,0.0034535403829067945,0.01648780331015587,0.9800586104393005
0.0,0.71,0.29,0.9861,0.0037763675209134817,0.022950004786252975,0.9732735753059387
0.077,0.756,0.167,0.8537,0.14651811122894287,0.47219911217689514,0.3812828063964844
0.057,0.879,0.064,0.217,0.6970618963241577,0.2786579430103302,0.024280140176415443
0.159,0.699,0.141,-0.5812,0.7062468528747559,0.23164604604244232,0.06210712343454361
0.046,0.816,0.139,0.968,0.20116695761680603,0.6550806164741516,0.14375245571136475
0.095,0.703,0.203,0.9872,0.8103264570236206,0.17019037902355194,0.019483104348182678
0.063,0.826,0.112,0.6366,0.20445603132247925,0.5038923621177673,0.2916516065597534
0.024,0.887,0.089,0.7977,0.1286180168390274,0.6388160586357117,0.2325659990310669
0.016,0.775,0.209,0.9578,0.03446900099515915,0.11836963146924973,0.8471613526344299
0.017,0.614,0.368,0.9901,0.2983722686767578,0.4765910506248474,0.2250366508960724
0.081,0.76,0.159,0.9306,0.012588787823915482,0.113347627222538,0.8740635514259338
0.065,0.798,0.137,0.7914,0.43146172165870667,0.3614077568054199,0.2071305513381958
0.023,0.666,0.311,0.9928,0.005388581193983555,0.01839677058160305,0.9762147068977356
0.069,0.874,0.057,-0.3325,0.6089226007461548,0.36344072222709656,0.027636682614684105
0.022,0.773,0.205,0.9916,0.13678348064422607,0.4909649193286896,0.37225162982940674
0.086,0.836,0.078,-0.1779,0.6590723395347595,0.29636311531066895,0.04456464573740959
0.052,0.671,0.278,0.9597,0.03000982105731964,0.12891478836536407,0.8410754203796387
0.223,0.697,0.08,-0.6303,0.9204255938529968,0.07188631594181061,0.007688067853450775
0.06,0.84,0.101,0.7027,0.4638350307941437,0.42422977089881897,0.11193513125181198
0.028,0.829,0.144,0.9631,0.36172905564308167,0.48678097128868103,0.15148994326591492
0.049,0.627,0.324,0.9894,0.23597724735736847,0.43167534470558167,0.3323473632335663
0.0,0.793,0.207,0.5267,0.004679108504205942,0.05043313652276993,0.9448878169059753
0.087,0.717,0.196,0.4404,0.004574079532176256,0.053772952407598495,0.9416529536247253
0.182,0.775,0.043,-0.8442,0.9564278721809387,0.0370413102209568,0.006530801299959421
0.187,0.589,0.224,0.303,0.8979795575141907,0.07443894445896149,0.02758158929646015
0.029,0.842,0.128,0.7506,0.009301007725298405,0.08573179692029953,0.904967188835144
0.081,0.75,0.169,0.4201,0.002915565622970462,0.013568723574280739,0.9835156798362732
0.0,0.833,0.167,0.8029,0.003307430073618889,0.013795791193842888,0.9828967452049255
0.0,0.748,0.252,0.9381,0.011410901322960854,0.02930532768368721,0.959283709526062
0.0,0.671,0.329,0.8687,0.0035940511152148247,0.02643255703151226,0.9699733853340149
0.043,0.805,0.152,0.8373,0.004879215266555548,0.02945191040635109,0.9656688570976257
0.182,0.642,0.176,-0.75,0.7337115406990051,0.21548375487327576,0.05080466344952583
0.0,0.599,0.401,0.9764,0.004881618544459343,0.014077931642532349,0.9810404181480408
0.021,0.865,0.114,0.9662,0.067286416888237,0.5409433841705322,0.39177024364471436
0.026,0.755,0.218,0.95,0.006266551557928324,0.017728310078382492,0.9760051369667053
0.023,0.787,0.19,0.9422,0.006300237495452166,0.03596179559826851,0.957737922668457
0.02,0.84,0.139,0.9536,0.00855548307299614,0.053691983222961426,0.9377525448799133
0.035,0.871,0.094,0.5408,0.004649829119443893,0.03784889355301857,0.957501232624054
0.0,0.549,0.451,0.9323,0.0032846499234437943,0.009438632056117058,0.9872767329216003
0.034,0.914,0.052,0.1531,0.34288665652275085,0.5598294734954834,0.09728384763002396
0.0,0.606,0.394,0.9458,0.009620634838938713,0.04845753684639931,0.9419218301773071
0.0,0.787,0.213,0.9186,0.004650078248232603,0.13622164726257324,0.8591282963752747
0.086,0.818,0.096,0.201,0.8968812823295593,0.09002275764942169,0.013095865957438946
0.0,0.916,0.084,0.5927,0.7579647302627563,0.22791074216365814,0.014124506153166294
0.061,0.764,0.175,0.6369,0.12847253680229187,0.7150118947029114,0.15651556849479675
0.064,0.701,0.235,0.9881,0.21979603171348572,0.41525381803512573,0.36495018005371094
0.076,0.88,0.044,-0.3182,0.837910532951355,0.14971475303173065,0.012374741956591606
0.0,0.738,0.262,0.7964,0.0026785999070852995,0.010053231380879879,0.9872681498527527
0.0,0.956,0.044,0.4615,0.301988810300827,0.27196696400642395,0.426044225692749
0.0,0.78,0.22,0.8748,0.0038636696990579367,0.05628808215260506,0.9398482441902161
0.0,0.746,0.254,0.8479,0.0022135793697088957,0.014790672808885574,0.9829958081245422
0.0,0.606,0.394,0.8858,0.0030574703123420477,0.008836589753627777,0.9881058931350708
0.0,0.866,0.134,0.5719,0.00923518743366003,0.040552008897066116,0.950212836265564
0.063,0.648,0.288,0.8381,0.0388626754283905,0.10967114567756653,0.851466178894043
0.0,0.632,0.368,0.9641,0.003348637605085969,0.018626084551215172,0.9780253171920776
0.074,0.715,0.211,0.8921,0.06441556662321091,0.19922570884227753,0.7363587617874146
0.056,0.734,0.21,0.7263,0.008022445254027843,0.13355475664138794,0.8584228157997131
0.0,0.426,0.574,0.91,0.009477762505412102,0.08285349607467651,0.9076687097549438
0.0,0.734,0.266,0.9768,0.0034585432149469852,0.10173499584197998,0.894806444644928
0.107,0.893,0.0,-0.4767,0.1220431998372078,0.6578772068023682,0.22007960081100464
0.052,0.714,0.234,0.8126,0.021475771442055702,0.08014672249555588,0.8983774781227112
0.143,0.754,0.103,-0.4753,0.30650362372398376,0.4641166031360626,0.229379802942276
0.175,0.633,0.191,0.0649,0.14757134020328522,0.29354092478752136,0.558887779712677
0.0,0.816,0.184,0.8658,0.007948816753923893,0.060897719115018845,0.9311534762382507
0.039,0.928,0.033,-0.0772,0.9000774025917053,0.09209244698286057,0.007830179296433926
0.059,0.895,0.046,-0.1406,0.919154167175293,0.07116259634494781,0.009683297015726566
0.101,0.583,0.316,0.9209,0.5663225650787354,0.31626033782958984,0.11741704493761063
0.093,0.907,0.0,-0.6402,0.6932272911071777,0.27112632989883423,0.03564639016985893
0.0,0.739,0.261,0.885,0.40360596776008606,0.2876349985599518,0.30875903367996216
0.103,0.673,0.223,0.6036,0.9011901617050171,0.08544187247753143,0.013367998413741589
0.127,0.853,0.02,-0.8069,0.8934359550476074,0.09383250027894974,0.012731533497571945
0.0,0.916,0.084,0.4835,0.049295537173748016,0.2179533690214157,0.7327511310577393
0.162,0.673,0.165,0.2732,0.06687212735414505,0.19273367524147034,0.7403941750526428
0.154,0.746,0.1,-0.3919,0.8908309936523438,0.1005769893527031,0.008592025376856327
0.075,0.788,0.137,0.5855,0.7272228002548218,0.21651354432106018,0.056263603270053864
0.0,0.853,0.147,0.5077,0.004811602178961039,0.026993047446012497,0.9681953191757202
0.161,0.594,0.245,0.453,0.8945064544677734,0.0943421870470047,0.011151459999382496
0.02,0.718,0.262,0.9892,0.02076306752860546,0.0865694060921669,0.8926674723625183
0.072,0.757,0.171,0.7306,0.011793344281613827,0.03969952091574669,0.9485070705413818
0.086,0.862,0.052,-0.4222,0.3353775441646576,0.5269948840141296,0.13762758672237396
0.035,0.737,0.228,0.8883,0.00913847703486681,0.0371757410466671,0.9536858201026917
0.132,0.631,0.237,0.7184,0.021522557362914085,0.10515947639942169,0.8733180165290833
0.0,0.813,0.187,0.5994,0.0038040687795728445,0.02196984738111496,0.9742261171340942
0.0,0.617,0.383,0.8478,0.0027275679167360067,0.019413374364376068,0.9778590798377991
0.218,0.486,0.296,0.6734,0.007343160919845104,0.02632232941687107,0.9663345217704773
0.032,0.806,0.162,0.9323,0.012705905362963676,0.16737942397594452,0.819914698600769
0.063,0.73,0.207,0.9808,0.014258760027587414,0.042196664959192276,0.9435446262359619
0.0,0.836,0.164,0.3716,0.0400240458548069,0.20911884307861328,0.7508571147918701
0.111,0.742,0.147,0.7292,0.01733499765396118,0.1401589810848236,0.8425059914588928
0.0,0.673,0.327,0.8934,0.002823814284056425,0.026039378717541695,0.9711368083953857
0.0,0.621,0.379,0.9246,0.00303415535017848,0.011048917658627033,0.9859169125556946
0.067,0.837,0.095,0.7997,0.09333194047212601,0.5579757690429688,0.34869226813316345
0.023,0.793,0.184,0.9716,0.003588946769014001,0.027820704504847527,0.9685903191566467
0.0,0.674,0.326,0.8779,0.004206565208733082,0.041891004890203476,0.9539023637771606
0.0,0.665,0.335,0.7615,0.0054410891607403755,0.12722189724445343,0.8673370480537415
0.0,0.891,0.109,0.7269,0.02674383483827114,0.22082996368408203,0.7524262070655823
0.019,0.855,0.126,0.928,0.004371128510683775,0.04727604612708092,0.9483527541160583
0.036,0.808,0.156,0.9626,0.025538939982652664,0.12119173258543015,0.8532692790031433
0.068,0.805,0.126,0.9202,0.033629126846790314,0.10058820992708206,0.8657826781272888
0.033,0.876,0.091,0.6013,0.35050687193870544,0.3762992024421692,0.273193895816803
0.0,0.624,0.376,0.9336,0.0035694872494786978,0.013162101618945599,0.9832684397697449
0.0,0.822,0.178,0.8881,0.11361243575811386,0.5084186792373657,0.3779689073562622
0.011,0.842,0.147,0.9612,0.028167525306344032,0.3298240602016449,0.6420084238052368
0.085,0.915,0.0,-0.1027,0.44237220287323,0.48543572425842285,0.07219205796718597
0.0,0.65,0.35,0.9814,0.003098901594057679,0.012582117691636086,0.9843190312385559
0.0,1.0,0.0,0.0,0.009437608532607555,0.2163359820842743,0.7742263674736023
0.0,0.867,0.133,0.7717,0.00254260515794158,0.042642783373594284,0.954814612865448
0.062,0.899,0.039,-0.25,0.5726979374885559,0.38379672169685364,0.04350534453988075
0.0,0.605,0.395,0.9083,0.004815543070435524,0.027848338708281517,0.967336118221283
0.126,0.5,0.374,0.8567,0.9448364973068237,0.047356076538562775,0.007807448040693998
0.122,0.73,0.148,0.8539,0.020169666036963463,0.10927320271730423,0.8705570697784424
0.0,0.9,0.1,0.4588,0.0077462345361709595,0.025541922077536583,0.9667118191719055
0.0,1.0,0.0,0.0,0.014152636751532555,0.8640301823616028,0.1218171939253807
0.09,0.779,0.131,0.2484,0.10472533106803894,0.22019676864147186,0.6750778555870056
0.0,0.727,0.273,0.908,0.006484741345047951,0.01286070141941309,0.9806545376777649
0.053,0.846,0.1,0.6935,0.35302218794822693,0.3411986827850342,0.3057791292667389
0.041,0.706,0.253,0.9154,0.0041724261827766895,0.008449120447039604,0.9873784184455872
0.0,0.778,0.222,0.7978,0.0063075353391468525,0.1432361602783203,0.8504562377929688
0.132,0.818,0.051,-0.9681,0.23358409106731415,0.7106927633285522,0.0557231530547142
0.16,0.778,0.062,-0.6597,0.8887789845466614,0.10569954663515091,0.0055214702151715755
0.039,0.899,0.062,0.5118,0.3602730631828308,0.3781174123287201,0.2616094946861267
0.0,0.812,0.188,0.9643,0.010699749924242496,0.12773637473583221,0.8615638613700867
0.166,0.834,0.0,-0.4574,0.005014011170715094,0.030067402869462967,0.9649186134338379
0.0,0.823,0.177,0.7003,0.00773643609136343,0.04861519858241081,0.9436483383178711
0.026,0.908,0.066,0.3612,0.46307939291000366,0.343425989151001,0.19349461793899536
0.0,0.627,0.373,0.9313,0.002500163856893778,0.019227443262934685,0.9782724380493164
0.054,0.823,0.123,0.7605,0.007392817176878452,0.12654878199100494,0.8660584092140198
0.0,0.802,0.198,0.9434,0.0025147965643554926,0.026506250724196434,0.9709789752960205
0.0,0.83,0.17,0.6249,0.002287735464051366,0.017539605498313904,0.9801726937294006
0.0,1.0,0.0,0.0,0.23327383399009705,0.6396459937095642,0.12708020210266113
0.049,0.842,0.109,0.5766,0.006603559013456106,0.02574574574828148,0.9676506519317627
0.02,0.914,0.066,0.8223,0.6326569318771362,0.31564465165138245,0.05169840529561043
0.0,0.813,0.187,0.9124,0.04194948449730873,0.09522983431816101,0.8628206253051758
0.0,0.708,0.292,0.9142,0.005317935720086098,0.06576570868492126,0.928916335105896
0.03,0.84,0.13,0.8395,0.005211361683905125,0.06125999614596367,0.9335286021232605
0.0,0.618,0.382,0.9272,0.003486630041152239,0.01093699224293232,0.985576331615448
0.047,0.882,0.071,0.1027,0.5027774572372437,0.41572970151901245,0.0814928188920021
0.0,0.73,0.27,0.9287,0.005696811713278294,0.025255275890231133,0.9690479040145874
0.058,0.783,0.159,0.9685,0.006988164037466049,0.06662196666002274,0.9263898134231567
0.01,0.864,0.126,0.9769,0.4385140538215637,0.4340876042842865,0.12739835679531097
0.0,0.838,0.162,0.9483,0.004089806694537401,0.0408828929066658,0.9550272822380066
0.0,0.708,0.292,0.9216,0.005207415670156479,0.01980891451239586,0.9749836325645447
0.0,0.689,0.311,0.855,0.003090458922088146,0.024261081591248512,0.9726485013961792
0.0,0.602,0.398,0.9725,0.003296720329672098,0.011866568587720394,0.984836757183075
0.017,0.769,0.214,0.9766,0.019382677972316742,0.13042184710502625,0.8501954078674316
0.037,0.791,0.172,0.8402,0.005758409854024649,0.03718053176999092,0.9570611119270325
0.0,0.798,0.202,0.7955,0.005087309051305056,0.019299475476145744,0.9756131768226624
0.046,0.753,0.201,0.9603,0.17678751051425934,0.40407106280326843,0.41914141178131104
0.0,0.827,0.173,0.8225,0.050142236053943634,0.3843546509742737,0.5655031204223633
0.104,0.828,0.067,-0.7469,0.05005617067217827,0.09588359296321869,0.8540602326393127
0.099,0.798,0.103,0.0258,0.026517050340771675,0.12197097390890121,0.8515119552612305
0.0,0.844,0.156,0.5719,0.0018946650670841336,0.022446395829319954,0.9756588935852051
0.0,0.756,0.244,0.9125,0.12429358065128326,0.24585549533367157,0.6298509240150452
0.05,0.793,0.157,0.8863,0.23502391576766968,0.411130428314209,0.3538457453250885
0.0,0.808,0.192,0.9153,0.014360712841153145,0.1502058058977127,0.8354335427284241
0.053,0.772,0.174,0.9351,0.03918544575572014,0.2291054129600525,0.7317091822624207
0.0,0.544,0.456,0.9705,0.0036766729317605495,0.010571544989943504,0.9857518076896667
0.0,0.693,0.307,0.8807,0.00928355474025011,0.05462860316038132,0.9360878467559814
0.147,0.789,0.064,-0.3672,0.10830485820770264,0.398040235042572,0.49365493655204773
0.0,0.856,0.144,0.6369,0.0043998113833367825,0.045945391058921814,0.9496548175811768
0.0,1.0,0.0,0.0,0.011492357589304447,0.15975321829319,0.8287544846534729
0.0,0.741,0.259,0.9707,0.03205530717968941,0.10152488201856613,0.866419792175293
0.081,0.832,0.086,0.1611,0.017224576324224472,0.09534889459609985,0.8874265551567078
0.143,0.768,0.089,-0.4574,0.11063136160373688,0.17873907089233398,0.7106295228004456
0.015,0.752,0.233,0.9604,0.0041978550143539906,0.044105395674705505,0.9516966938972473
0.109,0.567,0.324,0.8625,0.3817627429962158,0.25509634613990784,0.36314091086387634
0.0,0.811,0.189,0.6801,0.00386629905551672,0.020460082218050957,0.9756736755371094
0.0,0.858,0.142,0.7269,0.0032907985150814056,0.026967231184244156,0.969741940498352
0.018,0.786,0.196,0.9298,0.09157772362232208,0.2391737401485443,0.6692485809326172
0.05,0.754,0.195,0.8497,0.015609878115355968,0.10796873271465302,0.8764213919639587
0.014,0.776,0.21,0.9725,0.004535180516541004,0.03126630559563637,0.9641985297203064
0.049,0.785,0.166,0.8977,0.25599727034568787,0.4995609223842621,0.24444188177585602
0.065,0.731,0.204,0.803,0.007132621947675943,0.029602782800793648,0.9632645845413208
0.0,0.884,0.116,0.2732,0.004023371264338493,0.023822002112865448,0.9721546769142151
0.018,0.845,0.137,0.9103,0.01933983527123928,0.2562943994998932,0.7243657112121582
0.106,0.793,0.101,-0.0297,0.7696570754051208,0.1932055950164795,0.03713725507259369
0.086,0.639,0.275,0.9647,0.06246531754732132,0.08123260736465454,0.85630202293396
0.091,0.731,0.178,0.799,0.11089594662189484,0.16545163094997406,0.7236524224281311
0.0,0.714,0.286,0.9725,0.008464551530778408,0.05112075433135033,0.9404146671295166
0.0,0.94,0.06,0.6114,0.35074400901794434,0.42603155970573425,0.223224475979805
0.026,0.919,0.054,0.4588,0.4762198030948639,0.3781099319458008,0.14567026495933533
0.0,0.857,0.143,0.6697,0.005663543473929167,0.105475053191185,0.888861358165741
0.0,0.748,0.252,0.8126,0.003400561399757862,0.015185988508164883,0.9814134836196899
0.0,1.0,0.0,0.0,0.005287169478833675,0.015826726332306862,0.9788861870765686
0.0,0.8,0.2,0.941,0.02404346689581871,0.2726878523826599,0.7032687067985535
0.0,0.965,0.035,0.3898,0.8257429003715515,0.15911337733268738,0.015143724158406258
0.059,0.941,0.0,-0.4782,0.8674798011779785,0.12019772082567215,0.0123224388808012
0.0,0.796,0.204,0.8885,0.011366810649633408,0.12888017296791077,0.8597529530525208
0.022,0.672,0.306,0.9777,0.004651215858757496,0.025468504056334496,0.9698802828788757
0.118,0.867,0.015,-0.8316,0.8564671277999878,0.13273662328720093,0.010796274989843369
0.0,0.891,0.109,0.63,0.0035684711765497923,0.1205023005604744,0.8759292364120483
0.104,0.706,0.19,0.3752,0.8135452270507812,0.15983518958091736,0.02661956660449505
0.024,0.843,0.134,0.8501,0.679363489151001,0.28258347511291504,0.03805304691195488
0.091,0.881,0.028,-0.6106,0.9141305088996887,0.0744941458106041,0.011375353671610355
0.102,0.785,0.113,-0.0972,0.7922345399856567,0.18622972071170807,0.021535741165280342
0.062,0.938,0.0,-0.228,0.814419686794281,0.1688336730003357,0.016746655106544495
0.08,0.821,0.1,0.5322,0.9011906385421753,0.09143009036779404,0.00737933162599802
0.08,0.873,0.047,-0.5994,0.7591496109962463,0.2324017584323883,0.008448637090623379
0.0,0.78,0.22,0.6808,0.42108994722366333,0.4959660470485687,0.08294396102428436
0.022,0.867,0.11,0.8274,0.007441252004355192,0.06748297810554504,0.9250757098197937
0.111,0.889,0.0,-0.3595,0.9155349135398865,0.0753684937953949,0.009096655063331127
0.029,0.79,0.181,0.9698,0.33379676938056946,0.2747478485107422,0.39145535230636597
0.037,0.736,0.227,0.9978,0.014457465149462223,0.06301286071538925,0.9225296378135681
0.006,0.803,0.191,0.9909,0.07586406916379929,0.6154097318649292,0.30872616171836853
0.034,0.897,0.069,0.5029,0.1365785151720047,0.5375241637229919,0.32589730620384216
0.039,0.84,0.121,0.9371,0.1727524995803833,0.31383591890335083,0.5134115815162659
0.042,0.83,0.128,0.9519,0.580327570438385,0.362089067697525,0.05758340284228325
0.089,0.836,0.076,-0.6249,0.6218525171279907,0.3376462459564209,0.04050127789378166
0.048,0.841,0.111,0.946,0.3272576332092285,0.5495252013206482,0.12321717292070389
0.033,0.843,0.123,0.9646,0.004044895526021719,0.03396996483206749,0.961985170841217
0.089,0.844,0.067,-0.5574,0.14781337976455688,0.41165637969970703,0.4405302107334137
0.054,0.735,0.211,0.9564,0.2000434696674347,0.4089775085449219,0.39097899198532104
0.045,0.787,0.168,0.9288,0.019266046583652496,0.2556459605693817,0.7250880599021912
0.116,0.714,0.171,0.3186,0.05465109646320343,0.08093209564685822,0.864416778087616
0.083,0.796,0.121,0.6097,0.2362419217824936,0.48586753010749817,0.2778905928134918
0.075,0.811,0.114,0.9442,0.08168923109769821,0.5277256965637207,0.3905850350856781
0.09,0.782,0.128,0.7865,0.5672955513000488,0.3940640985965729,0.03864041343331337
0.031,0.853,0.115,0.7845,0.3830329477787018,0.44858378171920776,0.16838331520557404
0.102,0.719,0.179,0.8217,0.06102503836154938,0.10271261632442474,0.8362623453140259
0.104,0.686,0.209,0.8898,0.10213148593902588,0.3089577555656433,0.5889108180999756
0.07,0.851,0.08,0.1027,0.9420428276062012,0.05198952928185463,0.005967590492218733
0.08,0.698,0.222,0.9274,0.016922730952501297,0.05063588172197342,0.9324413537979126
0.059,0.814,0.127,0.9579,0.7512986660003662,0.21997199952602386,0.028729362413287163
0.045,0.708,0.247,0.9672,0.02327730506658554,0.12672686576843262,0.8499958515167236
0.024,0.815,0.16,0.98,0.008826423436403275,0.0782422423362732,0.9129313230514526
0.022,0.765,0.213,0.9822,0.004691548179835081,0.02504841610789299,0.9702600240707397
0.0,0.769,0.231,0.8402,0.008258192799985409,0.0834193304181099,0.9083225131034851
0.023,0.829,0.147,0.8926,0.16393066942691803,0.2672312557697296,0.5688380599021912
0.057,0.862,0.081,0.4496,0.26833659410476685,0.5018182992935181,0.22984515130519867
0.088,0.758,0.153,0.9124,0.4036482870578766,0.4185054302215576,0.1778462827205658
0.051,0.676,0.273,0.9846,0.050318922847509384,0.08826614916324615,0.8614149689674377
0.077,0.859,0.064,-0.2157,0.10620206594467163,0.538571298122406,0.35522666573524475
0.043,0.73,0.227,0.8689,0.05387689173221588,0.14553849399089813,0.800584614276886
0.0,0.807,0.193,0.8932,0.004140602890402079,0.04389627277851105,0.9519631862640381
0.101,0.751,0.147,0.7977,0.23827481269836426,0.4196573495864868,0.3420678377151489
0.0,0.682,0.318,0.8555,0.0053328219801187515,0.023975085467100143,0.9706920385360718
0.0,0.914,0.086,0.4404,0.015496380627155304,0.160297229886055,0.8242064118385315
0.0,0.732,0.268,0.8316,0.004587913863360882,0.011986438184976578,0.9834256768226624
0.026,0.785,0.19,0.9746,0.018250789493322372,0.4314402639865875,0.5503089427947998
0.042,0.801,0.157,0.8896,0.045274846255779266,0.2154000848531723,0.7393251061439514
0.058,0.69,0.251,0.79,0.00380913307890296,0.14164920151233673,0.8545416593551636
0.099,0.829,0.072,-0.2263,0.0584796741604805,0.28539133071899414,0.656129002571106
0.095,0.641,0.264,0.8452,0.009608269669115543,0.033751364797353745,0.956640362739563
0.065,0.784,0.151,0.8324,0.7010634541511536,0.19728991389274597,0.10164658725261688
0.048,0.793,0.158,0.7774,0.010372885502874851,0.039330363273620605,0.9502967596054077
0.074,0.742,0.183,0.5719,0.009939566254615784,0.10787031799554825,0.8821901082992554
0.06,0.817,0.122,0.9864,0.494332492351532,0.4293787479400635,0.07628870755434036
0.043,0.906,0.051,0.3182,0.09801701456308365,0.681489109992981,0.22049391269683838
0.137,0.763,0.1,-0.5719,0.1352517008781433,0.5883320569992065,0.27641618251800537
0.074,0.695,0.231,0.9014,0.6318347454071045,0.25070732831954956,0.11745790392160416
0.058,0.674,0.268,0.9806,0.3540574312210083,0.40154677629470825,0.24439574778079987
0.024,0.85,0.126,0.8966,0.006702733691781759,0.08155859261751175,0.9117386937141418
0.058,0.87,0.072,0.0387,0.41808003187179565,0.472461074590683,0.10945889353752136
0.028,0.828,0.145,0.9781,0.019886234775185585,0.5307711958885193,0.44934260845184326
0.024,0.697,0.279,0.9775,0.02048902027308941,0.1493610441684723,0.8301499485969543
0.0,0.684,0.316,0.9186,0.00657489150762558,0.05018475651741028,0.9432403445243835
0.099,0.796,0.105,0.126,0.05193085968494415,0.22519028186798096,0.7228788733482361
0.0,0.745,0.255,0.9368,0.004511180799454451,0.024978065863251686,0.9705107808113098
0.0,0.867,0.133,0.6114,0.020389823243021965,0.08905452489852905,0.8905556797981262
0.024,0.931,0.045,0.3488,0.015879390761256218,0.16914771497249603,0.8149728775024414
0.0,0.742,0.258,0.8779,0.00481148436665535,0.02099527232348919,0.974193274974823
0.0,0.817,0.183,0.7579,0.004442904144525528,0.055071309208869934,0.9404857158660889
0.0,0.71,0.29,0.9337,0.005927262827754021,0.015935245901346207,0.9781374931335449
0.016,0.869,0.115,0.8606,0.016087055206298828,0.08599460870027542,0.8979183435440063
0.081,0.718,0.201,0.9768,0.3937908709049225,0.33170726895332336,0.27450186014175415
0.071,0.637,0.293,0.9313,0.00883948802947998,0.03844438120722771,0.9527161121368408
0.058,0.942,0.0,-0.0772,0.07357995957136154,0.19670994579792023,0.7297101020812988
0.087,0.913,0.0,-0.296,0.3367517590522766,0.4389587938785553,0.22428949177265167
0.021,0.902,0.076,0.6908,0.045003022998571396,0.2729512155056,0.6820457577705383
0.055,0.693,0.252,0.9563,0.010619829408824444,0.037431057542562485,0.9519491195678711
0.0,0.928,0.072,0.636,0.04943479970097542,0.506402850151062,0.44416236877441406
0.033,0.685,0.282,0.9459,0.01945032924413681,0.12047392129898071,0.8600757718086243
0.0,0.836,0.164,0.5978,0.01835322380065918,0.1225094348192215,0.8591374158859253
0.031,0.815,0.155,0.9726,0.005621342919766903,0.031265322118997574,0.9631133079528809
0.036,0.761,0.203,0.9924,0.00993949081748724,0.040255479514598846,0.9498050808906555
0.122,0.736,0.142,0.3814,0.10890524834394455,0.5680067539215088,0.3230879604816437
0.032,0.884,0.084,0.5413,0.05627329275012016,0.21767805516719818,0.7260486483573914
0.0,0.913,0.087,0.9235,0.7222120761871338,0.24739058315753937,0.03039734624326229
0.072,0.738,0.19,0.9335,0.055061984807252884,0.10511582344770432,0.8398222327232361
0.06,0.734,0.206,0.9242,0.13368023931980133,0.29526007175445557,0.5710597038269043
0.133,0.867,0.0,-0.6908,0.8885377645492554,0.10375742614269257,0.007704811170697212
0.0,0.83,0.17,0.872,0.011127782985568047,0.10624169558286667,0.8826305270195007
0.078,0.642,0.28,0.7679,0.0044398317113518715,0.015146734192967415,0.9804134964942932
0.061,0.867,0.071,0.0992,0.15785706043243408,0.22438788414001465,0.6177550554275513
0.0,0.755,0.245,0.8316,0.008549503982067108,0.04857899621129036,0.9428715109825134
0.0,0.829,0.171,0.7506,0.09799045324325562,0.3743627071380615,0.5276468396186829
0.0,0.787,0.213,0.6597,0.006307997740805149,0.04737541824579239,0.9463165402412415
0.032,0.787,0.181,0.9134,0.44098055362701416,0.3645991384983063,0.19442027807235718
0.048,0.868,0.084,0.4391,0.0356101468205452,0.49948519468307495,0.4649046063423157
0.0,0.644,0.356,0.8555,0.0026813761796802282,0.01596641354262829,0.9813521504402161
0.0,0.793,0.207,0.9031,0.002549591241404414,0.012545022182166576,0.9849054217338562
0.016,0.778,0.206,0.9772,0.01644868031144142,0.11765387654304504,0.8658974170684814
0.0,0.642,0.358,0.9136,0.002714393427595496,0.00706924544647336,0.9902163743972778
0.129,0.778,0.093,-0.4689,0.41985219717025757,0.35279059410095215,0.2273571789264679
0.205,0.795,0.0,-0.6588,0.9567910432815552,0.0358673632144928,0.007341619115322828
0.044,0.673,0.283,0.9491,0.10463443398475647,0.16121558845043182,0.7341499924659729
0.063,0.879,0.058,0.1434,0.7383120059967041,0.23036615550518036,0.031321827322244644
0.0,0.708,0.292,0.765,0.011622939258813858,0.0348392017185688,0.9535378217697144
0.0,0.644,0.356,0.9118,0.0038974573835730553,0.013845624402165413,0.9822569489479065
0.143,0.778,0.079,-0.2192,0.018744787201285362,0.05569446459412575,0.9255607724189758
0.0,0.737,0.263,0.9899,0.002461336785927415,0.01835249364376068,0.9791862368583679
0.068,0.768,0.165,0.4885,0.46888789534568787,0.37302690744400024,0.1580851972103119
0.069,0.814,0.118,0.2838,0.2864181399345398,0.2245577871799469,0.4890241026878357
0.0,1.0,0.0,0.0,0.0038797708693891764,0.03586306422948837,0.9602571725845337
0.0,0.847,0.153,0.8225,0.02100137248635292,0.3570288419723511,0.6219698190689087
0.043,0.879,0.078,0.801,0.020603181794285774,0.4861835539340973,0.4932132363319397
0.0,0.686,0.314,0.9766,0.01319924183189869,0.06535598635673523,0.9214447140693665
0.0,0.807,0.193,0.9041,0.006236186716705561,0.018700428307056427,0.9750633835792542
0.0,0.639,0.361,0.9416,0.009832527488470078,0.03826475143432617,0.9519026875495911
0.038,0.769,0.193,0.8776,0.0030316251795738935,0.049846988171339035,0.9471214413642883
0.0,0.856,0.144,0.9148,0.016382360830903053,0.20856286585330963,0.7750548124313354
0.103,0.616,0.281,0.9347,0.031341802328825,0.08702332526445389,0.8816348910331726
0.0,0.799,0.201,0.7783,0.010510026477277279,0.04401450231671333,0.9454754590988159
0.0,0.744,0.256,0.7351,0.0019551890436559916,0.017079755663871765,0.9809650778770447
0.027,0.775,0.198,0.9839,0.017675751820206642,0.05553632229566574,0.9267879724502563
0.121,0.656,0.224,0.8902,0.013469483703374863,0.05172661319375038,0.9348039627075195
0.0,0.761,0.239,0.8999,0.00848436076194048,0.023170344531536102,0.9683453440666199
0.0,0.573,0.427,0.9777,0.017237558960914612,0.08309537172317505,0.8996670246124268
0.087,0.67,0.243,0.8368,0.017258571460843086,0.09880809485912323,0.8839333653450012
0.188,0.561,0.251,0.629,0.8658244609832764,0.10425839573144913,0.029917128384113312
0.1,0.855,0.045,-0.9659,0.7077174186706543,0.2562417984008789,0.03604073449969292
0.031,0.874,0.095,0.6059,0.5670774579048157,0.2629294693470001,0.16999298334121704
0.072,0.798,0.13,0.6669,0.7678338885307312,0.2022893726825714,0.02987673506140709
0.046,0.782,0.172,0.8748,0.35351282358169556,0.327629953622818,0.31885722279548645
0.0,0.753,0.247,0.8485,0.01632021926343441,0.050235990434885025,0.9334437847137451
0.0,0.785,0.215,0.8968,0.003534227143973112,0.06605225056409836,0.9304134845733643
0.025,0.761,0.214,0.9134,0.34886011481285095,0.23600490391254425,0.41513490676879883
0.041,0.702,0.257,0.9742,0.005666576325893402,0.04222388193011284,0.9521095752716064
0.337,0.663,0.0,-0.8932,0.9392250776290894,0.053470443934202194,0.007304451894015074
0.032,0.749,0.219,0.8752,0.006362016778439283,0.01851656101644039,0.9751214385032654
0.086,0.655,0.259,0.7003,0.007875673472881317,0.05271802842617035,0.9394062757492065
0.0,0.732,0.268,0.6701,0.011893427930772305,0.062391169369220734,0.9257153868675232
0.04,0.834,0.126,0.7296,0.024792799726128578,0.07397276908159256,0.9012344479560852
0.0,0.749,0.251,0.8934,0.005117333494126797,0.02374275028705597,0.9711399674415588
0.055,0.787,0.158,0.8724,0.5457770228385925,0.3700092136859894,0.08421380072832108
0.097,0.6,0.303,0.7605,0.0028490202967077494,0.009870464913547039,0.987280547618866
0.067,0.773,0.161,0.8924,0.04605265334248543,0.08909760415554047,0.8648496866226196
0.0,0.592,0.408,0.8847,0.006145563442260027,0.022734645754098892,0.97111976146698
0.085,0.766,0.149,0.694,0.027012193575501442,0.20614808797836304,0.7668397426605225
0.101,0.744,0.155,0.5576,0.01654651202261448,0.06116184964776039,0.9222916960716248
0.114,0.818,0.069,-0.7182,0.0834241732954979,0.25205230712890625,0.6645235419273376
0.056,0.832,0.112,0.8695,0.49501001834869385,0.29413557052612305,0.21085435152053833
0.181,0.649,0.17,0.3365,0.023641396313905716,0.04780406504869461,0.9285545349121094
0.071,0.798,0.131,0.618,0.697595477104187,0.2106548398733139,0.09174967557191849
0.09,0.804,0.107,0.2398,0.034206587821245193,0.0883803591132164,0.8774130940437317
0.027,0.801,0.172,0.8384,0.011714139021933079,0.0757206529378891,0.9125652313232422
0.093,0.754,0.154,0.343,0.3670651614665985,0.299833744764328,0.3331011235713959
0.083,0.77,0.147,0.9784,0.7341967821121216,0.2277129888534546,0.038090240210294724
0.076,0.825,0.099,0.2935,0.831487774848938,0.12318024784326553,0.045332033187150955
0.323,0.677,0.0,-0.9658,0.8961716890335083,0.09180258959531784,0.012025750242173672
0.086,0.891,0.022,-0.7651,0.29670971632003784,0.6308367848396301,0.07245352119207382
0.0,0.836,0.164,0.7089,0.01163560152053833,0.07828209549188614,0.9100822806358337
0.0,0.736,0.264,0.9324,0.002956824144348502,0.0128626748919487,0.9841804504394531
0.038,0.796,0.166,0.9512,0.006690444424748421,0.03203267231583595,0.9612768888473511
0.0,0.647,0.353,0.8847,0.023468924686312675,0.2937496304512024,0.682781457901001
0.0,0.575,0.425,0.8625,0.006247131619602442,0.026009242981672287,0.9677436351776123
0.041,0.902,0.057,-0.1439,0.5255173444747925,0.35921844840049744,0.11526422202587128
0.094,0.768,0.138,0.7451,0.06283486634492874,0.12368912249803543,0.813476026058197
0.0,0.682,0.318,0.9757,0.2875273823738098,0.4441486895084381,0.26832395792007446
0.034,0.885,0.081,0.8978,0.010544078424572945,0.16135530173778534,0.8281006217002869
0.032,0.894,0.075,0.8978,0.009960751980543137,0.15607427060604095,0.833965003490448
0.087,0.613,0.3,0.7648,0.006784152239561081,0.018354712054133415,0.9748611450195312
0.0,0.853,0.147,0.96,0.004434460308402777,0.08725028485059738,0.9083152413368225
0.0,0.695,0.305,0.886,0.008085201494395733,0.030651075765490532,0.9612637162208557
0.0,0.756,0.244,0.8256,0.32817909121513367,0.4912518560886383,0.18056900799274445
0.016,0.822,0.162,0.9437,0.01932031288743019,0.11078652739524841,0.8698931932449341
0.0,0.875,0.125,0.8126,0.01979326829314232,0.19530224800109863,0.784904420375824
0.028,0.773,0.199,0.9681,0.012811683118343353,0.058655738830566406,0.9285325407981873
0.0,0.857,0.143,0.8847,0.011653735302388668,0.09363511204719543,0.8947111964225769
0.0,0.751,0.249,0.9423,0.017898356541991234,0.3364120423793793,0.6456896066665649
0.0,0.699,0.301,0.8953,0.0025329499039798975,0.022153954952955246,0.9753130674362183
0.075,0.592,0.334,0.8481,0.015025646425783634,0.06091165542602539,0.9240627288818359
0.0,0.683,0.317,0.9018,0.0029982016421854496,0.015223205089569092,0.981778621673584
0.049,0.736,0.215,0.8077,0.008309406228363514,0.031279854476451874,0.9604107737541199
0.046,0.867,0.088,0.8807,0.006158914882689714,0.04019015654921532,0.9536508917808533
0.0,0.871,0.129,0.8591,0.026566319167613983,0.08030109852552414,0.8931326270103455
0.0,0.724,0.276,0.8118,0.0046602110378444195,0.02875608205795288,0.9665837287902832
0.072,0.719,0.209,0.6369,0.017365606501698494,0.10713080316781998,0.8755035996437073
0.0,0.67,0.33,0.9667,0.0036125965416431427,0.017919184640049934,0.9784682393074036
0.011,0.868,0.121,0.9446,0.05488123744726181,0.2392125427722931,0.7059062123298645
0.0,0.876,0.124,0.8379,0.016525913029909134,0.11771943420171738,0.8657546639442444
0.06,0.818,0.122,0.8625,0.028270374983549118,0.5140509605407715,0.4576786458492279
0.054,0.755,0.19,0.9197,0.0044331904500722885,0.01353894267231226,0.9820278882980347
0.0,0.84,0.16,0.9766,0.006046709138900042,0.09787152707576752,0.896081805229187
0.045,0.726,0.228,0.9506,0.0034223548136651516,0.015370318666100502,0.9812073111534119
0.08,0.517,0.403,0.8818,0.007515148725360632,0.030626021325588226,0.9618588089942932
0.0,0.831,0.169,0.7096,0.2541007399559021,0.3562208116054535,0.3896784782409668
0.069,0.595,0.336,0.8393,0.007417435757815838,0.058013495057821274,0.9345690608024597
0.065,0.849,0.086,0.0132,0.012021376751363277,0.07390950620174408,0.9140691161155701
0.034,0.804,0.162,0.8834,0.003060128539800644,0.006916144862771034,0.9900237917900085
0.0,1.0,0.0,0.0,0.023080678656697273,0.3368734121322632,0.6400458812713623
0.0,0.903,0.097,0.7891,0.08155898749828339,0.4914465844631195,0.4269944131374359
0.028,0.822,0.151,0.8043,0.1327439546585083,0.49021661281585693,0.37703952193260193
0.026,0.78,0.193,0.8682,0.05378306657075882,0.4131602644920349,0.5330566763877869
0.0,0.826,0.174,0.8126,0.012798985466361046,0.06647290289402008,0.9207280874252319
0.0,0.965,0.035,0.3612,0.09598556905984879,0.533217191696167,0.37079721689224243
0.022,0.828,0.15,0.8379,0.05304113030433655,0.5434249043464661,0.4035339951515198
0.0,0.72,0.28,0.8658,0.011430234648287296,0.19512587785720825,0.7934439182281494
0.085,0.805,0.111,-0.2624,0.26244762539863586,0.42143771052360535,0.316114604473114
0.066,0.86,0.074,-0.1331,0.4399438500404358,0.4712291955947876,0.08882702142000198
0.181,0.745,0.074,-0.9486,0.8728368282318115,0.11617732793092728,0.010985844768583775
0.0,0.741,0.259,0.9661,0.002684588311240077,0.020760612562298775,0.976554811000824
0.0,0.893,0.107,0.9465,0.00315418210811913,0.024057963863015175,0.9727877974510193
0.039,0.715,0.246,0.991,0.03021715022623539,0.12136536091566086,0.8484174609184265
0.154,0.647,0.199,0.2603,0.00816558487713337,0.021675830706954002,0.970158576965332
0.0,0.563,0.437,0.9476,0.003538623685017228,0.008989996276795864,0.9874714016914368
0.0,0.826,0.174,0.9178,0.018760357052087784,0.13850921392440796,0.8427304625511169
0.033,0.732,0.234,0.9793,0.030755093321204185,0.08263443410396576,0.8866104483604431
0.0,0.776,0.224,0.9754,0.03489302098751068,0.21116068959236145,0.7539463043212891
0.19,0.81,0.0,-0.856,0.8224740624427795,0.14899779856204987,0.028528068214654922
0.036,0.833,0.131,0.9087,0.25247225165367126,0.5261255502700806,0.22140224277973175
0.0,0.935,0.065,0.7615,0.6153648495674133,0.3611128032207489,0.02352236397564411
0.101,0.749,0.15,0.1779,0.8796111345291138,0.09895094484090805,0.021437887102365494
0.064,0.761,0.175,0.8883,0.01814042031764984,0.08361058682203293,0.8982489705085754
0.0,0.794,0.206,0.9384,0.07666726410388947,0.29164600372314453,0.6316867470741272
0.044,0.742,0.214,0.9831,0.007579726632684469,0.07981579005718231,0.9126044511795044
0.0,0.806,0.194,0.7184,0.0024889784399420023,0.12698563933372498,0.8705253601074219
0.0,0.68,0.32,0.8733,0.008103114552795887,0.02057328075170517,0.9713236093521118
0.0,0.65,0.35,0.8658,0.002798665314912796,0.009752376936376095,0.9874489307403564
0.043,0.845,0.111,0.5066,0.06860727071762085,0.2730855941772461,0.6583071351051331
0.0,0.909,0.091,0.6369,0.0059227971360087395,0.02464166283607483,0.9694355130195618
0.0,0.565,0.435,0.9531,0.005794844590127468,0.01719105988740921,0.9770141243934631
0.0,0.818,0.182,0.7177,0.010213219560682774,0.0653737410902977,0.9244130253791809
0.115,0.848,0.037,-0.8264,0.8895398378372192,0.09926879405975342,0.01119136530905962
0.0,0.679,0.321,0.9693,0.0036566946655511856,0.009915272705256939,0.9864280819892883
0.08,0.692,0.228,0.792,0.09355202317237854,0.20889486372470856,0.6975531578063965
0.025,0.883,0.092,0.7193,0.25706246495246887,0.40454885363578796,0.33838871121406555
0.026,0.764,0.21,0.9846,0.4744500517845154,0.40185511112213135,0.12369484454393387
0.097,0.827,0.076,-0.0554,0.8125271797180176,0.1684335321187973,0.01903923787176609
0.154,0.637,0.209,0.9078,0.5737425684928894,0.2778475880622864,0.14840981364250183
0.0,0.717,0.283,0.9923,0.006282633636146784,0.028090309351682663,0.9656270742416382
